global_step,step_time_sec,meta_loss,grad_norm,tasks
1,195.4353,0.679758,29.534817,occlusion|clean|occlusion
2,226.8267,0.788107,25.714666,blur|jpeg|crop
3,222.5614,0.689036,21.947415,crop|clean|crop
4,208.5750,0.656028,19.953046,jpeg|jpeg|clean
5,225.7621,0.668908,18.897068,crop|downup50|crop
6,217.7069,0.637983,25.652406,clean|clean|msg_app
7,221.7206,0.668713,27.550656,occlusion|clean|jpeg
8,215.8522,0.651294,19.471179,jpeg|crop|blur
9,217.4187,0.551608,20.690876,clean|clean|occlusion
10,217.2209,0.652172,25.775017,jpeg|jpeg|jpeg
11,182.6810,0.584393,20.939922,clean|crop|crop
12,113.9710,0.561174,19.441954,occlusion|downup50|msg_app
13,115.3766,0.647022,22.187367,blur|blur|clean
14,114.6631,0.572473,17.304611,crop|blur|clean
15,122.3798,0.612515,22.587042,downup50|msg_app|msg_app
16,174.0146,0.548872,26.457271,clean|blur|blur
17,216.9784,0.546604,19.417207,occlusion|crop|downup50
18,217.6970,0.621521,21.459008,jpeg|msg_app|jpeg
19,217.4708,0.529426,20.437484,crop|downup50|downup50
20,217.4565,0.574387,22.980731,jpeg|crop|blur
21,219.1624,0.475593,23.557162,msg_app|downup50|clean
22,217.4447,0.500055,23.689291,downup50|blur|blur
23,216.0671,0.517797,25.038358,jpeg|blur|jpeg
24,215.2920,0.427285,21.497672,jpeg|occlusion|crop
25,218.4628,0.483431,33.282750,msg_app|jpeg|downup50
26,224.4746,0.438761,29.146285,blur|downup50|downup50
27,217.0302,0.565552,27.246335,blur|crop|msg_app
28,218.6750,0.546165,42.616492,blur|msg_app|msg_app
29,220.8318,0.424662,62.911305,downup50|crop|jpeg
30,220.2087,0.279077,26.988405,clean|occlusion|jpeg
31,217.9238,0.351033,32.695127,occlusion|crop|downup50
32,218.9001,0.324064,22.562782,clean|downup50|msg_app
33,215.2732,0.327819,30.615358,occlusion|crop|jpeg
34,222.1891,0.502445,39.413631,msg_app|msg_app|msg_app
35,194.0068,0.347775,47.596951,clean|occlusion|crop
36,114.2115,0.390422,42.001684,occlusion|blur|jpeg
37,116.1913,0.328071,27.681266,clean|downup50|crop
38,113.7203,0.173457,31.387138,clean|downup50|blur
39,186.4150,0.364072,29.883615,downup50|crop|crop
40,264.8918,0.390887,30.596452,jpeg|blur|crop
41,269.0427,0.371980,33.692237,clean|downup50|blur
42,240.9487,0.237100,21.335912,occlusion|jpeg|clean
43,216.9400,0.338153,43.073241,downup50|blur|occlusion
44,224.6401,0.314955,49.625964,crop|downup50|jpeg
45,240.5684,0.224856,34.780320,occlusion|msg_app|clean
46,220.5097,0.335597,28.260105,occlusion|jpeg|msg_app
47,217.4576,0.219131,38.986327,crop|clean|jpeg
48,223.6783,0.341275,33.119187,downup50|crop|occlusion
49,204.8363,0.487842,36.261226,blur|msg_app|msg_app
50,204.1576,0.323855,33.122254,crop|downup50|downup50
51,204.5330,0.256798,28.450019,clean|jpeg|blur
52,204.3759,0.208045,21.348976,downup50|occlusion|occlusion
53,204.3348,0.392629,37.239772,crop|blur|clean
54,204.6448,0.307473,45.242925,blur|occlusion|msg_app
55,203.7301,0.233416,39.640248,downup50|crop|occlusion
56,204.7333,0.270745,33.193568,downup50|crop|downup50
57,204.2339,0.159871,26.833420,downup50|downup50|clean
58,204.4256,0.124011,15.847893,clean|jpeg|clean
59,204.2426,0.194626,35.248333,blur|clean|crop
60,204.1266,0.349336,35.611246,crop|occlusion|blur
61,203.8950,0.243932,48.548595,crop|clean|blur
62,203.7228,0.515197,55.092464,msg_app|msg_app|clean
63,203.4854,0.279900,52.325488,crop|clean|crop
64,203.1747,0.160392,34.434721,jpeg|downup50|downup50
65,204.3418,0.244427,36.304075,blur|jpeg|clean
66,203.6526,0.124719,42.027188,clean|downup50|jpeg
67,203.9915,0.280496,46.537463,blur|occlusion|msg_app
68,203.6458,0.139305,42.551978,blur|clean|downup50
69,203.2108,0.236854,38.066428,downup50|crop|blur
70,203.8665,0.351682,45.143070,jpeg|clean|msg_app
71,203.7151,0.269593,55.015362,msg_app|blur|occlusion
72,204.2425,0.194917,43.173851,crop|jpeg|blur
73,203.8817,0.072416,25.064965,downup50|downup50|downup50
74,203.9231,0.255999,44.426191,downup50|jpeg|msg_app
75,203.8246,0.425336,38.055726,blur|clean|jpeg
76,203.6610,0.349357,38.793064,downup50|msg_app|jpeg
77,204.8450,0.508965,40.202295,msg_app|crop|jpeg
78,204.3386,0.236885,39.588909,crop|jpeg|clean
79,204.4261,0.297246,47.944252,msg_app|msg_app|occlusion
80,203.2923,0.273045,41.870341,jpeg|jpeg|occlusion
81,203.9618,0.150879,24.025780,downup50|occlusion|downup50
82,203.5447,0.479043,61.808939,msg_app|crop|jpeg
83,202.8605,0.229371,56.356749,crop|occlusion|clean
84,204.2943,0.134082,32.933968,blur|blur|clean
85,203.4725,0.089312,16.669832,clean|occlusion|downup50
86,203.8880,0.127486,36.914784,downup50|crop|clean
87,203.8264,0.255951,31.463975,crop|downup50|crop
88,203.8561,0.382889,37.233007,clean|crop|msg_app
89,203.1088,0.281146,45.017890,blur|clean|crop
90,204.0132,0.467264,40.366738,blur|crop|downup50
91,203.8648,0.219824,24.065936,msg_app|occlusion|downup50
92,204.0695,0.424192,39.912697,msg_app|msg_app|msg_app
93,203.9663,0.166852,31.556197,occlusion|clean|blur
94,203.4696,0.122802,27.519768,occlusion|downup50|blur
95,204.0395,0.160448,38.428643,occlusion|crop|blur
96,203.9181,0.183028,28.251612,blur|jpeg|clean
97,203.8151,0.163277,23.937725,clean|jpeg|blur
98,204.0187,0.076328,17.894789,occlusion|clean|crop
99,203.7040,0.114126,29.444069,crop|downup50|occlusion
100,204.2385,0.106831,24.594985,jpeg|clean|jpeg
101,203.4525,0.564589,41.548976,crop|jpeg|msg_app
102,203.4834,0.457600,29.414384,crop|blur|clean
103,204.2894,0.286884,30.103827,blur|crop|clean
104,204.4297,0.264392,25.384695,msg_app|jpeg|clean
105,203.7123,0.109545,18.029952,occlusion|clean|crop
106,204.0231,0.370156,49.922187,crop|msg_app|msg_app
107,204.4306,0.313877,60.528808,jpeg|downup50|jpeg
108,203.2437,0.263063,42.500669,blur|blur|clean
109,203.8010,0.180055,37.485094,clean|jpeg|msg_app
110,205.1957,0.173581,45.520911,jpeg|downup50|jpeg
111,205.3853,0.315651,32.199850,msg_app|blur|occlusion
112,205.1036,0.348502,34.768350,msg_app|crop|downup50
113,204.9239,0.293189,35.646568,downup50|msg_app|crop
114,206.5666,0.068561,30.804850,downup50|occlusion|msg_app
115,205.0106,0.214468,31.990168,blur|msg_app|downup50
116,204.8630,0.121873,50.799998,downup50|jpeg|jpeg
117,204.4453,0.020258,14.692946,occlusion|clean|occlusion
118,206.7106,0.012802,7.923442,occlusion|occlusion|clean
119,205.0958,0.315490,48.706688,crop|downup50|blur
120,203.6769,0.163739,43.948470,jpeg|crop|crop
121,203.7070,0.449998,34.779199,blur|msg_app|blur
122,203.9640,0.272271,36.645583,jpeg|msg_app|blur
123,203.8811,0.185069,17.507499,downup50|downup50|blur
124,204.0749,0.272310,44.103341,blur|msg_app|downup50
125,203.8975,0.060195,32.219927,clean|downup50|jpeg
126,204.0173,0.403187,41.160706,crop|crop|jpeg
127,204.1147,0.252486,24.381204,crop|downup50|clean
128,204.6250,0.423346,33.992896,blur|msg_app|jpeg
129,204.0038,0.240180,36.240550,jpeg|blur|blur
130,204.6348,0.165475,22.398751,crop|blur|downup50
131,204.3266,0.291777,40.608460,msg_app|blur|msg_app
132,204.3408,0.377000,38.174247,blur|msg_app|msg_app
133,204.1089,0.283123,46.653776,msg_app|jpeg|crop
134,204.2583,0.437482,45.587869,blur|blur|blur
135,203.3792,0.194477,24.058427,jpeg|clean|crop
136,204.3586,0.261248,28.932473,downup50|msg_app|jpeg
137,203.4781,0.253224,34.471478,msg_app|occlusion|jpeg
138,203.4956,0.346767,31.070784,msg_app|occlusion|clean
139,204.0637,0.197684,20.958660,crop|blur|jpeg
140,204.0836,0.200574,23.098493,occlusion|msg_app|msg_app
141,204.0366,0.115747,27.263694,crop|downup50|clean
142,204.0189,0.228128,42.540206,occlusion|jpeg|msg_app
143,204.0080,0.274315,28.560328,crop|occlusion|clean
144,204.5718,0.168257,12.625718,jpeg|clean|blur
145,204.7342,0.259635,22.084426,blur|blur|crop
146,203.9820,0.141175,28.370498,occlusion|occlusion|msg_app
147,204.8046,0.146528,12.013512,clean|occlusion|jpeg
148,204.1328,0.142132,43.140642,blur|clean|blur
149,204.2565,0.226594,32.209763,jpeg|jpeg|msg_app
150,204.5622,0.402560,42.074047,crop|blur|msg_app
151,203.8230,0.231764,37.357133,blur|crop|crop
152,203.6751,0.216878,24.072459,occlusion|jpeg|msg_app
153,203.5862,0.170836,17.480620,blur|blur|downup50
154,202.5210,0.214038,20.480652,downup50|blur|clean
155,203.3581,0.068104,26.387000,clean|clean|blur
156,203.7112,0.270988,29.978623,crop|msg_app|jpeg
157,203.7085,0.218295,20.825250,downup50|msg_app|jpeg
158,203.4983,0.158900,17.367972,clean|clean|blur
159,204.0627,0.244420,28.326065,crop|crop|clean
160,203.3264,0.189257,22.551906,msg_app|clean|blur
161,203.5466,0.348416,24.777446,clean|blur|jpeg
162,203.9419,0.095075,18.532150,jpeg|downup50|downup50
163,203.7365,0.186559,31.798118,clean|blur|crop
164,204.6610,0.178888,26.926129,msg_app|downup50|blur
165,203.7351,0.131890,29.799483,crop|clean|clean
166,204.5003,0.126653,23.806197,clean|downup50|msg_app
167,203.7647,0.147540,16.508011,clean|blur|blur
168,203.3106,0.206715,24.401991,blur|msg_app|jpeg
169,204.4570,0.202318,26.353105,crop|clean|msg_app
170,203.2183,0.106078,12.849874,blur|clean|clean
171,204.2120,0.180457,25.130925,occlusion|jpeg|crop
172,203.6878,0.202658,42.592571,downup50|msg_app|crop
173,203.4799,0.078040,17.070857,blur|occlusion|blur
174,203.9215,0.045871,12.411196,clean|downup50|blur
175,204.1372,0.057280,16.206698,downup50|clean|blur
176,203.7768,0.052200,11.393367,clean|jpeg|downup50
177,204.5391,0.207487,50.536093,jpeg|msg_app|blur
178,204.7405,0.161365,29.636897,jpeg|clean|blur
179,203.9089,0.316322,36.704772,crop|clean|crop
180,203.9880,0.205843,33.600580,msg_app|crop|clean
181,203.8292,0.243567,33.112460,crop|jpeg|occlusion
182,203.8468,0.178707,31.872660,crop|blur|blur
183,204.5729,0.164963,33.612920,msg_app|crop|jpeg
184,203.7520,0.035998,18.805405,jpeg|downup50|downup50
185,204.3730,0.382839,30.772466,msg_app|blur|crop
186,203.4640,0.191026,29.287443,jpeg|downup50|msg_app
187,204.5618,0.350381,29.551045,msg_app|blur|msg_app
188,203.7996,0.137262,37.748243,jpeg|jpeg|jpeg
189,203.7364,0.094410,21.311754,downup50|crop|crop
190,204.0784,0.097047,9.635958,downup50|jpeg|occlusion
191,203.6770,0.111264,24.460620,jpeg|clean|blur
192,203.4869,0.226425,30.974556,downup50|msg_app|msg_app
193,203.3987,0.124204,44.313154,downup50|downup50|jpeg
194,202.9684,0.063897,11.080517,clean|occlusion|jpeg
195,203.2311,0.150481,29.359778,occlusion|crop|clean
196,203.0051,0.280965,29.829769,downup50|crop|crop
197,203.7078,0.106813,32.045955,clean|downup50|msg_app
198,203.4286,0.143643,42.291189,msg_app|msg_app|crop
199,203.7483,0.034314,11.925404,occlusion|clean|blur
200,203.5897,0.202263,27.635342,msg_app|crop|downup50
201,203.7102,0.114598,30.176045,occlusion|msg_app|jpeg
202,204.6818,0.052570,21.334583,jpeg|occlusion|jpeg
203,204.2672,0.131605,28.429949,jpeg|jpeg|blur
204,204.3177,0.085763,19.600774,blur|crop|downup50
205,203.6572,0.310360,38.772861,crop|msg_app|jpeg
206,203.3587,0.122686,11.949182,crop|clean|downup50
207,203.3194,0.211672,29.949562,msg_app|downup50|downup50
208,202.8438,0.139947,16.234293,jpeg|msg_app|downup50
209,203.6964,0.161416,15.044360,occlusion|crop|jpeg
210,203.8664,0.358719,25.444532,msg_app|crop|crop
211,203.1167,0.075411,24.437376,occlusion|jpeg|clean
212,203.3359,0.141276,19.671286,msg_app|jpeg|jpeg
213,203.4380,0.274754,24.976657,msg_app|jpeg|clean
214,203.7516,0.037289,5.486401,downup50|clean|downup50
215,203.5670,0.064845,9.100776,occlusion|downup50|blur
216,203.5787,0.108155,21.937248,jpeg|jpeg|jpeg
217,203.0500,0.098532,17.865007,jpeg|clean|jpeg
218,203.8188,0.136410,15.058328,clean|crop|jpeg
219,203.2834,0.259054,47.099637,blur|msg_app|clean
220,203.1174,0.175815,35.489444,clean|msg_app|jpeg
221,203.5589,0.177820,32.945415,downup50|crop|msg_app
222,204.4550,0.358467,28.424472,msg_app|crop|msg_app
223,203.8882,0.197630,33.973329,occlusion|blur|crop
224,203.6830,0.268654,59.891908,msg_app|msg_app|msg_app
225,204.0462,0.080312,31.376023,blur|msg_app|downup50
226,203.7132,0.114834,22.739853,downup50|clean|msg_app
227,203.8936,0.320413,33.184578,crop|clean|msg_app
228,203.6166,0.183932,15.221070,jpeg|occlusion|msg_app
229,203.3090,0.175288,16.188459,blur|crop|downup50
230,203.9369,0.209924,28.358064,crop|jpeg|crop
231,203.3948,0.103574,9.033113,downup50|occlusion|jpeg
232,203.7858,0.098078,15.080502,clean|jpeg|jpeg
233,202.9641,0.318539,22.581549,occlusion|crop|occlusion
234,203.4728,0.143491,31.792894,clean|crop|msg_app
235,204.0400,0.256985,26.203896,blur|crop|blur
236,204.3607,0.166139,28.222993,msg_app|clean|occlusion
237,204.4319,0.125143,27.846219,blur|occlusion|msg_app
238,203.8096,0.201904,30.559829,crop|msg_app|blur
239,204.0914,0.145911,23.107952,blur|occlusion|crop
240,204.3812,0.046417,10.194576,blur|occlusion|clean
241,203.5261,0.036217,21.088647,crop|clean|downup50
242,204.1102,0.268489,13.016647,jpeg|crop|clean
243,204.2389,0.250519,19.607958,clean|blur|jpeg
244,203.8176,0.115033,26.088736,msg_app|crop|crop
245,203.8282,0.108838,18.676491,blur|crop|occlusion
246,203.6231,0.192621,33.906341,clean|crop|jpeg
247,202.9719,0.021445,3.404105,occlusion|occlusion|clean
248,203.0740,0.216859,22.041178,crop|jpeg|msg_app
249,203.7807,0.025688,3.067174,downup50|occlusion|downup50
250,203.2221,0.010066,3.386694,occlusion|clean|occlusion
251,204.0737,0.026309,17.742808,occlusion|downup50|blur
252,203.7592,0.253971,28.373965,downup50|crop|blur
253,203.9372,0.243733,15.257365,msg_app|occlusion|blur
254,204.3770,0.110479,24.577757,blur|blur|downup50
255,204.4185,0.096828,27.002869,downup50|clean|occlusion
256,204.3593,0.097420,18.162960,jpeg|occlusion|clean
257,203.9424,0.201621,54.035240,crop|msg_app|msg_app
258,204.4951,0.240475,28.958013,crop|msg_app|blur
259,204.1099,0.028684,15.255814,jpeg|occlusion|clean
260,204.1258,0.096961,28.670228,blur|crop|crop
261,203.9873,0.044342,7.466590,clean|downup50|jpeg
262,203.9849,0.288006,30.105115,occlusion|crop|msg_app
263,204.5488,0.060430,21.931218,msg_app|blur|occlusion
264,203.8860,0.188249,28.173278,downup50|occlusion|jpeg
265,204.6173,0.101022,9.906260,clean|clean|occlusion
266,204.0980,0.042054,8.180915,occlusion|occlusion|occlusion
267,190.6880,0.132828,18.072163,msg_app|occlusion|occlusion
268,120.8186,0.252403,27.687460,crop|jpeg|crop
269,112.4815,0.067897,35.650536,blur|msg_app|clean
270,118.2779,0.186950,27.807717,crop|jpeg|jpeg
271,115.5556,0.117041,8.923074,jpeg|clean|clean
272,113.8695,0.038496,11.334451,jpeg|jpeg|occlusion
273,115.5339,0.065597,21.196064,occlusion|crop|occlusion
274,114.4407,0.164813,31.198482,crop|clean|jpeg
275,113.9471,0.052675,22.406763,blur|occlusion|blur
276,114.1243,0.017724,12.007969,downup50|occlusion|blur
277,115.5085,0.163077,9.475244,occlusion|msg_app|clean
278,113.3101,0.043722,4.312196,clean|occlusion|downup50
279,115.6300,0.116569,25.322479,jpeg|crop|msg_app
280,117.6817,0.225566,19.593242,occlusion|occlusion|msg_app
281,115.2474,0.109991,9.161930,blur|downup50|jpeg
282,113.0602,0.068388,14.287133,blur|downup50|blur
283,115.7998,0.346408,34.278182,msg_app|msg_app|msg_app
284,113.0087,0.179347,22.830352,crop|downup50|downup50
285,113.5701,0.230665,36.846629,msg_app|occlusion|crop
286,132.8628,0.100898,18.240789,msg_app|occlusion|occlusion
287,226.3963,0.115123,19.302041,clean|msg_app|crop
288,226.1907,0.057695,8.765797,blur|occlusion|occlusion
289,232.4852,0.190014,9.257440,jpeg|blur|occlusion
290,194.8192,0.195195,21.397517,blur|jpeg|crop
291,253.6895,0.081262,10.971294,msg_app|downup50|clean
292,277.5471,0.199644,19.130654,jpeg|occlusion|crop
293,323.9361,0.054081,15.393084,clean|crop|downup50
294,295.6258,0.129615,14.800685,clean|blur|crop
295,250.4678,0.026163,9.274541,downup50|jpeg|occlusion
296,244.8981,0.094602,28.535042,blur|downup50|msg_app
297,235.2711,0.063283,20.573119,msg_app|clean|occlusion
298,233.2958,0.035950,16.749449,occlusion|jpeg|clean
299,232.0314,0.039942,7.877755,clean|clean|occlusion
300,234.6762,0.013011,9.469638,occlusion|downup50|downup50
301,237.7534,0.170981,38.418855,jpeg|blur|jpeg
302,245.2166,0.090268,18.346938,msg_app|occlusion|clean
303,243.4678,0.140011,23.014850,clean|blur|msg_app
304,252.9620,0.297802,33.570160,msg_app|occlusion|crop
305,258.9032,0.068141,30.287238,occlusion|msg_app|blur
306,325.6241,0.031844,9.726574,occlusion|clean|blur
307,236.7114,0.029831,26.852168,msg_app|jpeg|occlusion
308,235.7827,0.151718,13.934963,blur|jpeg|msg_app
309,249.1699,0.068666,18.527736,jpeg|clean|occlusion
310,245.7492,0.219888,19.758016,blur|blur|jpeg
311,226.3863,0.131231,18.277472,clean|blur|msg_app
312,232.8990,0.173655,11.492366,jpeg|blur|clean
313,234.0637,0.075063,9.992999,occlusion|jpeg|clean
314,243.3992,0.095364,15.113926,blur|clean|jpeg
315,239.3075,0.147420,23.051319,msg_app|jpeg|jpeg
316,237.0290,0.156053,43.275231,crop|clean|msg_app
317,236.5443,0.062323,13.191608,clean|blur|blur
318,236.3870,0.100946,7.146310,jpeg|jpeg|clean
319,233.2541,0.263044,28.716703,msg_app|msg_app|msg_app
320,233.9181,0.245243,29.829033,msg_app|blur|crop
321,256.9463,0.119887,27.591834,blur|crop|clean
322,262.4136,0.188203,22.639766,clean|jpeg|crop
323,253.6231,0.122413,24.856788,crop|downup50|blur
324,238.5276,0.046349,8.497972,occlusion|jpeg|blur
325,232.2299,0.166473,21.223486,clean|msg_app|crop
326,240.4184,0.058480,14.708708,occlusion|jpeg|jpeg
327,235.3701,0.118074,14.575343,occlusion|crop|downup50
328,241.9967,0.085256,19.697285,blur|msg_app|clean
329,234.2962,0.204071,16.071477,msg_app|jpeg|msg_app
330,232.9569,0.165210,18.887279,msg_app|jpeg|msg_app
331,234.2800,0.243672,27.619233,occlusion|crop|downup50
332,234.1555,0.080498,14.068731,clean|blur|crop
333,234.0245,0.138315,11.125254,jpeg|msg_app|clean
334,231.2790,0.022318,5.080590,clean|blur|clean
335,235.1645,0.059918,8.969907,clean|msg_app|blur
336,237.9291,0.043612,5.586184,downup50|occlusion|occlusion
337,235.5800,0.036307,13.168775,blur|clean|clean
338,234.7484,0.090619,27.065507,jpeg|downup50|msg_app
339,233.6354,0.051964,18.372723,blur|occlusion|crop
340,231.5797,0.208635,32.706268,jpeg|crop|crop
341,233.6691,0.062375,12.953331,occlusion|jpeg|downup50
342,234.0407,0.149526,19.815442,crop|clean|downup50
343,233.2704,0.147027,18.245941,downup50|jpeg|jpeg
344,232.8723,0.012228,11.490448,downup50|downup50|downup50
345,234.7286,0.026430,15.691190,jpeg|clean|jpeg
346,233.2838,0.006189,4.628334,downup50|downup50|occlusion
347,233.3490,0.096474,17.444622,crop|occlusion|jpeg
348,237.7442,0.101409,12.004326,blur|msg_app|jpeg
349,245.8181,0.052407,19.181796,blur|blur|downup50
350,237.1097,0.033286,15.673411,crop|blur|clean
351,233.7580,0.062554,23.008848,jpeg|msg_app|clean
352,235.7603,0.129357,22.384447,crop|downup50|msg_app
353,234.0394,0.181938,14.435124,crop|blur|jpeg
354,232.3827,0.143152,25.789803,crop|occlusion|msg_app
355,232.5256,0.129073,21.130338,crop|downup50|msg_app
356,232.9892,0.076976,10.750584,clean|occlusion|msg_app
357,233.2023,0.125558,15.866149,blur|blur|msg_app
358,232.3990,0.081344,15.953120,clean|clean|crop
359,234.1401,0.033694,16.622544,blur|jpeg|downup50
360,232.2920,0.136634,34.353949,jpeg|crop|occlusion
361,235.5446,0.074202,14.335850,occlusion|blur|blur
362,242.3381,0.081573,7.461027,blur|clean|blur
363,228.9021,0.019993,11.304517,clean|clean|jpeg
364,225.7168,0.075600,23.280631,jpeg|clean|msg_app
365,220.7410,0.106479,6.586864,blur|blur|clean
366,219.1915,0.068832,7.253729,blur|occlusion|clean
367,219.8939,0.136106,26.089226,downup50|occlusion|crop
368,218.7566,0.021467,12.879009,jpeg|downup50|clean
369,218.9428,0.130889,25.338440,msg_app|blur|jpeg
370,219.4695,0.096986,25.342989,occlusion|downup50|crop
371,220.0162,0.109652,17.489806,crop|crop|blur
372,220.5829,0.079275,13.290298,jpeg|occlusion|crop
373,220.3191,0.155329,8.844423,downup50|downup50|blur
374,220.4254,0.055653,30.526649,occlusion|blur|blur
375,219.6237,0.062899,34.912109,downup50|occlusion|jpeg
376,217.5737,0.247880,16.856100,jpeg|crop|downup50
377,208.3778,0.005466,5.250429,occlusion|downup50|jpeg
378,208.7511,0.005299,1.949489,occlusion|clean|occlusion
379,209.8364,0.179403,49.722531,jpeg|msg_app|msg_app
380,209.0817,0.178156,27.220554,msg_app|blur|crop
381,210.1592,0.200144,27.398753,msg_app|msg_app|clean
382,208.7198,0.163833,11.211282,jpeg|blur|msg_app
383,209.1764,0.382245,38.161992,occlusion|msg_app|crop
384,208.3459,0.019134,11.183980,downup50|jpeg|clean
385,209.1501,0.289694,31.039858,msg_app|jpeg|crop
386,208.8006,0.076021,17.532382,msg_app|clean|jpeg
387,208.4947,0.128361,19.037355,jpeg|crop|downup50
388,210.4327,0.018733,17.963027,msg_app|clean|downup50
389,208.7660,0.245187,18.926693,msg_app|downup50|crop
390,210.6476,0.175002,28.420113,msg_app|blur|msg_app
391,208.7186,0.160034,24.997532,downup50|crop|jpeg
392,208.8136,0.081160,22.001305,jpeg|downup50|crop
393,208.9795,0.129869,26.249454,jpeg|jpeg|crop
394,208.7518,0.101700,17.223295,clean|crop|occlusion
395,209.8460,0.079270,20.100507,clean|occlusion|crop
396,208.6610,0.057115,8.394627,downup50|jpeg|jpeg
397,209.2645,0.050324,8.867173,occlusion|jpeg|jpeg
398,209.1860,0.037332,9.736437,jpeg|occlusion|blur
399,209.1697,0.118281,13.704006,blur|occlusion|msg_app
400,209.0149,0.041991,6.562552,downup50|clean|clean
401,232.3488,0.023240,7.744929,occlusion|clean|occlusion
402,222.6979,0.151678,18.469697,blur|jpeg|crop
403,235.3136,0.289288,20.091354,crop|clean|crop
404,237.9762,0.062961,11.781067,jpeg|jpeg|clean
405,236.9914,0.198728,25.790034,crop|downup50|crop
406,247.2486,0.038834,15.103495,clean|clean|msg_app
407,246.6731,0.061580,5.724099,occlusion|clean|jpeg
408,245.2186,0.095293,12.770599,jpeg|crop|blur
409,232.5402,0.015748,5.600662,clean|clean|occlusion
410,240.2399,0.122811,10.322275,jpeg|jpeg|jpeg
411,236.8875,0.308432,13.685831,clean|crop|crop
412,227.3193,0.052086,13.663454,occlusion|downup50|msg_app
413,221.0602,0.051193,9.633953,blur|blur|clean
414,210.6272,0.084894,11.689204,crop|blur|clean
415,210.8500,0.140156,20.120263,downup50|msg_app|msg_app
416,210.7485,0.036269,6.238396,clean|blur|blur
417,221.0820,0.046232,16.604358,occlusion|crop|downup50
418,232.1602,0.031298,15.347366,jpeg|msg_app|jpeg
419,234.5784,0.081523,12.511492,crop|downup50|downup50
420,269.3410,0.082335,21.024823,jpeg|crop|blur
421,264.9367,0.048723,16.869437,msg_app|downup50|clean
422,256.4143,0.013779,3.816814,downup50|blur|blur
423,258.5916,0.058873,8.432174,jpeg|blur|jpeg
424,267.6037,0.102492,22.869678,jpeg|occlusion|crop
425,267.2622,0.047791,15.866000,msg_app|jpeg|downup50
426,264.7192,0.012210,11.428542,blur|downup50|downup50
427,253.2060,0.209937,27.365231,blur|crop|msg_app
428,247.5739,0.121217,30.713712,blur|msg_app|msg_app
429,247.8975,0.089926,28.370129,downup50|crop|jpeg
430,246.7572,0.018572,7.130425,clean|occlusion|jpeg
431,248.1950,0.014715,13.637144,occlusion|crop|downup50
432,250.8092,0.027485,14.827272,clean|downup50|msg_app
433,248.9490,0.021682,24.562699,occlusion|crop|jpeg
434,256.5332,0.066908,17.584749,msg_app|msg_app|msg_app
435,249.2581,0.168861,14.293627,clean|occlusion|crop
436,253.4318,0.071132,14.808479,occlusion|blur|jpeg
437,246.0650,0.248984,6.512230,clean|downup50|crop
438,245.7044,0.011899,9.802811,clean|downup50|blur
439,252.8828,0.082912,28.948286,downup50|crop|crop
440,257.9845,0.042522,22.536131,jpeg|blur|crop
441,250.3177,0.015279,9.260063,clean|downup50|blur
442,256.4122,0.020814,3.685198,occlusion|jpeg|clean
443,260.0188,0.012375,20.792083,downup50|blur|occlusion
444,252.2808,0.170061,21.200768,crop|downup50|jpeg
445,249.4589,0.027862,16.255895,occlusion|msg_app|clean
446,249.9813,0.059428,7.033981,occlusion|jpeg|msg_app
447,263.8860,0.104243,16.060858,crop|clean|jpeg
448,253.7763,0.177733,20.241584,downup50|crop|occlusion
449,250.5754,0.067531,14.362243,blur|msg_app|msg_app
450,247.0817,0.040012,16.062701,crop|downup50|downup50
451,251.9484,0.040004,5.313266,clean|jpeg|blur
452,256.5671,0.030210,3.162485,downup50|occlusion|occlusion
453,255.0200,0.164692,14.374748,crop|blur|clean
454,256.3775,0.026196,12.947821,blur|occlusion|msg_app
455,253.7898,0.079412,8.855361,downup50|crop|occlusion
456,247.7954,0.108832,17.693653,downup50|crop|downup50
457,250.5231,0.002859,0.538490,downup50|downup50|clean
458,247.6444,0.005742,3.279854,clean|jpeg|clean
459,249.2397,0.064737,19.034100,blur|clean|crop
460,253.8358,0.141833,22.512291,crop|occlusion|blur
461,250.7716,0.060683,16.992848,crop|clean|blur
462,251.9565,0.047327,6.534791,msg_app|msg_app|clean
463,249.4722,0.171689,31.627740,crop|clean|crop
464,250.5950,0.015806,2.370415,jpeg|downup50|downup50
465,250.3891,0.014564,7.495444,blur|jpeg|clean
466,249.8332,0.009702,1.729862,clean|downup50|jpeg
467,250.0827,0.045500,9.546370,blur|occlusion|msg_app
468,252.4668,0.039022,4.362825,blur|clean|downup50
469,248.5094,0.140521,16.252512,downup50|crop|blur
470,249.2152,0.119687,18.579962,jpeg|clean|msg_app
471,250.5614,0.026446,5.633480,msg_app|blur|occlusion
472,247.8776,0.145092,26.625912,crop|jpeg|blur
473,249.1550,0.003087,1.117044,downup50|downup50|downup50
474,252.2188,0.063130,11.462546,downup50|jpeg|msg_app
475,249.5530,0.017736,13.769333,blur|clean|jpeg
476,249.6417,0.029936,10.302967,downup50|msg_app|jpeg
477,247.9687,0.204393,18.654408,msg_app|crop|jpeg
478,250.1154,0.100378,14.146370,crop|jpeg|clean
479,249.9250,0.139217,14.524870,msg_app|msg_app|occlusion
480,251.7582,0.013013,7.686554,jpeg|jpeg|occlusion
481,248.8783,0.005903,2.231521,downup50|occlusion|downup50
482,248.9174,0.112554,12.541484,msg_app|crop|jpeg
483,250.5094,0.144977,20.506110,crop|occlusion|clean
484,251.1734,0.012803,6.914225,blur|blur|clean
485,243.3193,0.001750,0.959454,clean|occlusion|downup50
486,250.4039,0.071376,14.061158,downup50|crop|clean
487,250.2969,0.123623,25.240222,crop|downup50|crop
488,249.8389,0.225391,23.038957,clean|crop|msg_app
489,252.2041,0.036630,29.197398,blur|clean|crop
490,251.9307,0.086704,8.209101,blur|crop|downup50
491,249.7566,0.038160,4.209089,msg_app|occlusion|downup50
492,251.3545,0.035298,24.419890,msg_app|msg_app|msg_app
493,252.5444,0.012346,2.585522,occlusion|clean|blur
494,251.2151,0.027637,4.366631,occlusion|downup50|blur
495,249.3198,0.078643,11.591075,occlusion|crop|blur
496,229.3905,0.036448,5.748781,blur|jpeg|clean
497,210.9182,0.022860,3.081686,clean|jpeg|blur
498,218.0723,0.019201,5.293058,occlusion|clean|crop
499,209.1343,0.145597,15.477432,crop|downup50|occlusion
500,210.4452,0.019731,4.373702,jpeg|clean|jpeg
501,209.2671,0.104763,9.137479,crop|jpeg|msg_app
502,208.2127,0.178386,12.334223,crop|blur|clean
503,208.8151,0.071192,7.997066,blur|crop|clean
504,208.4415,0.019907,6.451175,msg_app|jpeg|clean
505,208.0822,0.029466,3.689469,occlusion|clean|crop
506,207.3952,0.207364,18.379023,crop|msg_app|msg_app
507,207.1367,0.025519,12.549864,jpeg|downup50|jpeg
508,206.0893,0.009879,8.533677,blur|blur|clean
509,206.5133,0.098053,6.214001,clean|jpeg|msg_app
510,206.9005,0.075220,6.817557,jpeg|downup50|jpeg
511,206.0183,0.024524,15.033102,msg_app|blur|occlusion
512,207.6051,0.269423,29.669660,msg_app|crop|downup50
513,206.4271,0.151782,24.356209,downup50|msg_app|crop
514,207.3251,0.003928,20.632997,downup50|occlusion|msg_app
515,207.6058,0.100843,24.569684,blur|msg_app|downup50
516,206.9310,0.033922,4.791738,downup50|jpeg|jpeg
517,207.5273,0.002417,11.911251,occlusion|clean|occlusion
518,206.4130,0.004530,3.695609,occlusion|occlusion|clean
519,207.3460,0.026117,14.752882,crop|downup50|blur
520,206.6902,0.050268,26.643275,jpeg|crop|crop
521,207.3419,0.064390,20.049064,blur|msg_app|blur
522,207.0835,0.083400,13.638476,jpeg|msg_app|blur
523,207.3064,0.007959,1.889142,downup50|downup50|blur
524,207.2823,0.009812,9.807904,blur|msg_app|downup50
525,206.3608,0.013304,3.963374,clean|downup50|jpeg
526,207.1091,0.125997,26.215095,crop|crop|jpeg
527,207.0358,0.098351,16.537153,crop|downup50|clean
528,207.5765,0.178354,21.290542,blur|msg_app|jpeg
529,207.1024,0.015329,7.057164,jpeg|blur|blur
530,207.8102,0.094580,25.846858,crop|blur|downup50
531,207.4061,0.039917,21.924963,msg_app|blur|msg_app
532,207.2495,0.113602,24.686977,blur|msg_app|msg_app
533,206.8359,0.040205,34.777730,msg_app|jpeg|crop
534,207.1853,0.085860,15.689464,blur|blur|blur
535,206.5276,0.117038,22.101040,jpeg|clean|crop
536,206.7039,0.014230,11.257150,downup50|msg_app|jpeg
537,206.4063,0.073239,16.374977,msg_app|occlusion|jpeg
538,207.7852,0.127793,18.419187,msg_app|occlusion|clean
539,206.8174,0.061211,11.510571,crop|blur|jpeg
540,209.1388,0.024283,20.853741,occlusion|msg_app|msg_app
541,207.3485,0.028483,26.737766,crop|downup50|clean
542,207.4237,0.050498,30.549117,occlusion|jpeg|msg_app
543,207.8812,0.206427,17.168756,crop|occlusion|clean
544,206.6780,0.017677,4.615014,jpeg|clean|blur
545,206.8617,0.168899,10.224730,blur|blur|crop
546,207.0364,0.044565,18.012946,occlusion|occlusion|msg_app
547,207.0080,0.047480,6.334286,clean|occlusion|jpeg
548,206.9718,0.008611,9.274578,blur|clean|blur
549,207.7799,0.020821,16.128896,jpeg|jpeg|msg_app
550,207.4421,0.182690,32.853793,crop|blur|msg_app
551,207.7491,0.316444,19.388252,blur|crop|crop
552,207.3348,0.017303,6.865811,occlusion|jpeg|msg_app
553,207.6238,0.006147,17.805626,blur|blur|downup50
554,207.4998,0.016980,4.036653,downup50|blur|clean
555,206.1920,0.004065,6.222535,clean|clean|blur
556,205.8325,0.129466,16.975892,crop|msg_app|jpeg
557,205.6139,0.005936,13.480909,downup50|msg_app|jpeg
558,206.5910,0.003310,0.645353,clean|clean|blur
559,205.5910,0.094306,23.053241,crop|crop|clean
560,206.0624,0.016023,5.662362,msg_app|clean|blur
561,205.9059,0.128584,8.827602,clean|blur|jpeg
562,205.1230,0.008783,2.214730,jpeg|downup50|downup50
563,206.7656,0.037387,15.909694,clean|blur|crop
564,206.5835,0.004531,2.088689,msg_app|downup50|blur
565,206.0799,0.041274,19.016158,crop|clean|clean
566,206.5072,0.007656,8.281172,clean|downup50|msg_app
567,206.7428,0.004583,14.984565,clean|blur|blur
568,207.0344,0.058463,22.680180,blur|msg_app|jpeg
569,206.2059,0.169743,12.760737,crop|clean|msg_app
570,206.9291,0.026754,6.174195,blur|clean|clean
571,206.8790,0.078492,25.003639,occlusion|jpeg|crop
572,207.1999,0.205700,24.254441,downup50|msg_app|crop
573,206.7451,0.011541,4.499784,blur|occlusion|blur
574,206.4192,0.004719,1.017959,clean|downup50|blur
575,206.7207,0.002428,3.106948,downup50|clean|blur
576,206.6667,0.004624,13.599834,clean|jpeg|downup50
577,207.1141,0.009827,2.665455,jpeg|msg_app|blur
578,206.9530,0.033841,19.903076,jpeg|clean|blur
579,206.7135,0.126039,11.071333,crop|clean|crop
580,206.7604,0.079358,15.115673,msg_app|crop|clean
581,206.3624,0.202923,13.323142,crop|jpeg|occlusion
582,206.9125,0.081169,20.362543,crop|blur|blur
583,206.7586,0.086164,15.887111,msg_app|crop|jpeg
584,207.6202,0.002232,4.691052,jpeg|downup50|downup50
585,206.2380,0.149095,26.163866,msg_app|blur|crop
586,206.3459,0.027216,21.652177,jpeg|downup50|msg_app
587,206.3559,0.072790,9.361441,msg_app|blur|msg_app
588,205.5458,0.038524,26.252414,jpeg|jpeg|jpeg
589,206.4226,0.129885,11.140401,downup50|crop|crop
590,205.7615,0.004542,0.856075,downup50|jpeg|occlusion
591,205.8041,0.011229,12.665969,jpeg|clean|blur
592,206.2699,0.150775,24.064903,downup50|msg_app|msg_app
593,207.2534,0.009049,3.193535,downup50|downup50|jpeg
594,206.2903,0.011901,1.957573,clean|occlusion|jpeg
595,206.2075,0.086102,8.867724,occlusion|crop|clean
596,206.7215,0.242632,24.445611,downup50|crop|crop
597,206.8402,0.033705,15.076614,clean|downup50|msg_app
598,206.4572,0.091808,14.858860,msg_app|msg_app|crop
599,206.5277,0.002697,14.024428,occlusion|clean|blur
600,207.0078,0.164195,26.291887,msg_app|crop|downup50
601,207.0151,0.006935,3.122163,occlusion|msg_app|jpeg
602,206.2169,0.013142,12.407853,jpeg|occlusion|jpeg
603,205.3565,0.061709,8.970682,jpeg|jpeg|blur
604,205.4004,0.015677,2.760251,blur|crop|downup50
605,205.8355,0.082916,13.206835,crop|msg_app|jpeg
606,205.4377,0.064350,8.940667,crop|clean|downup50
607,216.9028,0.050330,7.686482,msg_app|downup50|downup50
608,219.4497,0.057073,14.011931,jpeg|msg_app|downup50
609,215.9662,0.042999,11.650246,occlusion|crop|jpeg
610,221.0592,0.146616,15.927778,msg_app|crop|crop
611,220.5476,0.001218,3.179034,occlusion|jpeg|clean
612,220.7067,0.010929,8.728795,msg_app|jpeg|jpeg
613,221.2140,0.023911,4.181811,msg_app|jpeg|clean
614,217.2618,0.000694,0.108979,downup50|clean|downup50
615,210.6137,0.010445,2.590179,occlusion|downup50|blur
616,210.4348,0.070719,6.393790,jpeg|jpeg|jpeg
617,210.2069,0.006667,2.112829,jpeg|clean|jpeg
618,211.9288,0.033773,5.170201,clean|crop|jpeg
619,207.9714,0.029361,10.420176,blur|msg_app|clean
620,212.2589,0.036050,13.950654,clean|msg_app|jpeg
621,210.2749,0.007863,19.336022,downup50|crop|msg_app
622,220.4450,0.077944,12.996663,msg_app|crop|msg_app
623,221.1133,0.066925,14.690184,occlusion|blur|crop
624,221.5183,0.023790,7.638254,msg_app|msg_app|msg_app
625,224.0601,0.009870,23.634155,blur|msg_app|downup50
626,223.5576,0.148086,14.419696,downup50|clean|msg_app
627,222.0513,0.099229,14.840048,crop|clean|msg_app
628,220.5549,0.066532,12.656041,jpeg|occlusion|msg_app
629,214.0050,0.066957,10.479455,blur|crop|downup50
630,215.9922,0.204051,21.035959,crop|jpeg|crop
631,222.0878,0.002423,0.712727,downup50|occlusion|jpeg
632,219.9071,0.012526,4.777951,clean|jpeg|jpeg
633,215.6259,0.288885,32.267823,occlusion|crop|occlusion
634,215.4444,0.029949,18.797797,clean|crop|msg_app
635,228.5064,0.055618,18.310265,blur|crop|blur
636,227.8691,0.009391,3.600332,msg_app|clean|occlusion
637,223.6535,0.013038,33.847668,blur|occlusion|msg_app
638,223.3089,0.172586,17.503209,crop|msg_app|blur
639,219.7607,0.072226,18.108687,blur|occlusion|crop
640,226.6988,0.000409,2.160285,blur|occlusion|clean
641,229.8582,0.023027,17.793121,crop|clean|downup50
642,229.6688,0.128822,15.330682,jpeg|crop|clean
643,229.8926,0.141812,7.517430,clean|blur|jpeg
644,231.4859,0.071074,22.655546,msg_app|crop|crop
645,233.0787,0.060851,21.140045,blur|crop|occlusion
646,222.0916,0.160488,14.293353,clean|crop|jpeg
647,217.7484,0.011847,5.680043,occlusion|occlusion|clean
648,222.4737,0.271858,43.051624,crop|jpeg|msg_app
649,222.5143,0.001047,0.928694,downup50|occlusion|downup50
650,229.0506,0.000247,2.295045,occlusion|clean|occlusion
651,225.2551,0.002480,0.869907,occlusion|downup50|blur
652,220.3153,0.210807,23.438341,downup50|crop|blur
653,225.0066,0.105330,41.852455,msg_app|occlusion|blur
654,226.7299,0.004986,4.259273,blur|blur|downup50
655,227.0985,0.027768,4.522229,downup50|clean|occlusion
656,216.2714,0.010462,11.940263,jpeg|occlusion|clean
657,219.5316,0.127464,33.531138,crop|msg_app|msg_app
658,212.2673,0.151972,12.904764,crop|msg_app|blur
659,212.1493,0.012340,3.860195,jpeg|occlusion|clean
660,210.9302,0.015342,5.988772,blur|crop|crop
661,211.3719,0.003104,0.682822,clean|downup50|jpeg
662,211.0222,0.077118,15.669970,occlusion|crop|msg_app
663,209.0101,0.003306,17.593728,msg_app|blur|occlusion
664,211.9600,0.019913,21.408063,downup50|occlusion|jpeg
665,208.8266,0.021932,6.744716,clean|clean|occlusion
666,209.0058,0.003637,0.782366,occlusion|occlusion|occlusion
667,209.1036,0.152937,14.283092,msg_app|occlusion|occlusion
668,209.9442,0.174238,25.270733,crop|jpeg|crop
669,209.4154,0.020029,17.228974,blur|msg_app|clean
670,209.8044,0.032894,4.395784,crop|jpeg|jpeg
671,209.2934,0.004064,0.844694,jpeg|clean|clean
672,209.2934,0.016270,5.628027,jpeg|jpeg|occlusion
673,209.7947,0.009204,10.409391,occlusion|crop|occlusion
674,208.6790,0.097913,21.222564,crop|clean|jpeg
675,209.1264,0.013972,4.143096,blur|occlusion|blur
676,209.4751,0.020554,5.815309,downup50|occlusion|blur
677,209.0922,0.037621,21.508821,occlusion|msg_app|clean
678,208.7571,0.001370,0.243280,clean|occlusion|downup50
679,208.2115,0.053670,17.725420,jpeg|crop|msg_app
680,208.8465,0.048848,7.556608,occlusion|occlusion|msg_app
681,208.8623,0.043564,8.691655,blur|downup50|jpeg
682,208.7441,0.037772,6.863275,blur|downup50|blur
683,209.5524,0.147890,23.595854,msg_app|msg_app|msg_app
684,209.3304,0.019062,13.780064,crop|downup50|downup50
685,209.5752,0.040145,21.405271,msg_app|occlusion|crop
686,209.2091,0.023427,4.319340,msg_app|occlusion|occlusion
687,208.8931,0.109629,19.749692,clean|msg_app|crop
688,208.5646,0.059696,22.330228,blur|occlusion|occlusion
689,209.2354,0.010882,2.680984,jpeg|blur|occlusion
690,209.1745,0.148024,15.189558,blur|jpeg|crop
691,208.6584,0.007738,1.268330,msg_app|downup50|clean
692,208.5042,0.097720,12.545009,jpeg|occlusion|crop
693,207.6709,0.054923,14.322312,clean|crop|downup50
694,208.5192,0.015069,6.996868,clean|blur|crop
695,218.8290,0.005414,2.093369,downup50|jpeg|occlusion
696,218.8438,0.010384,18.781968,blur|downup50|msg_app
697,218.7697,0.012189,3.791089,msg_app|clean|occlusion
698,212.3429,0.009700,5.316394,occlusion|jpeg|clean
699,211.9961,0.006735,3.207732,clean|clean|occlusion
700,213.1543,0.010287,2.901123,occlusion|downup50|downup50
701,214.3485,0.086988,7.029579,jpeg|blur|jpeg
702,207.8652,0.011926,2.366445,msg_app|occlusion|clean
703,208.7823,0.013675,10.889019,clean|blur|msg_app
704,208.3319,0.050246,14.373738,msg_app|occlusion|crop
705,209.2993,0.021476,13.380996,occlusion|msg_app|blur
706,208.7281,0.008951,2.117502,occlusion|clean|blur
707,208.2321,0.011758,9.054429,msg_app|jpeg|occlusion
708,208.9433,0.008221,2.546879,blur|jpeg|msg_app
709,208.1501,0.004673,1.559517,jpeg|clean|occlusion
710,208.7953,0.016242,15.250094,blur|blur|jpeg
711,208.4143,0.019409,3.732638,clean|blur|msg_app
712,209.4139,0.005227,15.268551,jpeg|blur|clean
713,208.6127,0.003000,0.586037,occlusion|jpeg|clean
714,208.1731,0.002841,8.975871,blur|clean|jpeg
715,208.5394,0.045230,9.246837,msg_app|jpeg|jpeg
716,208.0030,0.066729,23.620201,crop|clean|msg_app
717,208.7998,0.009261,10.018468,clean|blur|blur
718,208.3712,0.038874,6.877015,jpeg|jpeg|clean
719,208.4464,0.021872,25.655493,msg_app|msg_app|msg_app
720,208.0037,0.087643,11.441786,msg_app|blur|crop
721,208.8514,0.025769,3.665774,blur|crop|clean
722,207.0866,0.109167,11.269736,clean|jpeg|crop
723,207.7617,0.017191,3.476970,crop|downup50|blur
724,207.4890,0.011045,2.893630,occlusion|jpeg|blur
725,207.7785,0.069852,22.459356,clean|msg_app|crop
726,207.8695,0.008297,2.752715,occlusion|jpeg|jpeg
727,207.8124,0.022629,4.083429,occlusion|crop|downup50
728,208.9710,0.002265,1.208259,blur|msg_app|clean
729,207.6744,0.065637,16.292025,msg_app|jpeg|msg_app
730,207.7955,0.049703,8.345626,msg_app|jpeg|msg_app
731,207.6893,0.037900,8.796668,occlusion|crop|downup50
732,207.6211,0.002026,1.940569,clean|blur|crop
733,207.6983,0.005472,2.121376,jpeg|msg_app|clean
734,207.9564,0.001193,0.263567,clean|blur|clean
735,209.4311,0.003265,11.933834,clean|msg_app|blur
736,207.1816,0.017479,15.867128,downup50|occlusion|occlusion
737,207.6384,0.000603,0.358132,blur|clean|clean
738,207.1735,0.029586,5.867401,jpeg|downup50|msg_app
739,207.1238,0.097408,10.912631,blur|occlusion|crop
740,219.4989,0.074678,23.671740,jpeg|crop|crop
741,225.9308,0.002239,0.501774,occlusion|jpeg|downup50
742,222.0384,0.029715,4.338019,crop|clean|downup50
743,215.4391,0.009757,1.678830,downup50|jpeg|jpeg
744,216.4584,0.017326,4.825466,downup50|downup50|downup50
745,216.2394,0.021408,5.838368,jpeg|clean|jpeg
746,219.1861,0.000561,1.035326,downup50|downup50|occlusion
747,209.6432,0.078163,7.042259,crop|occlusion|jpeg
748,210.8805,0.012477,32.132017,blur|msg_app|jpeg
749,210.7763,0.013800,9.856170,blur|blur|downup50
750,209.8320,0.014212,4.430722,crop|blur|clean
751,209.7964,0.060913,8.560475,jpeg|msg_app|clean
752,210.6620,0.240823,28.075436,crop|downup50|msg_app
753,210.2580,0.094257,10.990993,crop|blur|jpeg
754,209.6968,0.166189,9.261451,crop|occlusion|msg_app
755,211.2500,0.119478,9.409861,crop|downup50|msg_app
756,209.9264,0.080324,9.267925,clean|occlusion|msg_app
757,210.4944,0.033126,5.991217,blur|blur|msg_app
758,209.9615,0.045508,9.548337,clean|clean|crop
759,209.6260,0.003526,1.311067,blur|jpeg|downup50
760,210.3678,0.034122,7.947867,jpeg|crop|occlusion
761,211.2535,0.025743,4.786874,occlusion|blur|blur
762,211.1065,0.058550,7.530248,blur|clean|blur
763,210.0724,0.000732,3.140831,clean|clean|jpeg
764,210.1233,0.005151,11.988088,jpeg|clean|msg_app
765,209.7561,0.075390,7.865412,blur|blur|clean
766,209.8286,0.003468,0.458301,blur|occlusion|clean
767,209.8841,0.147599,21.938229,downup50|occlusion|crop
768,208.6451,0.001184,2.318124,jpeg|downup50|clean
769,209.9424,0.006103,1.464619,msg_app|blur|jpeg
770,208.7720,0.013962,2.287846,occlusion|downup50|crop
771,209.9432,0.048847,13.925391,crop|crop|blur
772,209.7473,0.013220,5.627527,jpeg|occlusion|crop
773,208.7695,0.002941,0.621810,downup50|downup50|blur
774,210.3852,0.008662,4.616403,occlusion|blur|blur
775,212.4659,0.011604,9.997708,downup50|occlusion|jpeg
776,209.3177,0.141105,9.001023,jpeg|crop|downup50
777,208.7852,0.002648,0.969483,occlusion|downup50|jpeg
778,209.3516,0.001376,0.249615,occlusion|clean|occlusion
779,209.6748,0.066708,7.438661,jpeg|msg_app|msg_app
780,209.9298,0.026188,15.094418,msg_app|blur|crop
781,209.5461,0.093941,8.567376,msg_app|msg_app|clean
782,209.6388,0.019618,6.267687,jpeg|blur|msg_app
783,209.5456,0.154981,8.237336,occlusion|msg_app|crop
784,209.5290,0.016768,3.125876,downup50|jpeg|clean
785,211.0174,0.140449,15.050835,msg_app|jpeg|crop
786,212.1073,0.028118,5.483206,msg_app|clean|jpeg
787,211.4646,0.019498,12.546514,jpeg|crop|downup50
788,212.2578,0.002371,6.659053,msg_app|clean|downup50
789,210.7306,0.068722,11.235928,msg_app|downup50|crop
790,211.6695,0.034827,11.812765,msg_app|blur|msg_app
791,210.7577,0.139526,9.682749,downup50|crop|jpeg
792,210.2248,0.013218,6.941942,jpeg|downup50|crop
793,211.4066,0.070222,23.149921,jpeg|jpeg|crop
794,209.9307,0.029220,4.117376,clean|crop|occlusion
795,209.6118,0.024095,7.463796,clean|occlusion|crop
796,209.7985,0.004113,2.905122,downup50|jpeg|jpeg
797,209.8412,0.018471,4.952058,occlusion|jpeg|jpeg
798,209.5443,0.012296,2.615979,jpeg|occlusion|blur
799,210.1190,0.044497,6.752535,blur|occlusion|msg_app
800,209.7958,0.000288,0.445503,downup50|clean|clean
801,210.4892,0.000526,0.852343,blur|downup50|downup50
802,210.0984,0.023658,19.640229,jpeg|downup50|blur
803,212.7651,0.033922,22.334363,jpeg|clean|msg_app
804,210.1295,0.173328,31.066505,msg_app|jpeg|crop
805,210.1924,0.004976,11.458837,clean|downup50|blur
806,210.1789,0.017844,23.908965,jpeg|downup50|msg_app
807,209.1534,0.010952,32.701791,occlusion|msg_app|crop
808,211.3898,0.003384,6.540463,clean|clean|msg_app
809,209.4957,0.031313,17.794871,downup50|jpeg|msg_app
810,211.1766,0.078576,26.244616,occlusion|msg_app|crop
811,216.4630,0.049764,20.987740,crop|clean|jpeg
812,215.8192,0.236227,25.807892,downup50|occlusion|crop
813,216.6766,0.272460,45.383232,crop|msg_app|blur
814,214.4416,0.017467,11.392149,downup50|occlusion|msg_app
815,215.1274,0.014904,7.723204,clean|clean|blur
816,215.4814,0.060594,39.093327,msg_app|jpeg|blur
817,216.5267,0.001729,0.393790,downup50|downup50|occlusion
818,214.8028,0.019064,18.029477,clean|occlusion|jpeg
819,215.4148,0.048811,16.965746,occlusion|clean|msg_app
820,214.9409,0.044148,16.509895,blur|blur|downup50
821,215.6904,0.005673,1.405218,clean|blur|blur
822,216.0870,0.080745,15.894114,downup50|downup50|crop
823,215.6144,0.031614,6.522949,blur|downup50|blur
824,215.0569,0.011884,13.653997,downup50|clean|downup50
825,214.4522,0.084752,16.934583,occlusion|downup50|crop
826,215.6118,0.093389,22.032311,jpeg|crop|clean
827,214.4223,0.172057,35.130303,msg_app|crop|jpeg
828,214.9660,0.004021,17.200946,jpeg|occlusion|clean
829,213.6173,0.187869,31.205790,occlusion|crop|crop
830,215.4262,0.059905,17.069814,blur|msg_app|blur
831,214.6450,0.120783,34.305514,msg_app|blur|msg_app
832,214.5415,0.092875,19.665046,msg_app|blur|jpeg
833,214.9697,0.011779,2.535898,occlusion|jpeg|downup50
834,213.5216,0.002883,0.379813,clean|clean|occlusion
835,215.0139,0.249830,18.720647,clean|crop|blur
836,213.7376,0.041188,8.051466,downup50|msg_app|jpeg
837,216.2082,0.085294,17.376362,msg_app|crop|crop
838,214.1419,0.021040,5.989779,jpeg|blur|downup50
839,215.0211,0.133434,19.741792,crop|crop|downup50
840,215.3038,0.010553,3.927439,occlusion|clean|clean
841,215.3695,0.068910,5.297635,jpeg|blur|clean
842,215.3137,0.133176,8.104079,crop|downup50|jpeg
843,214.3958,0.019239,18.188095,jpeg|msg_app|msg_app
844,215.2819,0.027570,19.188207,occlusion|jpeg|crop
845,213.2681,0.074074,20.780133,occlusion|jpeg|crop
846,215.1724,0.051783,9.415136,occlusion|msg_app|downup50
847,214.8378,0.009125,4.059121,downup50|msg_app|downup50
848,214.7707,0.197451,27.584871,crop|crop|crop
849,214.7221,0.068921,27.610592,msg_app|occlusion|blur
850,215.6268,0.209739,27.663625,crop|occlusion|occlusion
851,216.4907,0.285821,28.124964,downup50|msg_app|crop
852,214.6684,0.009143,3.115160,downup50|blur|downup50
853,215.5757,0.021673,3.805934,occlusion|occlusion|occlusion
854,215.3958,0.063619,34.841449,downup50|blur|crop
855,215.3826,0.179904,27.663627,crop|crop|jpeg
856,213.9505,0.139173,14.149154,occlusion|blur|jpeg
857,216.0383,0.007058,1.237791,downup50|occlusion|downup50
858,214.9694,0.265153,24.612444,msg_app|crop|downup50
859,214.8866,0.253618,22.157657,msg_app|crop|blur
860,215.2783,0.020203,23.020733,crop|occlusion|occlusion
861,210.0227,0.003916,10.662212,clean|downup50|occlusion
862,208.9704,0.166823,19.218247,occlusion|crop|msg_app
863,209.2956,0.050469,5.424340,blur|downup50|blur
864,209.6709,0.059458,7.629957,clean|jpeg|downup50
865,208.3718,0.012422,9.455858,blur|occlusion|jpeg
866,209.2543,0.413818,13.818517,blur|blur|crop
867,207.8551,0.051063,12.460763,msg_app|clean|jpeg
868,208.1023,0.024470,13.807087,jpeg|crop|clean
869,208.3574,0.072102,8.371297,msg_app|jpeg|clean
870,207.7272,0.139428,16.350591,crop|crop|downup50
871,208.7632,0.004361,1.605274,occlusion|occlusion|downup50
872,208.4129,0.019011,12.309491,clean|msg_app|blur
873,208.6497,0.012548,3.092583,clean|msg_app|downup50
874,208.2718,0.016693,11.741382,crop|clean|jpeg
875,209.0831,0.156454,9.986318,crop|downup50|downup50
876,208.7512,0.009416,3.126367,downup50|clean|jpeg
877,208.7846,0.062744,8.038849,blur|jpeg|clean
878,209.0824,0.074820,21.344126,crop|jpeg|occlusion
879,208.6605,0.117509,21.089174,crop|crop|blur
880,209.0299,0.010978,5.179579,blur|occlusion|downup50
881,208.9267,0.100623,20.912959,clean|msg_app|clean
882,209.4256,0.106196,12.476572,crop|blur|occlusion
883,208.8969,0.158928,22.120000,msg_app|jpeg|jpeg
884,208.6270,0.092795,13.177327,jpeg|crop|occlusion
885,209.3110,0.099320,9.314260,crop|downup50|clean
886,209.1144,0.002851,9.615118,downup50|clean|jpeg
887,209.0023,0.062810,14.605847,downup50|clean|msg_app
888,209.4835,0.141203,30.116723,crop|blur|crop
889,210.0873,0.186776,22.626277,blur|crop|blur
890,209.0747,0.080840,10.342720,downup50|jpeg|msg_app
891,209.5644,0.048843,15.733916,jpeg|jpeg|crop
892,208.2798,0.105935,14.012115,blur|clean|crop
893,208.8987,0.038832,22.595851,msg_app|crop|clean
894,209.3940,0.024889,9.128073,blur|blur|downup50
895,208.4297,0.116706,11.710122,downup50|crop|jpeg
896,210.0454,0.146784,17.990185,blur|jpeg|downup50
897,209.8921,0.010975,3.524369,blur|blur|downup50
898,209.3893,0.006254,9.914166,jpeg|clean|blur
899,209.0755,0.192167,17.452336,crop|crop|jpeg
900,209.1992,0.086446,11.548906,blur|blur|downup50
901,211.2957,0.007032,0.697286,downup50|blur|occlusion
902,209.6027,0.020379,7.959822,blur|blur|blur
903,209.3301,0.168671,8.838485,jpeg|blur|blur
904,208.2115,0.002580,0.542127,downup50|clean|occlusion
905,210.3862,0.012222,12.275219,downup50|downup50|msg_app
906,208.8231,0.009931,1.659336,clean|occlusion|jpeg
907,210.1180,0.020428,12.381154,clean|msg_app|occlusion
908,209.0223,0.026737,5.488064,occlusion|blur|occlusion
909,208.7945,0.004349,1.188221,occlusion|clean|jpeg
910,210.3061,0.113827,7.924951,clean|jpeg|occlusion
911,209.5491,0.022012,3.850736,blur|occlusion|jpeg
912,210.2423,0.153052,26.750917,crop|blur|crop
913,208.6176,0.023161,3.941897,jpeg|blur|msg_app
914,209.9536,0.012225,1.586583,downup50|occlusion|jpeg
915,209.1082,0.072869,13.848318,crop|downup50|clean
916,209.7080,0.120192,10.786376,crop|downup50|occlusion
917,209.2182,0.080193,28.173618,occlusion|msg_app|crop
918,209.6515,0.077944,36.171917,crop|msg_app|crop
919,210.5534,0.115916,9.711328,blur|crop|clean
920,209.9763,0.006405,8.054037,downup50|occlusion|blur
921,210.3231,0.068366,16.777120,msg_app|crop|jpeg
922,209.6058,0.105509,17.121468,occlusion|msg_app|msg_app
923,208.8691,0.147318,16.975629,crop|clean|msg_app
924,209.5120,0.023953,14.632709,msg_app|blur|clean
925,209.4992,0.050044,24.695104,msg_app|jpeg|crop
926,210.4390,0.071407,6.131027,msg_app|occlusion|jpeg
927,208.8754,0.019930,4.676280,jpeg|clean|blur
928,210.0710,0.009579,5.748272,msg_app|blur|clean
929,209.3003,0.013633,5.363667,jpeg|blur|clean
930,210.2482,0.053505,11.379497,msg_app|msg_app|jpeg
931,209.6306,0.004598,0.868712,occlusion|blur|downup50
932,209.6131,0.012200,10.017549,jpeg|downup50|blur
933,209.5469,0.015624,16.441953,crop|msg_app|occlusion
934,209.0426,0.002067,0.276653,clean|downup50|downup50
935,210.0199,0.259116,23.635201,crop|blur|clean
936,209.6223,0.032532,16.924258,blur|blur|crop
937,209.3814,0.089650,10.503646,msg_app|clean|crop
938,209.1359,0.145636,19.925675,crop|msg_app|blur
939,207.7736,0.113298,7.254493,downup50|msg_app|clean
940,209.1891,0.023339,12.079792,clean|downup50|msg_app
941,208.8425,0.027759,4.892787,blur|occlusion|blur
942,211.1694,0.009888,1.544034,clean|downup50|blur
943,209.2173,0.023091,9.526852,msg_app|clean|downup50
944,210.0181,0.019078,10.381909,clean|blur|crop
945,209.7020,0.087815,11.550461,clean|crop|crop
946,209.7808,0.097880,16.053621,clean|crop|occlusion
947,209.1781,0.004821,1.039619,downup50|downup50|occlusion
948,209.6791,0.037530,4.312228,blur|clean|crop
949,210.0244,0.093393,11.381831,clean|crop|jpeg
950,209.6798,0.188610,13.208530,jpeg|crop|jpeg
951,209.3718,0.022625,11.356524,msg_app|jpeg|msg_app
952,209.6475,0.002268,1.438595,occlusion|clean|blur
953,209.5140,0.032723,7.535884,msg_app|clean|clean
954,209.7782,0.012315,7.999904,jpeg|blur|downup50
955,209.7969,0.054652,9.175108,clean|downup50|msg_app
956,209.8339,0.063749,6.950769,jpeg|occlusion|blur
957,209.6941,0.001821,0.194048,clean|downup50|downup50
958,210.8021,0.051674,6.490866,occlusion|msg_app|msg_app
959,209.3007,0.006295,7.313915,msg_app|clean|blur
960,210.1346,0.000527,0.745721,occlusion|downup50|downup50
961,210.4233,0.010059,2.382257,clean|blur|blur
962,210.7559,0.003549,8.311606,downup50|occlusion|occlusion
963,209.7713,0.025704,23.475342,crop|msg_app|clean
964,210.3894,0.026009,21.496213,msg_app|crop|blur
965,209.3559,0.003810,1.875081,occlusion|jpeg|downup50
966,209.1207,0.000871,0.239900,occlusion|downup50|clean
967,210.6201,0.002344,7.418821,occlusion|downup50|blur
968,208.6895,0.002635,5.193812,occlusion|occlusion|occlusion
969,209.9250,0.004494,12.539574,clean|jpeg|downup50
970,209.6045,0.041992,6.096181,jpeg|blur|msg_app
971,209.5889,0.055536,5.292199,clean|crop|blur
972,209.7017,0.004138,7.808522,jpeg|downup50|occlusion
973,209.0233,0.216174,8.732811,crop|msg_app|clean
974,209.7775,0.002231,3.149793,downup50|blur|clean
975,209.2213,0.002593,13.250911,blur|jpeg|clean
976,210.6402,0.025000,20.165178,crop|jpeg|crop
977,209.5269,0.036750,28.997751,occlusion|crop|occlusion
978,210.4349,0.373795,33.910012,crop|msg_app|crop
979,209.9658,0.227641,34.975353,blur|msg_app|crop
980,209.5981,0.007556,3.998814,blur|downup50|blur
981,210.0652,0.012619,8.170117,occlusion|msg_app|clean
982,208.6411,0.025505,11.997876,blur|downup50|jpeg
983,211.5241,0.102238,11.457637,occlusion|downup50|crop
984,210.8657,0.128803,11.579107,crop|blur|blur
985,211.1062,0.040876,5.302776,msg_app|jpeg|jpeg
986,209.3785,0.014997,1.785908,jpeg|clean|blur
987,209.6107,0.025947,10.627276,blur|downup50|jpeg
988,209.4094,0.028595,17.917932,blur|msg_app|downup50
989,209.0324,0.001598,0.540403,downup50|downup50|clean
990,209.4443,0.064112,27.990637,jpeg|crop|crop
991,209.9144,0.093712,18.109955,crop|occlusion|blur
992,209.7930,0.002439,1.951560,clean|clean|blur
993,209.6804,0.223537,17.990820,crop|jpeg|crop
994,209.8530,0.024529,3.101984,downup50|downup50|jpeg
995,209.5366,0.131109,13.264900,crop|clean|blur
996,210.5339,0.014463,12.179983,jpeg|downup50|occlusion
997,210.7897,0.028178,6.727489,msg_app|clean|jpeg
998,210.2955,0.004304,0.668107,occlusion|downup50|clean
999,211.9811,0.217915,23.241547,crop|msg_app|msg_app
1000,210.8415,0.211999,26.740285,msg_app|occlusion|crop
1001,210.9537,0.028732,5.246457,blur|msg_app|occlusion
1002,210.2394,0.071921,11.275941,downup50|blur|crop
1003,209.3311,0.039331,5.179541,blur|downup50|msg_app
1004,209.5257,0.063888,7.478572,crop|msg_app|clean
1005,211.1044,0.033008,3.817564,jpeg|downup50|occlusion
1006,209.8059,0.002254,1.356405,clean|occlusion|occlusion
1007,209.0975,0.002766,0.389841,downup50|occlusion|clean
1008,210.5608,0.005595,3.105301,downup50|clean|jpeg
1009,210.1650,0.003567,14.780799,occlusion|jpeg|occlusion
1010,211.1985,0.030007,18.096540,downup50|msg_app|msg_app
1011,211.3045,0.054925,16.385202,jpeg|clean|jpeg
1012,211.0957,0.005721,6.846366,clean|jpeg|jpeg
1013,209.5649,0.002762,0.657056,occlusion|occlusion|occlusion
1014,209.6438,0.007675,1.799172,jpeg|clean|clean
1015,218.3765,0.030617,10.499717,msg_app|downup50|downup50
1016,218.0879,0.137243,30.926846,jpeg|crop|msg_app
1017,218.5278,0.003636,1.665304,downup50|blur|jpeg
1018,217.4497,0.026052,4.929423,downup50|jpeg|msg_app
1019,217.5890,0.199649,16.956884,crop|blur|crop
1020,215.0861,0.003572,21.586038,occlusion|blur|blur
1021,211.4769,0.001334,0.313639,downup50|occlusion|downup50
1022,211.8479,0.016774,21.153117,blur|crop|clean
1023,211.8404,0.011370,9.863034,blur|msg_app|msg_app
1024,211.7150,0.001695,2.405372,clean|clean|downup50
1025,210.8976,0.001754,1.815778,downup50|clean|occlusion
1026,212.1893,0.034694,5.285480,jpeg|jpeg|msg_app
1027,211.9449,0.016302,5.284436,downup50|downup50|msg_app
1028,211.9719,0.064885,9.984138,msg_app|clean|downup50
1029,212.0860,0.064698,11.015514,crop|downup50|msg_app
1030,212.2276,0.002404,12.979683,jpeg|clean|downup50
1031,211.6688,0.033591,5.930167,jpeg|msg_app|blur
1032,211.9473,0.020752,28.804199,msg_app|downup50|msg_app
1033,212.7044,0.032688,29.364467,clean|crop|jpeg
1034,212.1158,0.061535,13.789993,clean|downup50|msg_app
1035,213.0004,0.005152,14.229178,blur|msg_app|clean
1036,212.0020,0.095396,10.549210,crop|blur|clean
1037,212.8218,0.002007,8.622442,jpeg|blur|blur
1038,212.1947,0.008542,1.939530,downup50|msg_app|occlusion
1039,212.8125,0.002573,3.835408,jpeg|downup50|blur
1040,212.4438,0.037369,6.852037,jpeg|msg_app|jpeg
1041,211.9528,0.029465,16.554829,crop|jpeg|blur
1042,213.6994,0.027584,13.449122,msg_app|msg_app|clean
1043,211.7818,0.046157,15.277876,downup50|blur|crop
1044,212.5446,0.099411,20.809601,blur|crop|msg_app
1045,210.9022,0.019401,20.534000,occlusion|msg_app|crop
1046,211.3666,0.052991,21.801038,jpeg|jpeg|crop
1047,211.6988,0.085313,6.431089,downup50|downup50|crop
1048,211.1517,0.002654,1.861228,blur|downup50|downup50
1049,212.6540,0.011252,7.650052,downup50|blur|clean
1050,212.3606,0.155223,21.997417,crop|clean|crop
1051,216.8551,0.002798,0.632264,blur|clean|blur
1052,226.3474,0.001666,2.400267,occlusion|occlusion|blur
1053,232.1619,0.037146,12.769193,crop|jpeg|jpeg
1054,242.1403,0.019983,11.191076,downup50|msg_app|jpeg
1055,244.1311,0.008523,1.937031,jpeg|blur|occlusion
1056,227.9462,0.027500,9.644237,msg_app|jpeg|jpeg
1057,233.0554,0.082818,10.103331,clean|clean|crop
1058,247.6680,0.109857,6.657098,downup50|crop|downup50
1059,246.9572,0.007996,5.092089,clean|occlusion|downup50
1060,247.7631,0.064824,16.356036,downup50|crop|downup50
1061,246.3858,0.049674,13.357737,occlusion|jpeg|crop
1062,246.8646,0.019863,1.509078,occlusion|occlusion|jpeg
1063,246.8321,0.038565,14.720981,crop|downup50|jpeg
1064,240.4303,0.029846,18.024025,msg_app|blur|crop
1065,229.3900,0.016299,9.018567,downup50|jpeg|blur
1066,227.1629,0.041317,6.618600,clean|downup50|downup50
1067,228.9392,0.016689,19.471796,blur|blur|msg_app
1068,232.2293,0.036002,4.018004,jpeg|jpeg|occlusion
1069,232.4766,0.070775,5.058445,clean|crop|occlusion
1070,229.9144,0.022107,21.257632,msg_app|clean|msg_app
1071,230.1386,0.026010,14.835669,jpeg|downup50|crop
1072,251.9814,0.098794,22.945888,blur|msg_app|crop
1073,229.0655,0.009932,18.481911,msg_app|clean|occlusion
1074,233.7918,0.101377,17.046577,clean|downup50|crop
1075,246.4821,0.001235,3.141276,occlusion|downup50|occlusion
1076,250.0820,0.036406,20.137949,msg_app|clean|occlusion
1077,232.7460,0.100842,7.419752,blur|msg_app|blur
1078,220.2735,0.003820,1.566884,downup50|blur|jpeg
1079,215.4240,0.000880,1.380213,occlusion|clean|occlusion
1080,212.4193,0.041444,14.057374,blur|crop|msg_app
1081,213.3837,0.099230,15.201213,clean|occlusion|crop
1082,212.9694,0.036859,7.813484,blur|crop|jpeg
1083,212.5417,0.063418,24.498282,crop|msg_app|jpeg
1084,212.2935,0.016678,2.516276,jpeg|jpeg|occlusion
1085,211.3896,0.125086,11.582521,clean|clean|crop
1086,213.0471,0.003308,0.886652,blur|blur|downup50
1087,211.2000,0.001308,1.802956,clean|clean|downup50
1088,212.9236,0.019187,6.388316,msg_app|blur|occlusion
1089,212.1080,0.008323,29.249376,crop|jpeg|jpeg
1090,212.0147,0.008031,30.251014,jpeg|jpeg|msg_app
1091,211.8595,0.000937,0.240047,clean|downup50|occlusion
1092,211.1543,0.006041,4.868762,occlusion|clean|jpeg
1093,213.0980,0.109281,19.598622,msg_app|crop|downup50
1094,212.3125,0.061371,6.403949,occlusion|blur|blur
1095,212.8980,0.246678,19.463944,crop|jpeg|downup50
1096,211.3347,0.078137,20.033827,blur|msg_app|crop
1097,212.2400,0.219918,23.489264,msg_app|downup50|msg_app
1098,211.7227,0.033939,5.409587,msg_app|jpeg|crop
1099,212.0597,0.015714,4.555037,blur|downup50|msg_app
1100,213.1429,0.005055,12.399144,occlusion|blur|blur
1101,212.9454,0.019090,7.746620,jpeg|jpeg|jpeg
1102,213.2594,0.009280,12.773065,jpeg|clean|jpeg
1103,213.4019,0.192457,19.239022,crop|downup50|msg_app
1104,213.9207,0.123002,26.071594,msg_app|blur|msg_app
1105,212.5358,0.006779,22.521509,jpeg|msg_app|blur
1106,212.5945,0.008580,9.192144,crop|clean|downup50
1107,213.2255,0.016912,4.664551,jpeg|blur|downup50
1108,212.3256,0.020201,4.156804,msg_app|jpeg|downup50
1109,212.3379,0.000397,0.215793,blur|downup50|clean
1110,211.7382,0.002345,4.172353,jpeg|occlusion|downup50
1111,213.4494,0.008684,16.261396,blur|blur|blur
1112,211.8861,0.145730,16.172700,crop|occlusion|jpeg
1113,213.3715,0.003968,4.940921,occlusion|downup50|blur
1114,212.6481,0.030583,6.124387,msg_app|blur|downup50
1115,212.7677,0.109408,8.691693,occlusion|occlusion|crop
1116,212.4043,0.304491,24.003943,crop|crop|clean
1117,212.8171,0.016049,4.048076,blur|occlusion|clean
1118,212.8689,0.005045,17.838446,jpeg|downup50|downup50
1119,211.6700,0.068654,17.766399,crop|clean|jpeg
1120,212.7660,0.002523,4.837062,blur|downup50|blur
1121,212.2024,0.134960,19.977271,occlusion|crop|crop
1122,212.3338,0.341832,14.353759,clean|downup50|crop
1123,211.9078,0.276672,24.579035,msg_app|crop|blur
1124,212.5805,0.010295,3.554300,blur|jpeg|occlusion
1125,211.8711,0.018632,8.813176,jpeg|jpeg|clean
1126,212.1639,0.104112,18.779333,blur|blur|crop
1127,212.1405,0.024622,4.191928,occlusion|occlusion|crop
1128,211.9166,0.024936,6.230530,occlusion|jpeg|jpeg
1129,212.3815,0.162479,15.794837,crop|msg_app|crop
1130,212.9506,0.309035,23.046475,crop|crop|crop
1131,213.7170,0.006157,6.809160,msg_app|downup50|clean
1132,213.8794,0.020784,6.278003,msg_app|blur|clean
1133,214.4972,0.020901,19.497999,blur|clean|msg_app
1134,214.6800,0.169603,15.872334,crop|crop|blur
1135,212.9103,0.018433,18.058186,jpeg|blur|msg_app
1136,213.9787,0.045071,5.333501,clean|blur|blur
1137,213.6902,0.019108,4.833280,blur|msg_app|clean
1138,214.7249,0.019182,12.695459,msg_app|blur|msg_app
1139,214.7357,0.005609,1.698993,clean|jpeg|clean
1140,214.6131,0.003604,2.215963,occlusion|occlusion|blur
1141,213.5299,0.012229,11.988162,jpeg|clean|jpeg
1142,214.1758,0.000423,0.765004,occlusion|clean|clean
1143,214.3943,0.018106,4.827334,blur|jpeg|blur
1144,214.4250,0.001376,0.366535,blur|downup50|downup50
1145,214.6534,0.035425,3.853669,crop|downup50|downup50
1146,213.2261,0.000466,0.049556,occlusion|clean|occlusion
1147,214.3225,0.026516,5.229446,msg_app|clean|downup50
1148,213.4499,0.042718,6.371424,blur|jpeg|msg_app
1149,213.4040,0.022712,27.154577,clean|crop|blur
1150,212.6223,0.000975,0.955302,downup50|occlusion|occlusion
1151,213.9097,0.012394,21.850008,crop|jpeg|clean
1152,213.0426,0.017314,21.136653,crop|downup50|downup50
1153,213.2844,0.001859,0.288770,occlusion|occlusion|occlusion
1154,213.8674,0.052848,5.404756,jpeg|downup50|blur
1155,212.9069,0.041581,12.648532,jpeg|crop|msg_app
1156,214.8177,0.145005,9.375174,clean|msg_app|crop
1157,214.1231,0.009168,12.171470,downup50|clean|jpeg
1158,213.2860,0.050766,4.433025,crop|downup50|downup50
1159,212.7281,0.088138,21.152637,jpeg|msg_app|crop
1160,213.4734,0.044240,10.361492,crop|jpeg|downup50
1161,212.2661,0.012898,1.913678,clean|blur|clean
1162,212.8547,0.091213,16.979961,occlusion|blur|crop
1163,213.1364,0.016760,2.167358,occlusion|occlusion|blur
1164,210.5125,0.016171,9.035415,occlusion|clean|msg_app
1165,224.1555,0.010216,1.968230,blur|clean|jpeg
1166,227.3603,0.075312,20.760607,jpeg|blur|crop
1167,229.0265,0.017943,20.875902,blur|msg_app|blur
1168,224.6534,0.062252,13.170208,msg_app|blur|msg_app
1169,230.7988,0.002488,1.680608,msg_app|downup50|occlusion
1170,231.2785,0.079871,16.379592,crop|jpeg|blur
1171,224.3664,0.263999,12.967325,crop|crop|downup50
1172,232.3049,0.019080,9.125119,msg_app|occlusion|jpeg
1173,228.1746,0.030330,11.490672,crop|clean|downup50
1174,222.4976,0.007802,6.581605,downup50|clean|msg_app
1175,227.9000,0.197273,14.978041,blur|downup50|crop
1176,228.8372,0.036296,13.420237,crop|clean|jpeg
1177,228.6682,0.002787,8.246981,clean|occlusion|msg_app
1178,235.8940,0.001127,0.139954,blur|clean|downup50
1179,227.4990,0.031445,18.369047,jpeg|jpeg|downup50
1180,220.7739,0.001968,0.419322,occlusion|clean|blur
1181,219.5095,0.003426,8.185626,clean|clean|msg_app
1182,220.4406,0.001499,1.550009,blur|occlusion|downup50
1183,222.0534,0.078499,13.871500,crop|msg_app|blur
1184,215.0779,0.063391,9.253664,occlusion|msg_app|crop
1185,220.3781,0.005519,3.452358,jpeg|blur|jpeg
1186,229.1809,0.004755,3.718242,occlusion|downup50|jpeg
1187,228.1869,0.003942,7.144550,occlusion|blur|jpeg
1188,229.6946,0.143940,18.629689,msg_app|crop|blur
1189,231.6737,0.087824,15.934307,jpeg|crop|jpeg
1190,227.6806,0.061041,17.905149,crop|msg_app|occlusion
1191,229.9163,0.001706,0.331481,clean|clean|occlusion
1192,227.6782,0.001093,0.175546,occlusion|clean|occlusion
1193,232.2061,0.001805,6.881062,occlusion|clean|blur
1194,232.4054,0.136833,16.651254,blur|jpeg|crop
1195,233.7379,0.000290,0.292817,downup50|clean|blur
1196,226.8962,0.225878,22.110505,crop|crop|jpeg
1197,230.9949,0.173424,19.440125,jpeg|crop|msg_app
1198,226.2844,0.141076,22.773734,msg_app|crop|jpeg
1199,226.8526,0.079741,20.191331,crop|downup50|jpeg
1200,227.2929,0.009613,8.814055,blur|jpeg|jpeg
1201,233.6253,0.015458,12.658171,occlusion|downup50|crop
1202,234.0626,0.089227,15.601289,msg_app|crop|blur
1203,231.7561,0.128838,24.215169,crop|jpeg|msg_app
1204,230.7551,0.021081,7.970077,downup50|msg_app|msg_app
1205,234.4856,0.061223,11.679724,clean|blur|blur
1206,235.4743,0.005519,5.506977,occlusion|blur|jpeg
1207,230.2544,0.070067,6.754804,downup50|msg_app|downup50
1208,230.2199,0.014008,7.851369,blur|crop|clean
1209,227.6355,0.023595,2.543997,downup50|occlusion|jpeg
1210,228.5248,0.142124,18.474111,crop|jpeg|crop
1211,225.6111,0.047731,7.641889,jpeg|jpeg|jpeg
1212,234.5882,0.055020,17.682391,jpeg|clean|msg_app
1213,238.3870,0.024351,2.650308,clean|occlusion|occlusion
1214,237.5512,0.013022,9.526114,crop|clean|blur
1215,234.3390,0.011178,5.757566,clean|blur|jpeg
1216,238.5054,0.007508,16.168901,occlusion|blur|jpeg
1217,238.0341,0.024335,11.055011,clean|crop|occlusion
1218,239.7314,0.091444,17.008117,blur|occlusion|msg_app
1219,236.1429,0.021806,23.655357,jpeg|msg_app|msg_app
1220,236.5295,0.001167,0.213248,downup50|downup50|downup50
1221,236.6359,0.055062,7.406160,jpeg|clean|downup50
1222,235.3002,0.477087,36.271089,blur|crop|crop
1223,233.7738,0.157238,15.249493,occlusion|downup50|crop
1224,231.5860,0.003118,1.690310,blur|downup50|jpeg
1225,232.0332,0.152204,14.294484,crop|blur|blur
1226,226.4599,0.024127,3.590437,jpeg|downup50|blur
1227,226.6639,0.009994,4.092048,blur|clean|blur
1228,229.0786,0.093932,25.827384,occlusion|crop|occlusion
1229,232.2530,0.155198,20.505995,blur|blur|crop
1230,234.9872,0.006350,14.131619,msg_app|blur|blur
1231,231.3051,0.004045,1.408940,jpeg|downup50|occlusion
1232,231.4555,0.006962,8.043673,blur|clean|blur
1233,230.5194,0.007006,9.036616,occlusion|msg_app|clean
1234,234.8229,0.002977,6.270780,downup50|downup50|msg_app
1235,231.7846,0.015379,6.994205,jpeg|blur|jpeg
1236,234.5650,0.003438,1.159103,clean|blur|blur
1237,229.5694,0.004046,11.281447,occlusion|msg_app|blur
1238,237.9489,0.144792,10.853087,crop|jpeg|blur
1239,234.0304,0.030332,37.912161,msg_app|crop|crop
1240,226.6335,0.036770,10.385982,crop|occlusion|occlusion
1241,224.4300,0.004028,26.880583,downup50|downup50|msg_app
1242,230.1745,0.002697,7.605339,clean|jpeg|msg_app
1243,233.2767,0.023456,4.405468,blur|jpeg|clean
1244,234.1053,0.003461,6.136431,blur|jpeg|clean
1245,235.5389,0.004702,1.430572,downup50|msg_app|downup50
1246,228.5760,0.076183,12.882463,crop|msg_app|clean
1247,215.6278,0.034574,21.290418,downup50|crop|occlusion
1248,222.6786,0.161610,17.827737,msg_app|jpeg|blur
1249,216.1601,0.015830,15.300194,clean|occlusion|msg_app
1250,215.8894,0.009542,1.807707,occlusion|downup50|occlusion
1251,213.7753,0.000590,0.588000,occlusion|downup50|clean
1252,213.4630,0.078869,27.482955,crop|jpeg|msg_app
1253,214.0976,0.016411,6.612556,msg_app|occlusion|blur
1254,213.8429,0.024575,9.585559,blur|crop|blur
1255,213.9236,0.130213,18.256159,crop|clean|jpeg
1256,214.1642,0.011184,19.033687,downup50|downup50|msg_app
1257,214.9522,0.008647,14.589367,blur|msg_app|downup50
1258,213.9578,0.026556,6.973798,jpeg|occlusion|downup50
1259,213.5366,0.008543,8.767003,occlusion|downup50|msg_app
1260,214.8472,0.004694,24.517989,blur|msg_app|occlusion
1261,212.4987,0.000163,0.170456,occlusion|clean|blur
1262,213.3743,0.007685,2.080772,occlusion|msg_app|jpeg
1263,213.3719,0.073894,15.057595,downup50|crop|crop
1264,213.5429,0.189105,23.752398,crop|msg_app|crop
1265,213.7812,0.002947,3.360652,msg_app|downup50|clean
1266,214.0372,0.150181,18.758641,crop|occlusion|msg_app
1267,213.1086,0.033529,9.683010,msg_app|occlusion|downup50
1268,213.6070,0.001496,22.825845,msg_app|occlusion|occlusion
1269,213.0600,0.129045,16.059037,clean|crop|crop
1270,213.1669,0.087542,18.007640,crop|jpeg|jpeg
1271,213.6557,0.245026,20.386720,msg_app|blur|crop
1272,212.7255,0.000754,2.636586,occlusion|downup50|blur
1273,213.8838,0.003875,5.298769,downup50|msg_app|blur
1274,212.1318,0.012642,1.730500,clean|clean|jpeg
1275,213.1519,0.005410,11.942824,occlusion|occlusion|msg_app
1276,212.5900,0.004167,10.299843,msg_app|occlusion|clean
1277,213.0274,0.005411,1.377668,clean|downup50|downup50
1278,213.2051,0.012938,2.967368,blur|jpeg|msg_app
1279,213.4635,0.022124,4.377541,downup50|jpeg|clean
1280,213.9354,0.097613,12.799725,downup50|crop|downup50
1281,213.5349,0.005337,1.858032,clean|msg_app|jpeg
1282,213.8605,0.002054,1.346482,blur|clean|blur
1283,212.7406,0.021654,8.295867,crop|downup50|crop
1284,213.0901,0.014401,7.083113,downup50|jpeg|jpeg
1285,213.1715,0.077437,22.261795,crop|msg_app|crop
1286,213.0414,0.006412,0.886379,occlusion|downup50|downup50
1287,213.3984,0.100625,21.772866,downup50|crop|crop
1288,212.6189,0.115663,24.319010,msg_app|msg_app|crop
1289,214.2976,0.130227,7.122135,occlusion|jpeg|crop
1290,212.6113,0.045561,29.986115,downup50|crop|downup50
1291,213.9684,0.085310,8.756318,blur|crop|crop
1292,212.3503,0.000764,1.421998,blur|occlusion|occlusion
1293,213.0698,0.010645,6.594432,occlusion|msg_app|blur
1294,213.9786,0.005077,13.155967,blur|clean|msg_app
1295,212.6281,0.015219,10.155960,clean|blur|jpeg
1296,214.5723,0.001023,1.317717,downup50|jpeg|downup50
1297,212.9611,0.023755,5.651650,msg_app|msg_app|blur
1298,213.7448,0.006048,1.832494,jpeg|jpeg|occlusion
1299,216.8152,0.018159,4.178180,clean|crop|clean
1300,214.5762,0.011333,14.928370,jpeg|jpeg|msg_app
1301,213.5750,0.066106,20.649872,jpeg|jpeg|crop
1302,213.9624,0.097607,13.350420,crop|jpeg|blur
1303,213.4942,0.106776,21.816648,crop|msg_app|blur
1304,213.5174,0.001425,1.060329,downup50|clean|downup50
1305,213.1115,0.006601,3.495687,occlusion|downup50|jpeg
1306,213.4117,0.032917,16.319258,blur|crop|downup50
1307,214.3739,0.065547,9.082986,blur|blur|msg_app
1308,213.2952,0.156180,8.712702,blur|occlusion|crop
1309,214.4530,0.054225,6.916442,msg_app|clean|occlusion
1310,213.4266,0.084123,10.602636,crop|jpeg|clean
1311,213.9154,0.003046,5.821917,downup50|clean|blur
1312,213.9841,0.050445,9.150057,downup50|crop|blur
1313,214.2646,0.007287,1.110421,jpeg|clean|downup50
1314,213.8399,0.075907,9.320843,jpeg|msg_app|clean
1315,213.5427,0.053332,11.309169,occlusion|downup50|crop
1316,213.5622,0.025659,18.196368,jpeg|crop|crop
1317,213.1445,0.010380,11.321201,downup50|msg_app|occlusion
1318,213.5844,0.034606,14.153185,downup50|msg_app|occlusion
1319,212.5081,0.034434,5.902553,msg_app|downup50|occlusion
1320,213.4600,0.014375,4.767727,jpeg|downup50|jpeg
1321,212.7919,0.012206,19.076848,occlusion|msg_app|downup50
1322,213.9621,0.008048,2.836567,msg_app|jpeg|blur
1323,213.5971,0.006751,34.090948,jpeg|jpeg|blur
1324,212.6190,0.030458,3.677332,downup50|jpeg|occlusion
1325,213.3097,0.037038,18.764369,downup50|crop|clean
1326,212.0263,0.174108,10.230141,clean|crop|clean
1327,213.3422,0.043676,4.631656,crop|downup50|occlusion
1328,212.8847,0.004096,3.403268,blur|msg_app|clean
1329,214.0127,0.049368,14.264138,jpeg|jpeg|crop
1330,212.6423,0.000607,0.594103,blur|downup50|clean
1331,212.1272,0.016948,1.898899,downup50|downup50|jpeg
1332,212.6934,0.005327,1.477303,msg_app|occlusion|downup50
1333,212.5977,0.112014,25.966452,clean|crop|msg_app
1334,213.5164,0.077145,15.881890,blur|blur|crop
1335,212.8014,0.031776,16.009237,blur|jpeg|clean
1336,213.8681,0.032421,4.435841,clean|msg_app|occlusion
1337,212.6856,0.012387,15.954666,jpeg|msg_app|clean
1338,213.3560,0.045973,4.343334,clean|occlusion|jpeg
1339,212.2610,0.011656,5.223834,clean|clean|crop
1340,212.3836,0.018351,8.108729,downup50|crop|occlusion
1341,213.1429,0.069526,4.526980,jpeg|downup50|crop
1342,213.6184,0.000922,0.592286,msg_app|blur|downup50
1343,213.2276,0.089062,28.690903,occlusion|crop|crop
1344,213.1261,0.004657,4.972441,blur|jpeg|msg_app
1345,213.2905,0.001810,0.724445,clean|jpeg|downup50
1346,212.4014,0.030946,6.480902,msg_app|blur|occlusion
1347,212.8400,0.019427,10.793821,downup50|clean|crop
1348,212.1295,0.005465,3.969951,msg_app|occlusion|msg_app
1349,213.3780,0.024904,12.949701,crop|clean|blur
1350,213.3214,0.001441,1.465039,clean|downup50|blur
1351,213.2631,0.016443,7.148531,jpeg|clean|clean
1352,213.4115,0.015315,9.137729,blur|clean|blur
1353,212.9562,0.049033,7.396717,msg_app|crop|blur
1354,213.6248,0.135828,11.569325,clean|crop|crop
1355,212.5444,0.000589,1.281966,downup50|clean|occlusion
1356,213.5609,0.013372,14.040584,downup50|jpeg|msg_app
1357,212.0943,0.006049,24.220490,occlusion|blur|msg_app
1358,213.0295,0.038279,6.167240,clean|clean|msg_app
1359,212.7681,0.180679,14.627884,crop|downup50|crop
1360,212.0575,0.001227,0.981203,clean|clean|occlusion
1361,213.4563,0.014868,4.313530,crop|msg_app|blur
1362,212.7029,0.074604,9.507693,crop|msg_app|clean
1363,213.3483,0.005050,1.548226,clean|msg_app|downup50
1364,212.5526,0.093818,8.612536,msg_app|crop|occlusion
1365,213.3025,0.136203,28.524637,crop|crop|clean
1366,213.5964,0.007161,11.548974,downup50|msg_app|occlusion
1367,212.7798,0.155383,29.736234,crop|msg_app|jpeg
1368,213.2149,0.023629,17.666519,occlusion|msg_app|jpeg
1369,212.5024,0.006738,4.112605,jpeg|blur|clean
1370,213.2268,0.085287,11.272786,occlusion|crop|occlusion
1371,212.5952,0.008477,8.010164,jpeg|blur|jpeg
1372,212.7232,0.002191,2.745115,occlusion|downup50|occlusion
1373,211.8062,0.013816,3.402766,occlusion|msg_app|downup50
1374,212.1131,0.075225,4.679104,occlusion|msg_app|downup50
1375,212.8535,0.039165,7.287046,occlusion|msg_app|blur
1376,212.6686,0.015028,1.905709,occlusion|occlusion|occlusion
1377,212.6501,0.046186,4.214201,blur|crop|jpeg
1378,212.9557,0.003790,0.727097,blur|jpeg|occlusion
1379,213.0257,0.003747,0.655954,occlusion|occlusion|downup50
1380,212.5712,0.019036,17.096556,blur|msg_app|msg_app
1381,212.9574,0.005305,22.542882,msg_app|msg_app|blur
1382,210.8354,0.150574,10.238178,crop|jpeg|jpeg
1383,211.9330,0.029538,11.118630,msg_app|jpeg|crop
1384,211.8704,0.126957,19.260229,crop|crop|clean
1385,212.0476,0.001731,0.578020,blur|clean|clean
1386,212.1992,0.099748,12.986920,clean|crop|blur
1387,214.4776,0.032240,7.190219,msg_app|blur|blur
1388,212.9594,0.048627,4.892970,blur|msg_app|occlusion
1389,212.3513,0.014719,3.164026,msg_app|downup50|jpeg
1390,214.9862,0.014704,2.039574,downup50|jpeg|jpeg
1391,214.8588,0.003787,7.584968,msg_app|jpeg|occlusion
1392,213.6881,0.104530,17.441488,downup50|downup50|crop
1393,213.5058,0.006044,11.878126,occlusion|jpeg|blur
1394,214.0349,0.045351,12.746008,clean|crop|crop
1395,213.3719,0.002048,2.475625,clean|occlusion|downup50
1396,212.8387,0.136818,9.640725,clean|jpeg|crop
1397,213.4374,0.006945,2.751315,occlusion|occlusion|clean
1398,211.4062,0.055360,29.922817,msg_app|occlusion|msg_app
1399,213.4442,0.149593,15.217668,crop|occlusion|jpeg
1400,224.5900,0.169606,28.306092,crop|blur|downup50
1401,229.2900,0.116170,19.059664,msg_app|crop|jpeg
1402,225.2609,0.047969,15.197480,occlusion|msg_app|crop
1403,225.1135,0.008930,2.290015,clean|downup50|blur
1404,224.3628,0.004301,3.545612,downup50|blur|occlusion
1405,223.1217,0.007390,10.963141,clean|occlusion|jpeg
1406,223.5425,0.036170,16.293801,jpeg|downup50|msg_app
1407,222.2728,0.005149,1.801093,msg_app|clean|occlusion
1408,222.9056,0.002832,22.582910,msg_app|downup50|clean
1409,222.6068,0.042551,25.414670,crop|blur|occlusion
1410,223.2932,0.146367,31.527394,occlusion|crop|crop
1411,222.5676,0.020989,13.249591,clean|crop|msg_app
1412,224.4260,0.005023,6.402585,msg_app|downup50|blur
1413,223.0476,0.000654,2.785702,downup50|clean|msg_app
1414,224.0790,0.036680,11.530387,crop|downup50|clean
1415,223.8842,0.054439,18.634896,clean|crop|blur
1416,221.9800,0.015034,7.049311,msg_app|msg_app|clean
1417,211.8884,0.016930,5.321535,msg_app|crop|occlusion
1418,211.6712,0.003890,0.787096,occlusion|downup50|clean
1419,211.6597,0.005812,2.321843,jpeg|occlusion|clean
1420,210.7755,0.013177,1.780391,clean|occlusion|blur
1421,211.9687,0.138164,22.802830,crop|crop|occlusion
1422,211.2296,0.020376,27.019529,blur|crop|msg_app
1423,212.0657,0.043924,5.933553,msg_app|clean|jpeg
1424,210.9240,0.003199,5.318385,blur|msg_app|occlusion
1425,212.3694,0.003045,1.767287,clean|occlusion|blur
1426,213.7347,0.049439,8.642781,msg_app|msg_app|msg_app
1427,212.0689,0.001479,1.071642,clean|clean|clean
1428,212.1137,0.194472,41.795773,crop|msg_app|crop
1429,211.8541,0.005613,1.823502,blur|downup50|occlusion
1430,213.2337,0.012253,9.135576,blur|blur|occlusion
1431,211.7925,0.110212,15.575596,msg_app|blur|msg_app
1432,212.3797,0.315680,23.845618,crop|jpeg|crop
1433,211.7375,0.132402,14.729492,downup50|crop|msg_app
1434,211.7742,0.012671,22.417017,downup50|msg_app|crop
1435,211.2702,0.063859,28.764567,clean|msg_app|msg_app
1436,211.2960,0.028123,4.409856,occlusion|blur|crop
1437,211.8677,0.002656,5.868163,blur|occlusion|jpeg
1438,211.1036,0.005623,1.920829,occlusion|occlusion|blur
1439,212.3048,0.000782,1.898109,jpeg|clean|downup50
1440,211.9806,0.003603,2.193446,jpeg|occlusion|clean
1441,212.5555,0.000826,0.534295,occlusion|blur|blur
1442,211.2169,0.053373,5.486187,jpeg|crop|msg_app
1443,212.2034,0.001869,18.448781,blur|clean|downup50
1444,212.0443,0.052789,8.018338,crop|downup50|msg_app
1445,211.6928,0.001041,2.941729,occlusion|downup50|occlusion
1446,212.5404,0.008697,26.126914,jpeg|msg_app|blur
1447,212.3186,0.007100,14.485159,msg_app|blur|downup50
1448,212.4441,0.015123,3.750009,msg_app|downup50|occlusion
1449,212.9084,0.051804,12.538316,jpeg|jpeg|crop
1450,212.6975,0.000431,1.122460,occlusion|clean|occlusion
1451,211.7641,0.012335,14.523589,blur|crop|jpeg
1452,211.7586,0.015279,14.876696,jpeg|clean|downup50
1453,211.1415,0.031904,3.421416,jpeg|downup50|occlusion
1454,211.7368,0.002538,2.609646,jpeg|clean|occlusion
1455,211.9428,0.001096,1.676281,clean|clean|occlusion
1456,211.4420,0.045960,17.980619,crop|clean|jpeg
1457,213.0430,0.008967,2.590285,blur|occlusion|blur
1458,211.6418,0.078302,4.860882,crop|crop|blur
1459,212.3307,0.135991,10.777317,crop|occlusion|crop
1460,212.0103,0.004762,0.486739,occlusion|downup50|jpeg
1461,211.8582,0.116194,4.796822,crop|clean|crop
1462,212.2872,0.167786,18.915005,clean|crop|crop
1463,213.0054,0.196898,14.451665,crop|downup50|occlusion
1464,214.1809,0.177568,15.735195,crop|crop|downup50
1465,213.1454,0.003300,14.581619,msg_app|blur|msg_app
1466,214.7530,0.048677,17.077784,blur|crop|blur
1467,222.5597,0.001879,2.224897,occlusion|occlusion|downup50
1468,226.7019,0.003136,2.859247,jpeg|blur|downup50
1469,227.9856,0.001924,4.654140,blur|jpeg|downup50
1470,233.2478,0.015072,10.688023,jpeg|downup50|clean
1471,230.2719,0.023863,6.294997,occlusion|clean|jpeg
1472,226.4050,0.043845,3.349682,downup50|occlusion|crop
1473,237.3441,0.020308,9.513060,blur|crop|blur
1474,234.6086,0.002185,2.979724,blur|blur|msg_app
1475,225.9998,0.004206,0.659695,occlusion|downup50|msg_app
1476,224.1313,0.002006,0.983047,occlusion|clean|jpeg
1477,226.3751,0.035031,11.228192,crop|clean|downup50
1478,228.9937,0.002182,0.334399,blur|downup50|clean
1479,226.2413,0.008642,2.940984,jpeg|occlusion|blur
1480,235.9734,0.041440,22.885071,downup50|blur|crop
1481,237.0970,0.018057,3.016321,occlusion|jpeg|jpeg
1482,237.5000,0.107410,15.510998,occlusion|blur|crop
1483,239.7483,0.051720,8.338795,blur|msg_app|msg_app
1484,240.3735,0.051558,4.497411,downup50|occlusion|crop
1485,240.2923,0.132614,10.195582,clean|crop|clean
1486,238.6826,0.016320,8.648582,crop|clean|clean
1487,245.2426,0.009785,5.378244,jpeg|clean|jpeg
1488,247.8319,0.002151,0.644703,clean|clean|downup50
1489,251.6439,0.016355,22.882339,crop|msg_app|msg_app
1490,250.7825,0.125229,9.594896,crop|occlusion|msg_app
1491,249.2679,0.018041,13.624312,blur|jpeg|jpeg
1492,242.9196,0.019011,2.641028,clean|occlusion|occlusion
1493,241.4450,0.058454,9.398309,msg_app|occlusion|clean
1494,242.2171,0.001982,9.886235,clean|downup50|blur
1495,248.8221,0.076380,4.596027,crop|blur|jpeg
1496,236.2739,0.006891,2.461615,msg_app|clean|downup50
1497,233.1336,0.003708,0.625020,blur|blur|msg_app
1498,230.6276,0.141577,17.403224,crop|msg_app|jpeg
1499,227.8803,0.001086,0.284008,clean|msg_app|downup50
1500,225.3752,0.030733,16.954769,blur|crop|msg_app
1501,224.5189,0.006045,3.748287,jpeg|downup50|blur
1502,226.5297,0.000665,2.926008,downup50|occlusion|blur
1503,224.8513,0.042282,16.233911,crop|msg_app|downup50
1504,225.0961,0.052952,17.073129,occlusion|occlusion|crop
1505,226.1003,0.007216,7.288331,blur|jpeg|occlusion
1506,222.5289,0.001254,0.815755,clean|occlusion|downup50
1507,217.8135,0.017492,17.451912,msg_app|blur|downup50
1508,215.6133,0.001985,1.086697,jpeg|occlusion|msg_app
1509,223.8553,0.003588,3.892184,blur|msg_app|clean
1510,231.7232,0.050187,7.081683,crop|clean|blur
1511,234.0648,0.007632,4.885988,msg_app|msg_app|occlusion
1512,234.2394,0.014512,1.867078,downup50|occlusion|jpeg
1513,235.7777,0.128747,8.448739,crop|crop|jpeg
1514,237.9058,0.002291,16.028405,clean|blur|downup50
1515,234.1404,0.087666,6.599343,crop|downup50|jpeg
1516,235.5451,0.021046,4.083000,crop|clean|blur
1517,249.0028,0.002101,0.586562,clean|occlusion|clean
1518,218.1413,0.002414,1.622423,clean|downup50|occlusion
1519,227.5574,0.031016,13.946940,blur|msg_app|msg_app
1520,218.2624,0.002346,1.637357,occlusion|occlusion|downup50
1521,219.7501,0.008067,14.555445,crop|jpeg|downup50
1522,220.9386,0.065792,4.066960,jpeg|crop|blur
1523,216.5371,0.012009,3.243754,blur|jpeg|downup50
1524,216.6154,0.011049,2.839999,occlusion|blur|crop
1525,214.1600,0.003770,4.326787,msg_app|occlusion|clean
1526,213.9527,0.025307,4.378269,msg_app|downup50|crop
1527,213.8008,0.002212,0.469788,occlusion|downup50|clean
1528,213.1474,0.002124,1.469312,downup50|clean|downup50
1529,212.3448,0.006746,1.643826,occlusion|occlusion|msg_app
1530,211.9895,0.133838,11.240856,crop|clean|msg_app
1531,213.0684,0.001172,2.095483,occlusion|blur|occlusion
1532,216.6858,0.006185,1.538713,msg_app|blur|occlusion
1533,213.1919,0.003167,0.702481,blur|blur|occlusion
1534,212.3890,0.051811,7.727314,occlusion|msg_app|downup50
1535,212.2455,0.032430,12.878777,crop|jpeg|blur
1536,212.8920,0.006750,9.205121,jpeg|jpeg|blur
1537,211.5493,0.035531,5.735747,occlusion|msg_app|clean
1538,211.1414,0.021493,4.353216,blur|jpeg|downup50
1539,211.0748,0.077284,21.831861,jpeg|msg_app|msg_app
1540,211.4424,0.000485,1.182455,occlusion|downup50|blur
1541,210.5451,0.060069,12.897824,crop|jpeg|crop
1542,211.4929,0.001299,1.629811,blur|jpeg|jpeg
1543,210.7056,0.032005,4.383329,msg_app|occlusion|blur
1544,210.6716,0.001750,0.519596,blur|downup50|occlusion
1545,210.2985,0.019283,18.137841,crop|downup50|msg_app
1546,210.5397,0.000864,1.804846,jpeg|blur|blur
1547,210.5497,0.001519,6.186346,blur|occlusion|msg_app
1548,210.7243,0.029182,19.140464,clean|clean|msg_app
1549,210.6395,0.031474,12.625035,jpeg|occlusion|jpeg
1550,211.2101,0.083962,6.239823,jpeg|msg_app|downup50
1551,210.7234,0.010917,6.173070,clean|jpeg|jpeg
1552,215.3238,0.000506,0.210665,downup50|clean|clean
1553,212.8500,0.004325,14.047961,jpeg|jpeg|occlusion
1554,210.9677,0.000706,9.076476,clean|msg_app|jpeg
1555,210.4414,0.107712,9.200928,crop|clean|jpeg
1556,211.4736,0.044666,14.102356,crop|clean|downup50
1557,210.8068,0.001426,20.537068,msg_app|clean|blur
1558,211.7344,0.127832,15.281833,crop|downup50|blur
1559,212.2088,0.027575,4.959297,downup50|msg_app|jpeg
1560,212.0667,0.001605,0.213762,downup50|occlusion|downup50
1561,220.2868,0.007992,5.049522,msg_app|jpeg|occlusion
1562,217.0894,0.034988,11.809224,crop|clean|jpeg
1563,226.6560,0.003541,22.811380,clean|jpeg|msg_app
1564,220.3259,0.154621,7.272013,jpeg|crop|clean
1565,226.5564,0.105073,9.252354,msg_app|crop|blur
1566,223.7148,0.021238,3.101353,jpeg|clean|blur
1567,228.7016,0.057346,16.623750,crop|jpeg|clean
1568,226.6199,0.013857,4.643822,jpeg|jpeg|occlusion
1569,229.6692,0.008759,13.782807,jpeg|occlusion|msg_app
1570,229.4969,0.020402,3.014487,jpeg|blur|blur
1571,219.0126,0.014165,7.693147,crop|msg_app|downup50
1572,225.9290,0.006509,1.335334,clean|jpeg|jpeg
1573,225.2119,0.046053,17.233428,msg_app|msg_app|msg_app
1574,222.5113,0.010052,2.005957,blur|occlusion|blur
1575,220.3838,0.039021,17.200577,msg_app|crop|occlusion
1576,225.6470,0.073177,13.580449,crop|downup50|jpeg
1577,229.7182,0.015959,9.255415,blur|crop|occlusion
1578,227.5704,0.008071,1.348899,downup50|msg_app|jpeg
1579,222.3277,0.008213,9.925036,occlusion|jpeg|clean
1580,226.5390,0.001280,9.962148,jpeg|clean|jpeg
1581,224.4000,0.000476,1.776431,downup50|occlusion|downup50
1582,225.4096,0.039046,13.339686,jpeg|crop|downup50
1583,221.9321,0.018457,5.580264,msg_app|crop|jpeg
1584,228.9952,0.001764,0.524177,downup50|occlusion|blur
1585,218.2826,0.111208,19.072967,downup50|crop|downup50
1586,223.4372,0.090368,10.300726,blur|clean|crop
1587,222.0509,0.000801,0.187609,clean|clean|clean
1588,228.3107,0.001826,4.206528,clean|blur|jpeg
1589,226.2351,0.004474,0.895999,occlusion|jpeg|clean
1590,226.4398,0.001870,0.492695,blur|downup50|jpeg
1591,224.4342,0.053099,9.941235,downup50|crop|jpeg
1592,222.5820,0.020967,8.433170,occlusion|crop|occlusion
1593,220.3657,0.003228,2.717434,blur|msg_app|jpeg
1594,218.5852,0.003628,0.724846,blur|occlusion|occlusion
1595,221.1859,0.041575,17.732123,crop|clean|blur
1596,228.6400,0.031028,4.968870,downup50|downup50|blur
1597,225.7654,0.000614,0.250854,downup50|clean|occlusion
1598,228.8300,0.157235,28.720452,crop|crop|clean
1599,227.1891,0.002318,2.016564,occlusion|downup50|jpeg
1600,224.0339,0.005091,4.766897,clean|downup50|clean
1601,228.2959,0.019804,4.099697,downup50|jpeg|downup50
1602,223.8170,0.074473,19.136093,clean|downup50|crop
1603,224.5674,0.099689,10.702045,crop|downup50|downup50
1604,225.4059,0.028976,16.261906,downup50|crop|downup50
1605,224.9496,0.010924,10.901787,clean|msg_app|clean
1606,225.2194,0.000916,0.153393,clean|downup50|occlusion
1607,228.3255,0.036167,8.044450,clean|occlusion|crop
1608,231.8587,0.000739,4.224543,jpeg|clean|occlusion
1609,224.6568,0.000493,0.255621,clean|occlusion|occlusion
1610,220.1084,0.020182,3.835373,downup50|jpeg|clean
1611,212.7134,0.000230,0.055686,downup50|downup50|clean
1612,216.1640,0.007352,17.454987,blur|occlusion|crop
1613,210.6483,0.163386,10.966774,occlusion|crop|clean
1614,211.3631,0.017294,24.915697,msg_app|msg_app|msg_app
1615,211.2008,0.003485,3.606980,jpeg|occlusion|occlusion
1616,211.7109,0.000949,1.917814,occlusion|msg_app|jpeg
1617,210.9890,0.005092,2.257553,occlusion|jpeg|msg_app
1618,211.3450,0.001490,0.798724,downup50|downup50|blur
1619,211.9986,0.082472,14.340938,jpeg|crop|jpeg
1620,212.0865,0.002335,14.037562,downup50|msg_app|jpeg
1621,211.6583,0.055689,21.904538,msg_app|crop|jpeg
1622,211.5415,0.029210,13.463065,crop|msg_app|blur
1623,211.9127,0.016475,2.898639,msg_app|occlusion|clean
1624,211.8240,0.014403,4.133245,clean|downup50|msg_app
1625,211.7311,0.018561,4.217486,clean|crop|occlusion
1626,211.5094,0.000863,0.949886,downup50|blur|jpeg
1627,213.9052,0.007098,1.522561,downup50|blur|jpeg
1628,211.0156,0.040868,14.330719,clean|downup50|crop
1629,210.5303,0.017906,15.210689,crop|jpeg|crop
1630,211.3709,0.008557,2.236283,jpeg|downup50|downup50
1631,210.8712,0.058143,25.609664,msg_app|crop|msg_app
1632,211.7802,0.045186,7.886768,downup50|crop|downup50
1633,211.2278,0.001030,2.799002,downup50|blur|downup50
1634,211.1635,0.006390,24.947546,jpeg|blur|msg_app
1635,211.1061,0.002990,19.080486,clean|occlusion|msg_app
1636,211.5714,0.022255,4.195624,msg_app|jpeg|crop
1637,211.0511,0.024667,14.198802,msg_app|crop|clean
1638,210.1712,0.118779,15.547300,crop|occlusion|jpeg
1639,211.4214,0.130521,7.529550,crop|clean|occlusion
1640,210.9272,0.015831,11.144064,clean|msg_app|crop
1641,211.8641,0.036763,16.540806,occlusion|crop|msg_app
1642,211.2230,0.004011,3.368607,msg_app|occlusion|clean
1643,211.5290,0.011138,5.390081,msg_app|clean|occlusion
1644,211.5866,0.002356,1.402244,occlusion|downup50|occlusion
1645,210.7526,0.036888,17.870504,occlusion|downup50|crop
1646,211.4249,0.010288,21.302547,blur|occlusion|msg_app
1647,210.5462,0.015879,2.224801,downup50|blur|jpeg
1648,211.5156,0.082989,24.657362,msg_app|crop|crop
1649,210.8633,0.047996,9.815779,msg_app|msg_app|jpeg
1650,211.3702,0.003856,1.449275,occlusion|clean|jpeg
1651,211.2562,0.124370,14.466464,blur|downup50|crop
1652,210.6142,0.001624,1.161445,blur|occlusion|downup50
1653,211.0658,0.012419,11.229073,crop|blur|msg_app
1654,210.3088,0.002749,0.351522,downup50|occlusion|downup50
1655,211.5909,0.001616,1.017844,downup50|downup50|downup50
1656,210.8086,0.002189,9.561287,downup50|msg_app|clean
1657,212.0203,0.001892,0.814687,jpeg|blur|occlusion
1658,212.2400,0.031679,19.918452,crop|msg_app|clean
1659,211.6157,0.051069,10.072078,crop|crop|jpeg
1660,210.9027,0.005931,0.953855,occlusion|clean|clean
1661,210.2500,0.119740,6.539103,jpeg|crop|occlusion
1662,210.7648,0.001374,0.576791,jpeg|occlusion|downup50
1663,210.5832,0.009940,1.660087,downup50|downup50|jpeg
1664,211.2371,0.000881,0.437472,jpeg|clean|clean
1665,210.5590,0.171728,17.044427,occlusion|crop|occlusion
1666,211.9543,0.016037,2.439603,msg_app|msg_app|clean
1667,211.1679,0.035097,15.952316,msg_app|downup50|jpeg
1668,211.4107,0.000531,1.024728,downup50|downup50|downup50
1669,211.0005,0.074969,20.062667,crop|crop|jpeg
1670,211.3016,0.089285,5.734949,downup50|blur|crop
1671,211.0647,0.011888,10.121294,clean|jpeg|occlusion
1672,210.8948,0.001609,2.177424,jpeg|downup50|blur
1673,211.4461,0.015352,16.898000,crop|jpeg|downup50
1674,210.7668,0.061728,4.704720,clean|occlusion|msg_app
1675,212.9663,0.007204,1.545844,clean|jpeg|occlusion
1676,210.9420,0.050770,9.724192,crop|msg_app|crop
1677,211.3427,0.053497,9.893343,crop|blur|blur
1678,211.7435,0.009557,3.292997,occlusion|msg_app|blur
1679,211.2077,0.010993,11.375955,msg_app|clean|crop
1680,213.3568,0.002017,1.484455,jpeg|downup50|blur
1681,211.4613,0.092334,15.589388,jpeg|crop|msg_app
1682,212.0200,0.014313,2.243028,jpeg|blur|downup50
1683,211.8396,0.049669,7.615685,blur|msg_app|blur
1684,211.9304,0.018658,5.984369,downup50|crop|blur
1685,211.0690,0.006929,10.510973,msg_app|downup50|msg_app
1686,211.1093,0.001599,0.729796,occlusion|occlusion|blur
1687,210.7450,0.003571,24.440356,clean|jpeg|blur
1688,210.5523,0.016428,14.591405,downup50|crop|crop
1689,212.3629,0.000277,0.250784,downup50|downup50|occlusion
1690,211.3862,0.028385,3.813149,jpeg|msg_app|blur
1691,211.6199,0.000949,0.627745,blur|occlusion|occlusion
1692,211.2384,0.024760,20.391016,blur|occlusion|crop
1693,211.5001,0.080345,5.888856,msg_app|occlusion|crop
1694,211.8268,0.017438,21.093923,jpeg|jpeg|crop
1695,210.6050,0.001695,2.719555,msg_app|occlusion|blur
1696,210.9629,0.042723,11.203511,crop|blur|blur
1697,212.1977,0.113816,10.246232,blur|crop|occlusion
1698,211.9452,0.026306,21.378115,msg_app|msg_app|jpeg
1699,210.7478,0.008066,1.406240,occlusion|occlusion|downup50
1700,211.7200,0.004033,2.406019,occlusion|downup50|blur
1701,211.8337,0.010272,9.777941,occlusion|msg_app|jpeg
1702,211.5568,0.039524,14.561489,clean|crop|crop
1703,210.7986,0.000425,0.418953,clean|clean|occlusion
1704,211.0532,0.000986,3.865204,jpeg|jpeg|msg_app
1705,212.0124,0.003158,0.586431,blur|occlusion|blur
1706,211.2899,0.005348,14.550557,msg_app|blur|downup50
1707,211.4415,0.000092,0.305066,occlusion|clean|downup50
1708,210.4546,0.006232,20.238901,downup50|msg_app|jpeg
1709,211.3960,0.000361,0.053820,clean|downup50|downup50
1710,211.1738,0.073455,28.771458,crop|jpeg|occlusion
1711,211.9446,0.012812,4.138093,jpeg|blur|jpeg
1712,210.9594,0.000220,0.211108,clean|clean|occlusion
1713,210.8285,0.013065,4.402863,blur|downup50|msg_app
1714,211.8322,0.029904,16.440538,msg_app|clean|jpeg
1715,211.7019,0.002350,0.731156,jpeg|occlusion|blur
1716,211.1998,0.090762,26.730326,crop|crop|downup50
1717,210.9006,0.007413,19.633709,crop|downup50|msg_app
1718,212.3889,0.016757,21.696004,clean|blur|msg_app
1719,210.8696,0.030298,5.493456,occlusion|blur|clean
1720,210.7639,0.022487,7.158001,downup50|occlusion|msg_app
1721,211.6574,0.128076,20.952125,occlusion|occlusion|crop
1722,210.8560,0.031633,11.297321,msg_app|occlusion|blur
1723,212.5650,0.000457,5.885486,downup50|blur|msg_app
1724,210.4243,0.000445,0.753307,clean|occlusion|blur
1725,211.5150,0.145180,11.414640,occlusion|clean|crop
1726,210.9121,0.010079,7.420365,crop|downup50|downup50
1727,211.3352,0.005653,2.228300,jpeg|jpeg|blur
1728,211.0597,0.013236,2.170782,jpeg|msg_app|occlusion
1729,210.8134,0.058598,6.413620,blur|clean|occlusion
1730,211.3768,0.001994,0.620520,blur|occlusion|occlusion
1731,210.0786,0.034310,13.585412,occlusion|crop|crop
1732,212.0136,0.000537,4.995158,occlusion|jpeg|downup50
1733,210.5310,0.019903,1.856219,jpeg|occlusion|clean
1734,212.8451,0.001718,0.635625,downup50|occlusion|downup50
1735,211.6694,0.005067,0.688746,occlusion|occlusion|clean
1736,211.0913,0.134234,6.516082,downup50|crop|crop
1737,211.3910,0.023054,16.643920,occlusion|jpeg|occlusion
1738,208.5483,0.004614,0.724976,jpeg|jpeg|msg_app
1739,209.8496,0.018507,12.211244,occlusion|msg_app|msg_app
1740,208.7969,0.000635,0.155799,clean|msg_app|jpeg
1741,209.5605,0.006820,1.265415,downup50|jpeg|jpeg
1742,208.9511,0.001245,0.522701,occlusion|clean|downup50
1743,209.1920,0.091723,20.011599,clean|crop|downup50
1744,209.4829,0.001314,2.678109,msg_app|occlusion|jpeg
1745,207.8912,0.043480,9.820495,crop|occlusion|jpeg
1746,209.1731,0.006143,1.513584,occlusion|jpeg|occlusion
1747,207.6373,0.005687,1.131531,downup50|clean|jpeg
1748,208.8852,0.073898,8.408131,clean|blur|crop
1749,208.1729,0.007438,1.605799,clean|msg_app|jpeg
1750,208.4422,0.150972,10.827884,msg_app|crop|downup50
1751,209.4722,0.039878,17.714928,downup50|crop|clean
1752,208.9256,0.021169,4.032754,msg_app|clean|msg_app
1753,208.0398,0.041715,12.636560,crop|clean|jpeg
1754,208.6197,0.062891,10.143601,jpeg|crop|occlusion
1755,209.1876,0.142723,13.675369,msg_app|crop|jpeg
1756,208.7281,0.105751,13.662078,crop|occlusion|clean
1757,209.0197,0.000911,4.222268,jpeg|clean|occlusion
1758,208.5129,0.003822,15.466169,jpeg|blur|occlusion
1759,208.1565,0.090190,9.161372,downup50|jpeg|crop
1760,208.8843,0.000914,0.885873,jpeg|occlusion|msg_app
1761,208.4071,0.033237,11.976711,msg_app|downup50|crop
1762,209.4953,0.212807,3.694898,jpeg|crop|jpeg
1763,209.1662,0.027376,4.045615,msg_app|crop|clean
1764,209.7692,0.001813,0.637953,jpeg|downup50|downup50
1765,209.3729,0.082915,3.454568,crop|clean|downup50
1766,209.7866,0.000538,0.280544,downup50|clean|occlusion
1767,210.5198,0.051413,6.762402,jpeg|clean|msg_app
1768,209.2296,0.069377,11.182350,occlusion|crop|blur
1769,210.9603,0.006872,5.364081,msg_app|blur|occlusion
1770,209.0134,0.006576,3.646338,msg_app|clean|occlusion
1771,211.9870,0.028656,5.863601,blur|jpeg|blur
1772,210.7698,0.001972,1.433591,blur|blur|clean
1773,210.4521,0.017323,3.562298,msg_app|occlusion|msg_app
1774,209.3945,0.022223,8.280798,crop|blur|occlusion
1775,208.9673,0.001130,2.785132,downup50|occlusion|clean
1776,209.3537,0.045634,17.832875,downup50|crop|jpeg
1777,209.4913,0.131750,9.497670,occlusion|jpeg|crop
1778,209.4337,0.002920,3.751046,blur|occlusion|blur
1779,210.0508,0.056065,5.978365,jpeg|msg_app|jpeg
1780,209.5148,0.065800,7.223413,occlusion|crop|downup50
1781,208.7105,0.001440,0.938356,jpeg|downup50|blur
1782,209.2811,0.043823,11.055525,jpeg|crop|jpeg
1783,209.0055,0.000473,0.313906,occlusion|clean|clean
1784,208.5829,0.002343,2.033777,blur|jpeg|occlusion
1785,208.9228,0.000216,0.202973,downup50|clean|downup50
1786,208.3039,0.109041,22.364951,crop|crop|blur
1787,209.8428,0.010379,1.824406,msg_app|msg_app|jpeg
1788,209.1740,0.015005,20.024723,msg_app|blur|downup50
1789,209.6655,0.020049,2.938801,occlusion|blur|jpeg
1790,209.1503,0.008271,2.263412,jpeg|downup50|msg_app
1791,209.4622,0.452708,16.031036,clean|crop|crop
1792,209.5458,0.080790,6.544640,downup50|msg_app|msg_app
1793,208.8610,0.145180,15.812696,msg_app|crop|msg_app
1794,209.4663,0.006163,4.816186,jpeg|msg_app|jpeg
1795,209.7090,0.003986,13.082308,clean|jpeg|msg_app
1796,210.0728,0.056105,15.404520,clean|crop|msg_app
1797,209.1626,0.073259,6.064732,crop|blur|jpeg
1798,208.3053,0.000300,0.125524,clean|downup50|clean
1799,208.0040,0.000302,0.282446,blur|downup50|occlusion
1800,208.2600,0.011129,1.735185,downup50|occlusion|jpeg
1801,208.0909,0.002049,13.522133,clean|msg_app|clean
1802,209.1802,0.016089,4.278946,jpeg|occlusion|blur
1803,208.8040,0.004085,4.426938,clean|msg_app|jpeg
1804,208.4916,0.002790,9.973927,downup50|jpeg|msg_app
1805,208.7065,0.007487,1.850506,jpeg|occlusion|jpeg
1806,207.6367,0.069588,5.223769,msg_app|crop|downup50
1807,207.1724,0.011888,14.862285,clean|downup50|crop
1808,206.8542,0.001337,1.708801,downup50|blur|occlusion
1809,207.3652,0.000955,0.639179,msg_app|downup50|downup50
1810,208.3264,0.001965,0.473554,clean|clean|blur
1811,208.7736,0.002430,1.233636,jpeg|msg_app|occlusion
1812,207.9742,0.059896,7.421148,msg_app|msg_app|crop
1813,206.7622,0.003459,4.264262,jpeg|downup50|msg_app
1814,207.8965,0.004798,15.843303,msg_app|blur|blur
1815,207.2760,0.000288,0.162295,downup50|occlusion|clean
1816,207.3828,0.011259,1.543111,msg_app|jpeg|jpeg
1817,208.5552,0.001740,0.232294,clean|occlusion|clean
1818,208.0358,0.040467,4.209140,downup50|jpeg|crop
1819,208.3478,0.138088,7.200185,jpeg|crop|clean
1820,208.8709,0.007880,23.827049,crop|downup50|msg_app
1821,207.7903,0.080397,35.162979,occlusion|occlusion|crop
1822,207.5331,0.009451,17.366808,crop|jpeg|clean
1823,207.7088,0.137767,22.536619,crop|downup50|crop
1824,208.6047,0.050826,22.731001,msg_app|crop|jpeg
1825,208.3242,0.001125,1.589635,clean|blur|occlusion
1826,208.8688,0.017561,3.518925,occlusion|msg_app|jpeg
1827,208.9230,0.069365,7.598272,jpeg|crop|jpeg
1828,208.2659,0.064728,7.304866,crop|jpeg|occlusion
1829,217.2332,0.010764,5.117826,msg_app|msg_app|crop
1830,219.2701,0.033088,4.657582,downup50|occlusion|msg_app
1831,226.3359,0.003317,1.549794,blur|occlusion|occlusion
1832,226.9526,0.029079,7.033804,blur|crop|downup50
1833,223.8351,0.007218,2.273758,downup50|clean|msg_app
1834,226.2874,0.002703,2.182881,jpeg|occlusion|clean
1835,221.0138,0.002560,0.607926,msg_app|blur|clean
1836,208.7583,0.009677,10.272309,downup50|blur|downup50
1837,223.4469,0.003875,1.366976,downup50|blur|jpeg
1838,227.6266,0.001590,0.220737,jpeg|downup50|downup50
1839,227.9885,0.000269,0.039608,downup50|clean|downup50
1840,228.7283,0.052407,7.910584,blur|clean|msg_app
1841,224.9515,0.078205,11.892164,crop|jpeg|blur
1842,215.0911,0.003416,0.405534,occlusion|msg_app|occlusion
1843,213.2960,0.013561,10.808030,crop|downup50|downup50
1844,217.6555,0.001562,0.310089,downup50|clean|blur
1845,233.7177,0.035326,21.887979,clean|crop|downup50
1846,241.2219,0.001489,1.594584,blur|occlusion|msg_app
1847,242.4399,0.194471,14.855496,clean|msg_app|crop
1848,243.6564,0.008385,1.251867,blur|occlusion|jpeg
1849,236.8403,0.143580,13.098306,downup50|crop|downup50
1850,243.7432,0.001274,0.155125,occlusion|msg_app|occlusion
1851,234.1408,0.000277,0.057677,clean|downup50|occlusion
1852,242.5162,0.117488,9.803606,downup50|clean|crop
1853,250.8878,0.061772,7.036171,clean|crop|msg_app
1854,254.1974,0.192598,9.132026,crop|clean|occlusion
1855,243.5284,0.005651,7.723935,blur|jpeg|occlusion
1856,243.4360,0.003764,8.767611,clean|blur|msg_app
1857,244.5262,0.009483,2.285975,occlusion|msg_app|msg_app
1858,243.0370,0.014907,18.616637,crop|occlusion|occlusion
1859,240.1625,0.001090,8.977109,jpeg|clean|clean
1860,234.9452,0.046585,7.736142,jpeg|crop|jpeg
1861,235.9447,0.000935,2.581078,msg_app|occlusion|downup50
1862,235.5714,0.014049,2.527440,msg_app|jpeg|jpeg
1863,229.6728,0.043485,9.790478,blur|blur|blur
1864,239.2704,0.005090,16.424208,crop|jpeg|blur
1865,219.9178,0.011699,2.677610,downup50|blur|msg_app
1866,218.6733,0.001238,2.080508,downup50|blur|blur
1867,217.7140,0.051171,13.571646,msg_app|jpeg|crop
1868,221.3060,0.047668,4.403921,jpeg|downup50|jpeg
1869,227.6692,0.084678,18.213902,occlusion|crop|downup50
1870,231.4410,0.054308,4.450955,occlusion|crop|occlusion
1871,229.0504,0.000478,0.069869,clean|downup50|clean
1872,233.0348,0.025988,15.895273,occlusion|crop|occlusion
1873,234.2788,0.024149,11.260929,jpeg|crop|msg_app
1874,234.7452,0.053609,4.738853,crop|occlusion|downup50
1875,231.1828,0.001936,0.527738,msg_app|blur|downup50
1876,235.8554,0.006671,20.821690,occlusion|blur|crop
1877,230.5343,0.000317,0.751471,blur|clean|clean
1878,230.2504,0.038188,6.569261,msg_app|jpeg|jpeg
1879,235.3555,0.017422,13.441091,blur|occlusion|crop
1880,237.0846,0.066901,12.585875,jpeg|jpeg|downup50
1881,236.5579,0.000737,0.927843,jpeg|occlusion|downup50
1882,235.8266,0.014170,2.482640,clean|clean|jpeg
1883,235.3258,0.044418,4.072542,msg_app|jpeg|occlusion
1884,240.4877,0.057204,20.946647,crop|clean|crop
1885,239.8150,0.003068,8.401069,occlusion|msg_app|jpeg
1886,233.5606,0.022436,18.641804,msg_app|occlusion|crop
1887,230.4248,0.002282,0.827163,clean|downup50|jpeg
1888,230.3831,0.072378,4.019229,jpeg|blur|crop
1889,231.0500,0.011100,4.979192,occlusion|clean|crop
1890,231.0615,0.011488,1.922848,clean|msg_app|downup50
1891,234.4767,0.010121,3.711931,clean|clean|msg_app
1892,248.5247,0.019722,5.420974,blur|jpeg|crop
1893,252.0925,0.016984,2.702156,downup50|jpeg|jpeg
1894,253.3882,0.001256,2.934943,occlusion|blur|blur
1895,241.0380,0.007643,6.102013,downup50|crop|occlusion
1896,231.6704,0.062631,16.773435,crop|msg_app|clean
1897,231.5621,0.099276,11.443747,blur|crop|msg_app
1898,175.5450,0.060695,12.569700,occlusion|jpeg|crop
1899,117.7622,0.102885,11.538311,blur|crop|jpeg
1900,117.9913,0.006776,3.907730,occlusion|downup50|jpeg
1901,116.9939,0.014749,2.488931,jpeg|msg_app|occlusion
1902,117.9744,0.106950,14.908391,crop|blur|crop
1903,117.0997,0.007601,4.457809,occlusion|jpeg|downup50
1904,116.5505,0.024890,27.559265,msg_app|occlusion|crop
1905,117.3593,0.009209,1.550165,msg_app|clean|jpeg
1906,118.6974,0.003478,2.101761,blur|blur|blur
1907,135.4736,0.044624,14.320533,crop|occlusion|crop
1908,240.7908,0.001684,0.433080,downup50|occlusion|clean
1909,232.6395,0.025150,10.629739,downup50|downup50|crop
1910,237.4791,0.023802,7.226609,jpeg|blur|msg_app
1911,230.6064,0.105727,9.965869,msg_app|msg_app|crop
1912,228.5133,0.058924,11.658311,clean|crop|msg_app
1913,230.8392,0.002470,0.783332,msg_app|jpeg|clean
1914,240.8662,0.000230,0.257731,downup50|blur|clean
1915,230.4717,0.004280,3.410228,clean|crop|blur
1916,229.9497,0.000398,0.160525,occlusion|clean|blur
1917,230.1952,0.011035,2.732574,downup50|msg_app|downup50
1918,230.1664,0.000283,0.035219,jpeg|downup50|downup50
1919,230.5250,0.000430,0.170809,clean|jpeg|occlusion
1920,236.5836,0.001172,0.169372,downup50|downup50|jpeg
1921,235.0964,0.008071,5.628856,msg_app|downup50|clean
1922,234.2568,0.036022,17.225492,crop|msg_app|blur
1923,230.8129,0.223797,12.459648,clean|occlusion|crop
1924,232.7915,0.042099,7.176649,occlusion|msg_app|jpeg
1925,232.3052,0.005572,1.441682,downup50|jpeg|msg_app
1926,237.0270,0.000822,0.694468,occlusion|blur|clean
1927,235.5467,0.012464,2.431836,blur|blur|msg_app
1928,233.6161,0.003549,1.257940,clean|jpeg|occlusion
1929,236.1658,0.001177,1.821941,occlusion|downup50|jpeg
1930,245.4868,0.002790,23.175456,jpeg|occlusion|msg_app
1931,247.6212,0.063092,5.509080,occlusion|crop|blur
1932,245.5347,0.020729,3.718521,blur|blur|clean
1933,242.3652,0.000349,0.184707,downup50|downup50|blur
1934,245.3229,0.036921,15.706416,crop|clean|blur
1935,237.3287,0.031527,12.342801,occlusion|clean|crop
1936,236.3360,0.063487,9.656948,crop|msg_app|clean
1937,238.4450,0.078890,8.742409,jpeg|crop|msg_app
1938,231.5583,0.001377,2.177091,jpeg|clean|jpeg
1939,234.9627,0.009790,13.638306,blur|jpeg|occlusion
1940,245.1596,0.120429,5.388985,jpeg|downup50|crop
1941,230.9531,0.042974,12.424825,crop|clean|msg_app
1942,235.1719,0.001754,1.368303,jpeg|occlusion|occlusion
1943,234.5284,0.036618,13.874385,clean|blur|crop
1944,234.9366,0.001487,0.508987,clean|occlusion|occlusion
1945,231.2964,0.042752,12.010542,downup50|msg_app|crop
1946,237.0738,0.009875,2.694470,downup50|msg_app|blur
1947,237.7772,0.111813,19.423438,blur|jpeg|crop
1948,235.3246,0.004049,0.673144,jpeg|occlusion|downup50
1949,233.8309,0.067279,9.996062,jpeg|clean|crop
1950,236.5359,0.001515,0.350099,clean|blur|clean
1951,234.2335,0.019649,6.807366,jpeg|jpeg|crop
1952,235.9739,0.226479,22.276153,occlusion|crop|crop
1953,238.0424,0.019175,6.497053,jpeg|clean|crop
1954,235.3812,0.006823,4.632258,blur|occlusion|downup50
1955,236.8924,0.031682,17.086864,msg_app|blur|occlusion
1956,234.7832,0.048152,7.791215,jpeg|msg_app|blur
1957,235.0340,0.003982,0.437182,clean|jpeg|clean
1958,232.0287,0.002287,0.943097,blur|occlusion|clean
1959,231.0335,0.097888,4.820060,blur|crop|downup50
1960,229.6933,0.011312,1.951976,jpeg|occlusion|msg_app
1961,230.9216,0.001461,1.350304,msg_app|clean|occlusion
1962,229.0124,0.057426,12.700820,occlusion|crop|jpeg
1963,230.5060,0.006409,3.763111,blur|blur|clean
1964,227.7589,0.000927,0.137276,occlusion|clean|downup50
1965,230.9876,0.027527,21.233325,blur|jpeg|crop
1966,228.8296,0.002617,0.471081,msg_app|occlusion|occlusion
1967,241.8015,0.021522,7.557776,jpeg|clean|crop
1968,239.0283,0.005730,21.081020,msg_app|jpeg|jpeg
1969,239.1061,0.001529,17.824014,msg_app|jpeg|downup50
1970,240.7786,0.027995,9.546809,downup50|crop|crop
1971,237.3842,0.075722,5.609564,blur|crop|downup50
1972,238.6137,0.066005,15.673074,occlusion|crop|msg_app
1973,234.7849,0.000161,0.050156,clean|occlusion|occlusion
1974,233.7481,0.000515,0.077606,downup50|occlusion|downup50
1975,241.4821,0.234684,14.184540,msg_app|crop|crop
1976,234.1844,0.048286,7.173013,jpeg|crop|downup50
1977,243.4380,0.004484,6.568448,occlusion|crop|downup50
1978,236.7997,0.056358,13.024651,downup50|blur|msg_app
1979,244.4731,0.016353,22.012158,downup50|crop|jpeg
1980,244.8540,0.072258,9.204012,jpeg|crop|blur
1981,254.6011,0.058195,10.307446,crop|occlusion|msg_app
1982,254.0240,0.000862,0.404371,jpeg|downup50|downup50
1983,264.9185,0.003523,0.814939,blur|downup50|msg_app
1984,250.4419,0.000453,1.040570,jpeg|jpeg|downup50
1985,251.8776,0.144864,23.876444,jpeg|crop|downup50
1986,246.9749,0.000346,0.253560,downup50|jpeg|downup50
1987,254.4861,0.125350,6.529719,occlusion|downup50|crop
1988,247.3346,0.015023,10.973283,crop|blur|occlusion
1989,248.4238,0.000487,0.725667,msg_app|clean|downup50
1990,234.8286,0.014251,6.669894,downup50|blur|crop
1991,230.0791,0.086351,4.471205,occlusion|crop|jpeg
1992,233.6039,0.000843,1.560811,jpeg|downup50|clean
1993,228.2919,0.015939,5.336829,occlusion|crop|blur
1994,234.0244,0.061579,13.326026,jpeg|crop|crop
1995,238.3338,0.010583,15.227244,crop|blur|occlusion
1996,235.7401,0.009063,6.762737,crop|occlusion|jpeg
1997,234.6754,0.004912,4.502364,jpeg|blur|jpeg
1998,228.6656,0.007201,19.794534,clean|msg_app|msg_app
1999,230.3964,0.002333,1.800012,occlusion|clean|occlusion
2000,234.6465,0.000939,0.335096,jpeg|msg_app|msg_app
