global_step,step_time_sec,meta_loss,grad_norm,tasks
1,218.9357,0.700437,5.664381,clean|downup50|crop
2,218.6936,0.714040,5.758303,jpeg|blur|msg_app
3,212.3466,0.706653,6.467354,occlusion|blur|downup50
4,214.3593,0.665769,5.835763,clean|clean|msg_app
5,213.3972,0.732356,6.305904,occlusion|blur|msg_app
6,212.8461,0.658496,6.001219,jpeg|occlusion|msg_app
7,216.4181,0.659129,5.532161,clean|msg_app|clean
8,208.0854,0.713486,6.703986,msg_app|downup50|occlusion
9,216.4350,0.664587,5.637895,jpeg|crop|crop
10,214.2271,0.651642,5.803974,clean|clean|blur
11,203.9628,0.646089,5.755712,blur|blur|crop
12,203.4375,0.606043,5.728421,occlusion|occlusion|blur
13,202.4925,0.678006,6.189477,blur|blur|crop
14,202.1452,0.630911,5.830558,clean|msg_app|jpeg
15,202.4883,0.664051,6.608926,crop|jpeg|occlusion
16,202.0559,0.638089,6.933276,occlusion|crop|jpeg
17,202.1728,0.666664,6.169893,crop|blur|crop
18,202.8287,0.651436,6.098501,crop|occlusion|downup50
19,202.3554,0.649856,6.175190,blur|clean|msg_app
20,202.6856,0.654405,6.240977,msg_app|downup50|occlusion
21,202.3468,0.634058,6.131127,clean|crop|downup50
22,202.6556,0.636991,6.256086,jpeg|msg_app|downup50
23,202.8821,0.579482,6.401369,clean|crop|downup50
24,202.8227,0.632735,6.199065,clean|blur|crop
25,202.7733,0.639232,7.186659,blur|downup50|occlusion
26,203.0108,0.609981,6.000401,crop|clean|blur
27,202.4043,0.554236,5.648738,occlusion|jpeg|occlusion
28,203.0824,0.616119,6.442105,jpeg|crop|blur
29,202.6772,0.591455,5.827496,occlusion|occlusion|jpeg
30,203.3934,0.679368,7.540951,msg_app|jpeg|jpeg
31,201.7194,0.614507,6.910420,msg_app|crop|msg_app
32,202.1102,0.536999,5.675048,blur|occlusion|clean
33,202.6472,0.565316,5.813048,msg_app|occlusion|occlusion
34,201.7530,0.498945,5.479776,clean|occlusion|occlusion
35,202.7850,0.546689,6.327832,occlusion|downup50|occlusion
36,202.1185,0.589302,6.870211,occlusion|msg_app|jpeg
37,202.4095,0.575823,6.329783,downup50|msg_app|occlusion
38,202.0829,0.580844,6.864816,downup50|jpeg|jpeg
39,202.6288,0.498994,5.870290,occlusion|clean|msg_app
40,203.1708,0.603115,6.135264,blur|clean|msg_app
41,202.6449,0.575780,6.559638,clean|msg_app|jpeg
42,202.5413,0.499666,6.053574,occlusion|clean|msg_app
43,202.0524,0.537461,6.722877,clean|crop|jpeg
44,202.2523,0.492839,6.718789,occlusion|jpeg|downup50
45,203.6139,0.482675,6.138688,downup50|occlusion|downup50
46,202.5614,0.553407,6.867152,clean|crop|blur
47,202.4606,0.599887,8.017568,jpeg|msg_app|jpeg
48,202.3758,0.580710,7.109697,downup50|crop|msg_app
49,202.7684,0.513434,6.638184,blur|occlusion|crop
50,202.7643,0.609157,7.652680,jpeg|blur|msg_app
51,203.2336,0.519294,7.362483,downup50|crop|occlusion
52,203.0652,0.501097,6.833621,clean|msg_app|crop
53,202.6708,0.530998,7.329641,msg_app|clean|crop
54,202.8303,0.475106,7.041164,clean|blur|downup50
55,202.7172,0.463865,7.690562,blur|occlusion|clean
56,202.5759,0.417275,6.927972,occlusion|clean|crop
57,202.4064,0.471184,6.931024,jpeg|jpeg|occlusion
58,203.2744,0.555006,9.249329,msg_app|crop|downup50
59,202.9897,0.427678,6.634371,occlusion|occlusion|jpeg
60,202.7443,0.465292,7.445533,crop|occlusion|crop
61,203.0739,0.443523,7.350591,downup50|occlusion|msg_app
62,202.7481,0.430213,7.214083,blur|occlusion|occlusion
63,203.5185,0.540916,8.958527,msg_app|occlusion|downup50
64,203.0852,0.506403,8.179607,clean|blur|blur
65,202.4735,0.473373,7.552283,downup50|crop|occlusion
66,203.2817,0.509202,9.079947,jpeg|blur|downup50
67,202.6912,0.411183,7.658847,jpeg|jpeg|clean
68,202.7714,0.398855,9.266635,occlusion|jpeg|clean
69,203.0243,0.511242,8.712917,msg_app|occlusion|blur
70,203.0622,0.457790,8.156816,crop|downup50|blur
71,202.8719,0.446723,8.402976,downup50|blur|blur
72,202.9404,0.401460,7.329839,occlusion|clean|jpeg
73,202.9490,0.476666,9.777908,msg_app|downup50|crop
74,202.6984,0.382201,7.164553,clean|msg_app|clean
75,202.8019,0.409545,7.896242,crop|occlusion|jpeg
76,203.0269,0.365544,7.738328,occlusion|msg_app|occlusion
77,202.8690,0.205992,4.840999,clean|clean|clean
78,206.5894,0.425362,9.282566,occlusion|blur|jpeg
79,203.0011,0.498984,8.826246,downup50|blur|crop
80,203.9736,0.541524,12.683811,msg_app|jpeg|jpeg
81,203.3681,0.379144,9.247611,msg_app|clean|blur
82,203.5152,0.558880,13.930186,downup50|msg_app|jpeg
83,202.8979,0.332383,9.530563,occlusion|downup50|occlusion
84,203.1778,0.435440,10.266945,msg_app|jpeg|msg_app
85,204.0004,0.520895,12.754525,blur|blur|occlusion
86,203.2731,0.304514,8.362206,clean|msg_app|crop
87,202.5566,0.439776,10.907856,crop|occlusion|msg_app
88,203.3498,0.333831,8.592876,jpeg|crop|occlusion
89,204.1326,0.414236,10.740414,clean|blur|msg_app
90,203.6104,0.518865,12.576180,msg_app|crop|msg_app
91,203.4662,0.433705,10.479953,downup50|crop|crop
92,203.0721,0.327497,8.753329,jpeg|clean|crop
93,203.8541,0.363458,9.872421,clean|msg_app|msg_app
94,203.6149,0.503180,13.989460,clean|blur|msg_app
95,203.3164,0.383465,10.814676,occlusion|msg_app|crop
96,204.4676,0.288598,7.902430,occlusion|occlusion|jpeg
97,203.3448,0.428256,11.374418,msg_app|occlusion|jpeg
98,204.5261,0.360566,10.562237,occlusion|blur|downup50
99,202.9201,0.349769,10.474200,msg_app|jpeg|clean
100,203.2696,0.277513,8.272030,crop|clean|jpeg
101,203.4080,0.437049,11.652279,jpeg|crop|blur
102,203.0522,0.256568,7.702684,clean|occlusion|blur
103,203.2524,0.377446,11.099867,msg_app|occlusion|blur
104,203.3781,0.352587,10.464296,clean|blur|jpeg
105,202.8108,0.414650,11.241421,msg_app|jpeg|msg_app
106,202.9656,0.268924,9.264206,occlusion|crop|downup50
107,203.7649,0.487067,13.059444,crop|msg_app|jpeg
108,203.6472,0.358780,10.438113,blur|clean|msg_app
109,203.3866,0.286634,9.753161,downup50|downup50|occlusion
110,203.4936,0.240741,8.028795,jpeg|jpeg|occlusion
111,203.1010,0.328546,10.475274,clean|blur|crop
112,203.2283,0.384662,11.968903,downup50|blur|crop
113,203.5282,0.273065,9.208383,crop|occlusion|downup50
114,202.8243,0.206189,9.002011,jpeg|clean|downup50
115,202.9452,0.338219,11.257686,occlusion|msg_app|jpeg
116,203.4388,0.298969,11.852647,downup50|jpeg|clean
117,202.2528,0.613494,15.156230,msg_app|msg_app|blur
118,203.3419,0.331224,11.369709,blur|clean|downup50
119,203.6379,0.377792,11.977000,blur|crop|occlusion
120,203.1016,0.313590,12.295921,occlusion|downup50|blur
121,202.8709,0.244071,9.077495,blur|clean|crop
122,203.3268,0.462767,13.504651,msg_app|occlusion|crop
123,204.0227,0.362576,11.872372,downup50|msg_app|blur
124,203.3254,0.287263,10.013149,jpeg|downup50|clean
125,204.3724,0.246176,8.759463,clean|blur|downup50
126,203.9951,0.203445,8.336707,occlusion|clean|jpeg
127,203.3411,0.292125,10.519223,crop|downup50|msg_app
128,203.4711,0.276607,10.346617,blur|msg_app|clean
129,202.8150,0.376802,12.501323,crop|jpeg|crop
130,203.2713,0.153378,6.321458,clean|downup50|occlusion
131,203.1500,0.468303,14.558525,downup50|msg_app|msg_app
132,203.8423,0.498783,15.085046,crop|jpeg|msg_app
133,203.4818,0.381098,12.526528,blur|msg_app|msg_app
134,203.3823,0.309511,12.556886,blur|occlusion|msg_app
135,203.7368,0.224481,9.526046,downup50|msg_app|clean
136,203.1896,0.272867,10.568756,jpeg|crop|downup50
137,203.3409,0.081993,4.350641,occlusion|clean|clean
138,203.7157,0.244399,10.250972,crop|occlusion|downup50
139,204.0417,0.384096,15.910381,msg_app|downup50|blur
140,203.8975,0.204629,9.874855,occlusion|blur|occlusion
141,203.5519,0.286444,11.819790,jpeg|occlusion|msg_app
142,203.8527,0.287961,10.870003,msg_app|occlusion|blur
143,203.2505,0.306348,13.036228,crop|jpeg|downup50
144,203.5317,0.328298,11.267422,msg_app|downup50|blur
145,203.6606,0.355569,12.924428,jpeg|blur|msg_app
146,203.4273,0.394913,15.075953,clean|blur|crop
147,204.1553,0.308417,11.322972,blur|blur|blur
148,203.3157,0.396448,14.706430,msg_app|jpeg|jpeg
149,203.1434,0.295310,12.976860,downup50|downup50|blur
150,203.1132,0.210669,8.866680,blur|downup50|occlusion
151,203.9918,0.398057,14.284103,blur|jpeg|msg_app
152,203.3536,0.194046,9.409756,jpeg|jpeg|downup50
153,202.8095,0.425287,14.716098,downup50|msg_app|msg_app
154,202.8890,0.339399,13.754189,blur|crop|blur
155,202.7287,0.320154,11.515949,jpeg|occlusion|crop
156,202.5447,0.085002,5.153783,downup50|occlusion|occlusion
157,203.7291,0.153842,8.060881,clean|downup50|blur
158,202.9048,0.303940,12.794573,msg_app|blur|downup50
159,202.4281,0.230079,11.551002,clean|jpeg|msg_app
160,202.7048,0.142093,8.287233,downup50|clean|jpeg
161,202.6775,0.193718,9.730783,downup50|clean|msg_app
162,202.7867,0.458298,17.873254,msg_app|crop|crop
163,202.7144,0.200817,9.553245,downup50|crop|blur
164,204.1654,0.495827,18.292070,jpeg|crop|blur
165,202.7926,0.367011,17.430982,blur|jpeg|crop
166,203.2545,0.332328,14.583920,blur|blur|crop
167,203.3817,0.397816,15.938947,crop|jpeg|blur
168,213.1832,0.252492,12.211498,blur|crop|jpeg
169,256.8367,0.347937,15.357150,occlusion|crop|msg_app
170,241.4476,0.070237,5.052891,clean|occlusion|occlusion
171,213.8645,0.194337,11.123843,downup50|clean|jpeg
172,204.1808,0.077381,4.822415,downup50|occlusion|occlusion
173,203.9879,0.277943,13.322303,occlusion|blur|jpeg
174,203.4687,0.318311,13.594009,msg_app|blur|downup50
175,202.9227,0.342396,16.898335,occlusion|jpeg|msg_app
176,201.8444,0.256422,13.002763,jpeg|downup50|crop
177,201.6416,0.288244,13.019104,blur|clean|clean
178,201.8872,0.353082,15.464346,jpeg|msg_app|blur
179,201.1935,0.299200,13.654262,crop|msg_app|jpeg
180,201.6038,0.438388,14.938873,occlusion|msg_app|msg_app
181,203.8981,0.098270,5.872116,downup50|downup50|downup50
182,202.0323,0.206100,10.702734,jpeg|jpeg|downup50
183,201.8572,0.231204,11.466749,msg_app|occlusion|crop
184,201.2679,0.357660,16.098484,jpeg|blur|msg_app
185,201.4933,0.223347,11.882476,clean|downup50|msg_app
186,201.8377,0.211280,11.218725,jpeg|occlusion|jpeg
187,201.9027,0.321293,14.374890,crop|crop|downup50
188,202.6617,0.159523,10.004507,blur|downup50|occlusion
189,202.3900,0.260085,13.891836,downup50|blur|jpeg
190,202.8175,0.228919,11.392182,blur|occlusion|downup50
191,201.9222,0.071264,5.133343,downup50|clean|clean
192,202.3140,0.314755,15.241817,jpeg|downup50|msg_app
193,201.3253,0.296731,14.082329,clean|crop|jpeg
194,202.1210,0.236291,10.700057,downup50|crop|downup50
195,201.6304,0.192523,11.762903,downup50|occlusion|crop
196,201.8400,0.262629,13.008591,crop|blur|blur
197,201.4327,0.229377,12.700637,blur|clean|blur
198,202.0531,0.518809,18.208477,msg_app|msg_app|blur
199,201.5159,0.229477,11.782228,clean|clean|crop
200,201.8108,0.111774,9.005646,occlusion|jpeg|occlusion
201,202.1527,0.285714,14.094999,jpeg|msg_app|jpeg
202,202.0471,0.190641,12.080153,blur|crop|occlusion
203,202.0485,0.237058,12.711698,downup50|clean|msg_app
204,204.7957,0.181507,9.695971,blur|blur|blur
205,202.5406,0.161928,10.474625,blur|clean|blur
206,202.3292,0.093250,6.865782,clean|downup50|jpeg
207,202.2006,0.286296,13.420782,crop|clean|jpeg
208,202.5073,0.323729,17.026900,blur|crop|msg_app
209,201.9871,0.206213,12.855661,downup50|clean|msg_app
210,201.4800,0.235916,13.334738,blur|jpeg|clean
211,201.9280,0.402001,19.608318,blur|msg_app|downup50
212,201.8218,0.397982,18.825142,blur|crop|occlusion
213,201.3636,0.437482,18.113184,msg_app|downup50|occlusion
214,201.1429,0.111935,8.538919,clean|downup50|downup50
215,201.1717,0.289495,16.047079,msg_app|jpeg|jpeg
216,201.7813,0.199627,12.113226,downup50|msg_app|clean
217,201.9852,0.232436,13.922365,downup50|msg_app|jpeg
218,201.9836,0.366117,17.443646,occlusion|blur|msg_app
219,201.8576,0.298721,14.013368,downup50|crop|crop
220,201.4608,0.437940,18.875872,jpeg|jpeg|msg_app
221,202.0251,0.215763,12.491483,downup50|msg_app|occlusion
222,202.2409,0.115102,7.926478,clean|clean|crop
223,202.0884,0.155308,11.220149,crop|occlusion|clean
224,201.8966,0.340154,17.245248,msg_app|jpeg|clean
225,201.9745,0.318623,16.095641,crop|crop|downup50
226,201.9922,0.193851,11.553973,crop|jpeg|occlusion
227,201.6318,0.080905,6.177319,jpeg|occlusion|clean
228,202.0385,0.193123,10.688009,clean|clean|blur
229,205.4416,0.292701,16.524829,downup50|blur|msg_app
230,202.0821,0.278057,14.011976,crop|downup50|msg_app
231,202.2506,0.140215,8.563643,jpeg|downup50|clean
232,201.6750,0.147468,9.818902,msg_app|occlusion|occlusion
233,202.4241,0.180641,12.010577,jpeg|downup50|downup50
234,201.7962,0.274314,14.125027,jpeg|msg_app|blur
235,202.3492,0.209665,11.650860,downup50|msg_app|jpeg
236,201.8417,0.370774,18.788945,occlusion|crop|msg_app
237,201.7700,0.285059,13.862124,clean|msg_app|crop
238,201.8575,0.172448,11.614566,jpeg|downup50|occlusion
239,201.2768,0.372550,17.579165,downup50|jpeg|blur
240,201.4788,0.317185,15.711816,occlusion|jpeg|msg_app
241,201.7147,0.235104,12.668355,jpeg|occlusion|blur
242,201.5065,0.111721,8.233932,occlusion|occlusion|msg_app
243,201.6061,0.077230,6.852165,clean|clean|blur
244,202.2551,0.147407,9.314580,downup50|crop|downup50
245,201.7303,0.160361,9.269799,msg_app|occlusion|clean
246,201.4570,0.377396,17.487231,jpeg|crop|msg_app
247,201.8601,0.443852,20.806257,jpeg|msg_app|jpeg
248,201.2508,0.161270,10.065007,occlusion|crop|occlusion
249,201.6310,0.292218,16.164288,crop|downup50|msg_app
250,202.0334,0.194039,11.906993,downup50|jpeg|blur
251,201.4606,0.074460,6.712825,downup50|clean|occlusion
252,201.7252,0.303435,15.788143,msg_app|clean|msg_app
253,201.9486,0.287971,15.911198,downup50|downup50|msg_app
254,202.1487,0.233600,13.452799,msg_app|msg_app|clean
255,202.2897,0.465914,20.044480,msg_app|jpeg|crop
256,201.9698,0.405569,18.503469,msg_app|msg_app|crop
257,201.3300,0.073074,6.532979,downup50|occlusion|occlusion
258,202.5225,0.298090,15.782763,crop|msg_app|clean
259,201.5687,0.260782,11.001133,occlusion|msg_app|downup50
260,201.5608,0.362038,17.889883,crop|blur|crop
261,202.2510,0.241476,13.235382,msg_app|blur|downup50
262,202.0878,0.344404,18.810269,blur|clean|clean
263,202.0558,0.101737,7.822482,downup50|crop|clean
264,201.7458,0.080264,6.152434,occlusion|downup50|downup50
265,201.9434,0.245713,13.572242,crop|occlusion|crop
266,201.5921,0.307300,15.574625,jpeg|crop|occlusion
267,201.6203,0.233361,14.040220,crop|clean|blur
268,201.8763,0.296839,14.424437,msg_app|crop|downup50
269,201.0680,0.139664,8.864851,crop|jpeg|occlusion
270,201.6729,0.265134,14.696623,msg_app|blur|downup50
271,202.4253,0.197045,10.085083,blur|msg_app|clean
272,201.2212,0.371802,16.685753,crop|crop|blur
273,202.0227,0.093227,7.049697,blur|downup50|jpeg
274,201.4773,0.181575,12.491873,occlusion|clean|crop
275,201.7232,0.183669,10.805807,crop|crop|occlusion
276,202.1797,0.216121,12.115811,jpeg|occlusion|blur
277,201.5053,0.308572,15.915447,crop|downup50|msg_app
278,202.0210,0.064639,4.530302,blur|downup50|clean
279,201.9226,0.133930,9.850761,clean|occlusion|crop
280,201.7553,0.161373,11.393047,msg_app|occlusion|downup50
281,201.8889,0.155729,10.615335,clean|downup50|msg_app
282,201.5387,0.115121,9.091735,clean|jpeg|downup50
283,202.3698,0.155180,9.518859,msg_app|jpeg|jpeg
284,201.6124,0.340737,16.810317,crop|jpeg|clean
285,201.2235,0.349094,17.917309,msg_app|occlusion|msg_app
286,201.1952,0.342071,16.307305,jpeg|msg_app|clean
287,202.0743,0.260996,14.781088,blur|msg_app|crop
288,201.4346,0.118354,8.590929,occlusion|clean|blur
289,201.6977,0.177590,12.592566,crop|blur|downup50
290,202.7459,0.181314,11.963234,downup50|blur|jpeg
291,200.6137,0.076125,6.187536,downup50|occlusion|occlusion
292,202.2264,0.297395,14.814537,jpeg|blur|jpeg
293,202.3800,0.428107,20.028251,msg_app|msg_app|msg_app
294,202.2626,0.056848,4.030329,downup50|clean|blur
295,202.4117,0.217909,12.581421,crop|occlusion|msg_app
296,202.0671,0.297442,16.453309,jpeg|crop|blur
297,203.3925,0.220573,13.157102,blur|blur|msg_app
298,202.4272,0.182944,12.101732,blur|jpeg|jpeg
299,202.9475,0.162269,10.365280,occlusion|crop|msg_app
300,202.3412,0.221043,13.975356,jpeg|clean|jpeg
301,202.6309,0.286353,15.946435,crop|jpeg|msg_app
302,202.4336,0.193701,12.951427,downup50|jpeg|blur
303,202.1801,0.248598,15.434090,msg_app|occlusion|jpeg
304,201.7250,0.368181,16.777083,occlusion|crop|msg_app
305,201.6883,0.213539,13.540328,msg_app|jpeg|downup50
306,206.6632,0.278244,16.937024,crop|crop|occlusion
307,201.7998,0.378899,18.565552,blur|occlusion|crop
308,201.8136,0.300455,15.134737,jpeg|jpeg|crop
309,202.1143,0.320723,15.360653,jpeg|blur|clean
310,202.0951,0.181769,11.903808,crop|clean|jpeg
311,202.3019,0.076029,6.059680,blur|clean|downup50
312,201.8496,0.590850,26.316395,msg_app|msg_app|crop
313,202.3929,0.203476,12.193294,msg_app|downup50|blur
314,202.1401,0.163021,11.978254,jpeg|jpeg|blur
315,201.8625,0.111483,9.122568,clean|downup50|crop
316,203.3985,0.278109,14.778166,blur|blur|blur
317,202.1050,0.166724,11.146880,msg_app|clean|clean
318,202.0515,0.243448,13.912754,occlusion|crop|jpeg
319,201.5704,0.200462,11.379246,jpeg|blur|clean
320,201.9157,0.158438,10.521347,msg_app|clean|blur
321,201.8168,0.213548,12.458291,crop|jpeg|blur
322,201.7821,0.174599,10.699136,crop|clean|occlusion
323,202.2211,0.230326,13.873553,jpeg|msg_app|jpeg
324,202.3581,0.264246,15.038606,msg_app|jpeg|clean
325,201.7261,0.174181,9.847652,blur|downup50|msg_app
326,202.3760,0.111309,7.795963,blur|occlusion|blur
327,201.6060,0.166676,11.316828,downup50|jpeg|msg_app
328,201.8813,0.231361,13.345402,blur|crop|blur
329,202.3763,0.144327,10.018457,occlusion|blur|crop
330,201.7185,0.230680,13.359158,occlusion|msg_app|msg_app
331,201.9253,0.288142,14.539064,clean|crop|msg_app
332,202.4616,0.197817,9.924872,downup50|clean|blur
333,201.0321,0.297327,14.422892,msg_app|blur|crop
334,200.6017,0.105287,8.513491,jpeg|clean|jpeg
335,200.7487,0.151107,11.253736,occlusion|clean|crop
336,200.6946,0.214856,12.832632,downup50|crop|clean
337,201.2829,0.199865,11.766971,msg_app|jpeg|jpeg
338,201.0906,0.395147,17.071636,blur|msg_app|crop
339,200.6122,0.059417,4.909974,downup50|clean|downup50
340,200.8261,0.119771,9.163062,clean|clean|jpeg
341,200.3227,0.045835,4.913110,downup50|clean|occlusion
342,200.6749,0.018016,2.012184,downup50|clean|occlusion
343,200.8868,0.149755,10.218519,blur|msg_app|jpeg
344,200.6431,0.296237,15.522770,clean|msg_app|crop
345,200.4346,0.181817,12.321846,crop|clean|clean
346,201.2124,0.224739,14.223229,jpeg|blur|jpeg
347,201.3441,0.231370,13.978150,blur|occlusion|jpeg
348,202.0432,0.148138,10.795441,crop|downup50|crop
349,201.5128,0.255680,14.491949,jpeg|msg_app|jpeg
350,201.7709,0.018027,1.748467,clean|downup50|clean
351,201.7126,0.199516,10.235783,crop|blur|blur
352,201.3460,0.056744,5.692865,blur|jpeg|clean
353,201.7008,0.337023,18.511825,crop|jpeg|jpeg
354,201.2386,0.130059,9.425762,downup50|msg_app|jpeg
355,200.7751,0.281010,14.238316,msg_app|downup50|occlusion
356,200.9632,0.066543,6.256083,clean|msg_app|clean
357,201.0600,0.169645,11.827511,downup50|occlusion|crop
358,200.6987,0.192204,13.018694,occlusion|occlusion|msg_app
359,200.6005,0.272643,15.522602,crop|msg_app|jpeg
360,201.8357,0.215014,11.443530,clean|msg_app|msg_app
361,200.7177,0.153035,11.991625,clean|occlusion|jpeg
362,201.2816,0.214222,14.794770,msg_app|downup50|downup50
363,204.8677,0.226616,13.140697,msg_app|blur|downup50
364,201.9051,0.220335,15.200343,crop|occlusion|jpeg
365,205.0010,0.469514,19.426827,crop|crop|msg_app
366,201.1578,0.131789,9.558809,jpeg|occlusion|crop
367,206.0714,0.439094,20.126495,msg_app|downup50|msg_app
368,203.6073,0.088013,7.191126,clean|clean|downup50
369,201.0805,0.206080,11.349339,occlusion|crop|jpeg
370,201.7206,0.068469,6.432159,clean|blur|clean
371,201.6022,0.174279,11.208556,downup50|msg_app|downup50
372,201.2355,0.075906,7.541043,clean|blur|downup50
373,201.5515,0.329236,18.491723,clean|msg_app|crop
374,201.0031,0.116940,8.445731,occlusion|msg_app|downup50
375,201.1612,0.121899,8.831937,clean|downup50|jpeg
376,200.6954,0.340120,16.718032,crop|msg_app|jpeg
377,201.3724,0.233347,13.722064,jpeg|crop|msg_app
378,205.8771,0.163582,10.840967,blur|blur|msg_app
379,209.5953,0.191670,10.685432,crop|clean|msg_app
380,209.8870,0.207112,13.519336,crop|blur|occlusion
381,210.3264,0.236458,16.030334,blur|occlusion|clean
382,209.3924,0.060775,5.849819,blur|clean|occlusion
383,210.6132,0.030177,3.164044,occlusion|clean|clean
384,209.8524,0.272822,16.366364,msg_app|blur|occlusion
385,210.7602,0.180451,13.035907,msg_app|blur|jpeg
386,211.0716,0.357327,15.612371,clean|msg_app|crop
387,209.9694,0.216704,13.996688,clean|jpeg|crop
388,210.6361,0.101144,7.695228,blur|clean|downup50
389,209.4189,0.224467,12.844167,jpeg|blur|clean
390,209.4416,0.375715,19.616537,blur|msg_app|crop
391,209.4270,0.125668,10.534355,jpeg|occlusion|blur
392,208.7075,0.119423,8.999443,downup50|occlusion|crop
393,208.7517,0.243002,14.677293,msg_app|jpeg|msg_app
394,209.5781,0.100014,8.901263,occlusion|occlusion|msg_app
395,209.2324,0.139319,10.430430,crop|occlusion|downup50
396,210.3006,0.210550,15.001640,downup50|blur|msg_app
397,209.2898,0.084810,9.071651,clean|downup50|crop
398,210.0111,0.158906,12.355865,msg_app|clean|occlusion
399,210.1119,0.108214,9.329317,crop|blur|occlusion
400,209.6059,0.053253,5.984735,clean|jpeg|downup50
401,214.5373,0.142781,10.496616,blur|msg_app|downup50
402,212.9089,0.058962,6.473764,occlusion|downup50|jpeg
403,213.7014,0.287274,16.885029,clean|crop|crop
404,214.4721,0.148101,10.749116,blur|crop|jpeg
405,214.4425,0.229971,13.697423,blur|msg_app|crop
406,211.9700,0.127501,10.165237,clean|downup50|jpeg
407,211.9616,0.122928,9.510427,occlusion|blur|blur
408,211.9750,0.186178,14.091210,clean|jpeg|crop
409,211.6114,0.154865,12.410212,crop|occlusion|downup50
410,212.2759,0.138444,11.128863,clean|crop|blur
411,212.2607,0.488962,22.426841,downup50|blur|blur
412,212.6007,0.284637,14.853137,jpeg|msg_app|crop
413,212.0158,0.143611,10.354824,blur|jpeg|clean
414,212.7617,0.145404,10.596608,crop|jpeg|occlusion
415,212.2219,0.294392,15.499353,msg_app|jpeg|downup50
416,216.9454,0.099443,9.101270,downup50|clean|blur
417,219.8338,0.213037,12.596715,crop|blur|jpeg
418,226.5522,0.510010,19.742809,crop|crop|clean
419,217.8578,0.096920,9.429261,occlusion|clean|clean
420,217.5110,0.109968,9.689810,downup50|clean|msg_app
421,222.1510,0.167618,10.033544,downup50|crop|clean
422,230.8160,0.372662,17.533634,occlusion|crop|msg_app
423,230.6823,0.110920,9.524306,occlusion|msg_app|downup50
424,222.0091,0.205549,11.584540,jpeg|msg_app|blur
425,230.0944,0.286669,16.126038,msg_app|jpeg|blur
426,233.5194,0.215124,12.163969,crop|downup50|blur
427,226.9934,0.073751,5.630538,clean|msg_app|clean
428,225.9641,0.182263,11.499836,blur|blur|clean
429,239.0942,0.204470,13.547289,blur|msg_app|jpeg
430,235.4472,0.074566,5.489505,blur|blur|downup50
431,238.0426,0.195770,11.080839,occlusion|crop|blur
432,228.9380,0.039607,3.112310,clean|occlusion|blur
433,237.9067,0.078974,7.613529,jpeg|jpeg|clean
434,232.0618,0.034294,4.429558,downup50|occlusion|clean
435,241.2220,0.332767,15.460672,downup50|blur|msg_app
436,260.3083,0.276668,15.979544,msg_app|occlusion|msg_app
437,267.2823,0.363326,19.002547,crop|blur|msg_app
438,261.9125,0.064030,6.549209,clean|clean|jpeg
439,260.3421,0.108909,7.899340,crop|clean|jpeg
440,260.6469,0.317333,16.376773,crop|occlusion|crop
441,261.9470,0.137769,8.964887,blur|jpeg|crop
442,260.4754,0.274478,15.034728,jpeg|crop|downup50
443,253.5612,0.026492,2.827611,clean|clean|downup50
444,246.5565,0.050514,5.019884,clean|downup50|clean
445,235.1065,0.209196,11.222354,crop|downup50|clean
446,249.0005,0.023956,2.619890,clean|occlusion|downup50
447,259.8970,0.199019,13.777624,clean|blur|jpeg
448,259.9499,0.206796,12.391726,crop|msg_app|occlusion
449,224.5600,0.182563,10.814808,crop|crop|jpeg
450,212.4825,0.137968,10.681210,downup50|downup50|crop
451,206.4107,0.065742,6.526191,blur|clean|downup50
452,204.9453,0.227343,13.617225,msg_app|crop|jpeg
453,204.7215,0.093395,8.410153,clean|jpeg|clean
454,203.6817,0.115431,8.781249,downup50|jpeg|jpeg
455,203.9357,0.145862,10.625762,clean|jpeg|msg_app
456,203.9857,0.296408,13.370816,blur|crop|jpeg
457,203.6962,0.133705,9.297474,msg_app|downup50|clean
458,203.8949,0.072970,7.324389,occlusion|occlusion|occlusion
459,203.8541,0.145788,11.113779,jpeg|clean|msg_app
460,204.1066,0.209622,14.911093,msg_app|occlusion|clean
461,204.3666,0.287012,13.757473,msg_app|crop|blur
462,204.4326,0.044439,5.048370,occlusion|downup50|occlusion
463,204.5582,0.090761,9.483933,clean|clean|jpeg
464,205.5392,0.206476,15.169568,msg_app|occlusion|msg_app
465,204.7506,0.154305,10.903169,occlusion|jpeg|crop
466,204.1978,0.163125,11.536289,blur|blur|occlusion
467,205.1235,0.199866,13.120511,blur|occlusion|crop
468,205.1335,0.090247,7.360170,msg_app|occlusion|clean
469,206.4732,0.127537,7.097542,blur|occlusion|occlusion
470,204.1620,0.083385,7.958218,occlusion|downup50|crop
471,204.5979,0.042424,4.732364,jpeg|occlusion|downup50
472,205.3537,0.110412,9.933804,blur|msg_app|downup50
473,204.3255,0.073157,6.645983,occlusion|jpeg|occlusion
474,204.2351,0.025819,3.469120,occlusion|occlusion|downup50
475,204.8987,0.134337,11.036944,msg_app|occlusion|occlusion
476,204.9697,0.224527,13.749052,blur|crop|blur
477,204.4148,0.102733,8.510376,downup50|occlusion|msg_app
478,204.1423,0.189632,12.319707,crop|occlusion|blur
479,204.5740,0.285101,16.549538,crop|occlusion|crop
480,204.8083,0.163775,12.234101,crop|clean|blur
481,204.8308,0.092033,7.728474,clean|clean|blur
482,204.1767,0.114435,9.628761,occlusion|clean|msg_app
483,204.4431,0.025531,2.785710,downup50|occlusion|clean
484,205.9603,0.077961,8.400082,downup50|occlusion|blur
485,204.4695,0.065474,7.103332,clean|clean|crop
486,204.5289,0.123141,10.203918,jpeg|jpeg|blur
487,204.3110,0.143873,11.201561,downup50|crop|clean
488,204.1931,0.192876,12.450512,occlusion|crop|blur
489,203.9127,0.198119,12.212724,crop|downup50|downup50
490,203.8708,0.037239,5.008971,clean|blur|occlusion
491,205.7221,0.193226,12.991899,clean|downup50|msg_app
492,203.7757,0.160693,9.253649,blur|occlusion|crop
493,204.6059,0.392250,19.489817,jpeg|downup50|msg_app
494,204.0691,0.261346,15.995566,downup50|crop|blur
495,204.2121,0.185782,11.557249,occlusion|msg_app|clean
496,204.5510,0.377522,21.642232,occlusion|msg_app|jpeg
497,203.9525,0.129483,10.946348,jpeg|jpeg|clean
498,204.2355,0.249871,14.154140,crop|occlusion|blur
499,204.9054,0.232801,12.141457,clean|jpeg|blur
500,205.0386,0.149170,11.713477,msg_app|blur|downup50
501,203.5497,0.273470,13.308680,occlusion|crop|msg_app
502,204.1089,0.165177,11.686550,blur|occlusion|msg_app
503,210.8833,0.238052,14.635331,crop|clean|blur
504,205.5442,0.081251,8.176681,clean|clean|clean
505,204.6341,0.179479,11.883651,blur|msg_app|clean
506,205.0377,0.340851,18.385239,crop|crop|occlusion
507,204.5320,0.144012,11.905110,blur|crop|occlusion
508,206.6254,0.165499,10.173699,blur|blur|blur
509,203.4628,0.047899,4.203923,jpeg|jpeg|occlusion
510,204.5342,0.202657,12.974242,jpeg|crop|clean
511,204.4342,0.012989,2.018722,downup50|occlusion|occlusion
512,204.1805,0.028658,3.898545,clean|clean|blur
513,203.9808,0.084002,8.185378,downup50|blur|downup50
514,205.5983,0.289359,14.529812,crop|crop|downup50
515,204.1733,0.281552,14.145532,msg_app|crop|occlusion
516,206.2876,0.023271,2.914470,downup50|occlusion|downup50
517,204.5600,0.102727,8.860960,crop|occlusion|clean
518,203.9719,0.174078,12.586541,msg_app|downup50|jpeg
519,204.1878,0.069740,6.605983,occlusion|clean|crop
520,204.3101,0.286221,16.944900,jpeg|blur|crop
521,203.7671,0.049066,5.408716,downup50|occlusion|clean
522,204.2570,0.026893,3.923201,occlusion|downup50|downup50
523,203.9795,0.186746,12.534941,msg_app|msg_app|jpeg
524,207.0622,0.019444,2.154193,clean|downup50|downup50
525,204.3478,0.372113,19.315021,occlusion|jpeg|msg_app
526,203.6693,0.102367,9.648010,occlusion|crop|occlusion
527,204.6243,0.107735,9.083122,blur|blur|jpeg
528,204.1305,0.143523,11.827355,jpeg|crop|downup50
529,204.4559,0.145534,11.473341,jpeg|crop|downup50
530,204.1145,0.141852,9.418351,clean|occlusion|blur
531,204.8498,0.201415,14.176645,crop|msg_app|jpeg
532,204.0279,0.112433,9.035692,msg_app|downup50|downup50
533,203.8597,0.123340,11.773025,downup50|occlusion|msg_app
534,203.6807,0.310242,16.610041,crop|occlusion|msg_app
535,203.3451,0.225981,13.675907,crop|blur|occlusion
536,203.5477,0.060865,6.828840,blur|downup50|blur
537,203.7092,0.119633,11.030510,occlusion|jpeg|jpeg
538,204.3227,0.195490,12.756248,msg_app|jpeg|blur
539,203.3495,0.202139,14.122774,clean|msg_app|occlusion
540,205.0910,0.288762,16.996924,msg_app|msg_app|jpeg
541,205.9324,0.281502,17.538588,msg_app|jpeg|clean
542,203.8068,0.090386,9.167519,clean|crop|msg_app
543,203.5324,0.039062,5.793360,jpeg|clean|clean
544,203.7005,0.081672,8.120420,jpeg|downup50|blur
545,204.0982,0.084079,8.529032,crop|jpeg|clean
546,204.0256,0.144721,12.374624,crop|blur|jpeg
547,203.9891,0.129917,10.737162,clean|occlusion|msg_app
548,203.5906,0.012260,1.390014,downup50|clean|downup50
549,203.4806,0.116690,10.904130,crop|downup50|downup50
550,203.9407,0.036474,4.672588,blur|clean|downup50
551,203.4349,0.015082,2.317070,occlusion|clean|downup50
552,204.3179,0.040048,5.124514,occlusion|msg_app|jpeg
553,203.5968,0.177790,13.219700,occlusion|crop|blur
554,204.0427,0.063722,6.654007,downup50|jpeg|downup50
555,204.5437,0.183283,14.463767,msg_app|downup50|occlusion
556,203.4929,0.099694,10.443285,occlusion|msg_app|occlusion
557,204.4414,0.322737,15.351889,crop|clean|occlusion
558,203.6299,0.186756,14.543860,blur|clean|msg_app
559,206.9837,0.100660,9.214819,crop|occlusion|occlusion
560,204.4585,0.123860,10.460101,blur|occlusion|crop
561,204.5936,0.214899,16.691673,downup50|msg_app|jpeg
562,204.2328,0.151523,13.635661,clean|crop|clean
563,203.8393,0.297887,18.120337,crop|jpeg|crop
564,204.5713,0.053734,5.777912,jpeg|clean|occlusion
565,203.4909,0.014855,2.540990,downup50|clean|blur
566,204.1930,0.392461,17.759072,blur|crop|occlusion
567,202.6864,0.096172,8.497135,downup50|downup50|msg_app
568,202.9953,0.238633,13.002178,jpeg|jpeg|msg_app
569,203.9803,0.076841,8.228288,jpeg|occlusion|downup50
570,202.9501,0.102206,9.007512,jpeg|downup50|downup50
571,203.0969,0.073005,7.414206,blur|blur|crop
572,202.9894,0.188966,12.878616,clean|jpeg|downup50
573,205.6992,0.050611,5.798019,occlusion|blur|occlusion
574,203.2809,0.083885,6.987595,blur|clean|jpeg
575,202.8401,0.057986,6.951766,occlusion|jpeg|clean
576,203.6918,0.287393,17.095188,msg_app|msg_app|msg_app
577,202.6940,0.369505,16.564610,blur|msg_app|crop
578,202.8167,0.233616,13.525586,crop|occlusion|clean
579,202.7096,0.125174,10.221924,occlusion|downup50|crop
580,203.0946,0.124082,9.681011,msg_app|clean|crop
581,202.2734,0.192476,12.005520,blur|crop|msg_app
582,202.7955,0.353064,15.133707,crop|blur|crop
583,202.0916,0.253788,14.087158,clean|downup50|msg_app
584,202.7234,0.208280,12.896743,crop|crop|occlusion
585,202.8669,0.047975,5.110187,occlusion|blur|clean
586,202.5060,0.134660,9.563380,downup50|msg_app|crop
587,202.9483,0.146302,11.066282,occlusion|crop|occlusion
588,202.1942,0.067720,6.372501,blur|downup50|jpeg
589,202.3461,0.173799,10.807446,msg_app|downup50|crop
590,202.2202,0.410505,18.549668,crop|crop|occlusion
591,203.1770,0.197142,11.825298,blur|blur|occlusion
592,202.2260,0.154431,11.478675,crop|blur|downup50
593,202.0887,0.232968,12.895369,msg_app|crop|jpeg
594,201.8157,0.224205,14.264831,clean|downup50|msg_app
595,202.5400,0.101352,8.327899,blur|clean|msg_app
596,202.1156,0.095654,6.847001,blur|occlusion|occlusion
597,202.6663,0.170670,11.544411,crop|clean|crop
598,202.3834,0.113023,8.393313,crop|jpeg|downup50
599,202.3870,0.222321,11.980870,crop|clean|msg_app
600,202.2968,0.043703,4.297539,downup50|blur|downup50
601,202.2471,0.207954,12.013734,msg_app|downup50|clean
602,202.8389,0.073780,5.684526,msg_app|downup50|downup50
603,203.1317,0.099325,7.500991,blur|clean|jpeg
604,202.7848,0.126628,9.634288,clean|jpeg|crop
605,203.0390,0.029083,3.893012,clean|clean|blur
606,203.0780,0.204465,11.690019,clean|msg_app|crop
607,202.4432,0.029474,3.169518,downup50|occlusion|clean
608,203.2108,0.219745,12.273012,blur|clean|crop
609,203.2563,0.157979,10.969461,crop|clean|msg_app
610,202.8424,0.046368,4.497734,blur|clean|occlusion
611,203.1318,0.100363,10.010747,clean|jpeg|clean
612,202.4988,0.178539,9.919317,crop|jpeg|msg_app
613,202.0759,0.093093,7.354191,blur|crop|downup50
614,202.6399,0.219634,13.712047,clean|crop|clean
615,202.3524,0.048485,4.299146,downup50|blur|downup50
616,202.0070,0.166552,11.720210,crop|clean|occlusion
617,202.5799,0.094278,7.885170,msg_app|clean|blur
618,202.0637,0.121565,8.620130,jpeg|msg_app|downup50
619,202.2681,0.042355,5.124425,downup50|occlusion|downup50
620,202.7707,0.106050,8.875527,jpeg|downup50|crop
621,203.0214,0.260524,12.056409,crop|blur|jpeg
622,203.6240,0.121856,9.822198,occlusion|msg_app|msg_app
623,207.9122,0.365259,12.985411,crop|crop|jpeg
624,205.4783,0.074225,7.212705,crop|downup50|downup50
625,205.9139,0.261749,14.053599,crop|crop|occlusion
626,205.5783,0.057309,6.598401,blur|occlusion|clean
627,205.4488,0.154960,9.994584,clean|msg_app|jpeg
628,205.8767,0.048514,4.277344,jpeg|downup50|jpeg
629,205.3459,0.018838,1.902835,clean|occlusion|jpeg
630,205.5478,0.258649,14.008317,clean|msg_app|crop
631,205.0731,0.306185,12.937819,blur|downup50|crop
632,205.8524,0.285541,14.001712,jpeg|jpeg|msg_app
633,205.4528,0.221624,11.389105,jpeg|crop|downup50
634,205.0062,0.221466,10.049569,crop|jpeg|downup50
635,205.7460,0.041079,4.008466,clean|downup50|blur
636,205.2591,0.329713,15.580527,downup50|crop|downup50
637,205.4551,0.046840,4.779959,clean|downup50|downup50
638,205.2913,0.132751,9.533883,msg_app|downup50|msg_app
639,204.4100,0.325876,15.034861,msg_app|occlusion|msg_app
640,204.7541,0.296176,17.155154,clean|occlusion|msg_app
641,204.5704,0.030921,2.599505,jpeg|jpeg|clean
642,204.9103,0.102540,7.341708,downup50|msg_app|clean
643,204.1888,0.016000,1.848595,occlusion|clean|occlusion
644,204.9255,0.223216,11.670969,crop|jpeg|jpeg
645,204.3035,0.121431,9.350753,crop|downup50|clean
646,204.9721,0.248418,14.016081,msg_app|occlusion|clean
647,204.4461,0.144445,10.385809,occlusion|msg_app|msg_app
648,205.5425,0.101147,8.423673,crop|clean|blur
649,205.3506,0.035470,3.236352,occlusion|blur|downup50
650,204.7401,0.123432,9.334661,jpeg|clean|msg_app
651,205.3601,0.119038,9.638957,blur|jpeg|clean
652,205.3583,0.157851,9.224898,clean|blur|blur
653,205.6491,0.027673,2.565917,blur|downup50|blur
654,205.6355,0.059346,5.522143,clean|blur|blur
655,205.0943,0.141042,9.340193,crop|downup50|msg_app
656,205.3271,0.017355,2.153379,downup50|downup50|blur
657,204.9300,0.037407,3.785235,blur|clean|downup50
658,205.4954,0.022112,3.393354,clean|occlusion|clean
659,205.2582,0.096804,8.171817,crop|downup50|jpeg
660,209.1902,0.089832,7.142702,occlusion|blur|crop
661,205.5171,0.104733,8.353585,downup50|blur|jpeg
662,205.4916,0.107020,8.523015,msg_app|clean|downup50
663,205.4923,0.143650,10.507883,crop|jpeg|blur
664,205.2397,0.102142,8.126574,jpeg|jpeg|jpeg
665,205.7746,0.067225,5.846041,crop|downup50|jpeg
666,205.3434,0.079510,8.143968,clean|msg_app|occlusion
667,205.4910,0.136154,11.442314,clean|msg_app|downup50
668,205.1283,0.119105,8.887888,crop|clean|occlusion
669,205.1476,0.094337,8.918771,jpeg|clean|crop
670,204.8782,0.009472,1.463435,occlusion|clean|occlusion
671,205.0745,0.022619,4.034190,downup50|clean|blur
672,205.4951,0.102474,10.246569,occlusion|crop|crop
673,205.3862,0.171293,12.563900,downup50|crop|clean
674,205.3742,0.062158,6.679765,jpeg|crop|downup50
675,204.6965,0.247262,14.683955,msg_app|occlusion|msg_app
676,203.4995,0.067027,6.826109,clean|occlusion|crop
677,202.9049,0.047517,5.560168,occlusion|clean|occlusion
678,203.1572,0.173723,14.023158,clean|msg_app|blur
679,203.2768,0.310339,17.048522,msg_app|downup50|msg_app
680,202.7653,0.040895,4.551039,jpeg|clean|clean
681,203.0939,0.104206,9.528067,downup50|msg_app|crop
682,202.6513,0.092266,7.864593,downup50|jpeg|crop
683,202.7934,0.322195,14.871985,crop|downup50|crop
684,203.1630,0.174719,10.193868,downup50|blur|crop
685,202.5498,0.021578,2.588451,clean|downup50|jpeg
686,202.8292,0.013854,1.479260,downup50|occlusion|clean
687,202.3610,0.031775,3.211705,blur|occlusion|occlusion
688,203.2736,0.227714,16.426531,jpeg|crop|clean
689,203.0134,0.242144,13.514529,jpeg|blur|crop
690,202.4410,0.028752,3.874948,downup50|jpeg|downup50
691,203.0328,0.197380,13.734962,jpeg|jpeg|occlusion
692,203.0328,0.110034,9.632235,downup50|blur|downup50
693,204.0888,0.291303,15.920812,crop|msg_app|jpeg
694,202.8773,0.139511,11.449654,crop|occlusion|occlusion
695,203.0743,0.210412,13.974689,crop|clean|crop
696,203.1329,0.191659,10.681639,downup50|msg_app|blur
697,203.3666,0.076836,7.841661,jpeg|clean|occlusion
698,202.2852,0.059042,5.842945,clean|jpeg|jpeg
699,202.6135,0.109619,9.656819,downup50|occlusion|crop
700,202.8984,0.009406,1.120121,jpeg|clean|clean
701,202.5560,0.202451,10.416392,msg_app|clean|clean
702,203.1981,0.077174,6.175176,blur|downup50|msg_app
703,202.5805,0.155505,11.609305,clean|clean|crop
704,202.8152,0.005704,0.910533,occlusion|clean|clean
705,203.0479,0.087882,6.557474,jpeg|jpeg|jpeg
706,203.6617,0.090749,7.497845,downup50|blur|msg_app
707,203.0422,0.120182,8.581414,jpeg|occlusion|msg_app
708,203.1196,0.089918,8.084362,clean|occlusion|crop
709,203.5608,0.102809,9.024419,blur|downup50|jpeg
710,203.2910,0.070699,6.937842,downup50|blur|crop
711,203.4226,0.021440,1.651014,occlusion|clean|jpeg
712,203.3523,0.066154,5.951190,downup50|crop|occlusion
713,202.1486,0.139665,9.771071,jpeg|clean|msg_app
714,202.6923,0.126123,10.333980,jpeg|clean|jpeg
715,202.7258,0.103795,7.446518,jpeg|blur|jpeg
716,203.4852,0.061288,6.405775,blur|blur|occlusion
717,202.9264,0.098660,7.036984,jpeg|jpeg|blur
718,202.7857,0.008916,1.089045,occlusion|clean|clean
719,202.7786,0.073944,6.768845,occlusion|jpeg|clean
720,202.1636,0.011109,1.178467,blur|clean|clean
721,202.9564,0.234033,13.069816,crop|blur|msg_app
722,202.4585,0.176053,10.662530,msg_app|crop|occlusion
723,207.5458,0.019679,2.311343,clean|blur|downup50
724,203.3398,0.034022,3.555611,blur|jpeg|clean
725,202.7652,0.076819,6.589082,clean|crop|clean
726,203.2599,0.045715,4.551506,blur|jpeg|blur
727,203.9872,0.142256,11.722427,blur|clean|crop
728,203.6394,0.017760,2.200696,blur|occlusion|occlusion
729,224.6536,0.244199,12.578011,crop|blur|occlusion
730,219.6997,0.071957,7.302215,clean|occlusion|jpeg
731,227.7934,0.113795,9.705878,msg_app|downup50|occlusion
732,243.7770,0.101991,9.305994,msg_app|blur|downup50
733,268.5156,0.084592,6.986108,jpeg|blur|crop
734,267.4425,0.040727,4.262698,occlusion|jpeg|clean
735,258.9621,0.171297,12.639089,occlusion|crop|downup50
736,246.7230,0.138815,9.282739,blur|msg_app|crop
737,259.9574,0.104333,9.423423,jpeg|occlusion|jpeg
738,267.8275,0.180505,12.144707,crop|jpeg|blur
739,265.5024,0.030869,3.451697,blur|clean|occlusion
740,253.3942,0.168078,12.900346,jpeg|blur|blur
741,249.5791,0.110335,9.672384,downup50|occlusion|msg_app
742,249.7478,0.042731,5.906880,blur|downup50|downup50
743,251.0917,0.023630,2.366190,clean|jpeg|downup50
744,246.8911,0.272601,14.891793,crop|msg_app|blur
745,247.3702,0.265961,14.159319,crop|clean|crop
746,247.6968,0.054770,5.347244,downup50|jpeg|crop
747,244.9917,0.495065,21.896960,crop|crop|crop
748,242.9431,0.164620,9.119926,crop|crop|msg_app
749,242.5741,0.085188,8.563992,jpeg|clean|crop
750,242.0506,0.217145,11.762249,downup50|blur|msg_app
751,241.7575,0.153186,10.795805,msg_app|clean|jpeg
752,230.4917,0.221600,12.087785,jpeg|jpeg|crop
753,224.3282,0.047567,4.596568,blur|clean|clean
754,223.3710,0.189939,11.192426,blur|downup50|crop
755,224.0082,0.060467,5.126303,occlusion|downup50|msg_app
756,222.6199,0.150504,8.562478,crop|downup50|occlusion
757,223.9222,0.100189,7.527105,blur|downup50|msg_app
758,223.3982,0.170020,10.418976,crop|jpeg|crop
759,223.9695,0.127843,9.189491,downup50|msg_app|blur
760,223.8037,0.060745,6.023124,downup50|jpeg|clean
761,224.5115,0.154956,10.681821,msg_app|downup50|crop
762,224.4338,0.032467,2.990688,occlusion|downup50|blur
763,223.4956,0.107995,8.333530,clean|blur|msg_app
764,224.5909,0.035363,3.034598,jpeg|occlusion|blur
765,223.8790,0.216128,12.384987,crop|crop|blur
766,224.7817,0.207973,13.005464,msg_app|crop|occlusion
767,224.0630,0.126182,9.016031,blur|blur|crop
768,224.8027,0.028689,2.753049,occlusion|downup50|jpeg
769,223.2275,0.245157,13.323576,jpeg|jpeg|crop
770,224.5403,0.143790,8.807705,msg_app|msg_app|clean
771,223.3646,0.099860,9.459848,clean|jpeg|occlusion
772,224.7372,0.083862,7.472145,blur|blur|jpeg
773,223.5868,0.091522,6.912559,msg_app|clean|blur
774,224.6894,0.193831,12.038825,msg_app|crop|jpeg
775,224.1013,0.156858,10.304443,crop|jpeg|blur
776,224.2323,0.093865,8.567845,clean|clean|jpeg
777,224.6390,0.021472,2.594080,downup50|downup50|jpeg
778,223.6268,0.105744,8.600543,jpeg|msg_app|downup50
779,224.6420,0.157584,11.023221,occlusion|msg_app|blur
780,224.0330,0.035381,4.221998,clean|jpeg|clean
781,224.8427,0.034997,4.906324,occlusion|downup50|occlusion
782,223.3307,0.183219,11.817569,jpeg|crop|clean
783,224.7758,0.066181,7.084872,jpeg|crop|clean
784,223.1090,0.022238,2.787148,clean|jpeg|clean
785,224.8827,0.011673,1.482634,downup50|occlusion|blur
786,228.1533,0.090176,9.144966,msg_app|occlusion|downup50
787,249.2865,0.053673,6.551090,occlusion|clean|blur
788,253.8112,0.047783,5.912783,downup50|msg_app|occlusion
789,248.3432,0.164230,12.519060,jpeg|crop|crop
790,247.4145,0.048752,6.198241,occlusion|msg_app|occlusion
791,246.2174,0.067162,8.304039,blur|clean|jpeg
792,253.2350,0.102150,9.396554,occlusion|clean|crop
793,254.8298,0.129119,11.094277,occlusion|downup50|msg_app
794,255.0009,0.183177,12.731463,crop|crop|downup50
795,250.9797,0.008126,1.649764,occlusion|occlusion|blur
796,254.8810,0.078193,8.429244,occlusion|crop|occlusion
797,253.4497,0.345394,18.541165,msg_app|msg_app|clean
798,260.9285,0.209609,7.484943,occlusion|msg_app|crop
799,252.8626,0.116410,11.003543,jpeg|clean|crop
800,246.9326,0.217806,13.764360,crop|crop|msg_app
801,249.0290,0.255138,16.036351,occlusion|crop|downup50
802,246.5286,0.017471,1.921787,occlusion|downup50|blur
803,239.3737,0.158509,10.669924,jpeg|crop|downup50
804,254.9900,0.006156,0.634681,blur|occlusion|downup50
805,267.6135,0.062656,6.070066,occlusion|jpeg|blur
806,252.7383,0.040662,6.574100,jpeg|downup50|clean
807,249.1180,0.024704,3.375485,clean|clean|jpeg
808,251.5492,0.278330,16.719986,crop|msg_app|crop
809,251.7903,0.119809,8.228597,jpeg|clean|msg_app
810,265.5418,0.175602,12.568725,crop|msg_app|blur
811,262.5735,0.055349,6.223389,blur|clean|msg_app
812,251.3443,0.140619,9.626363,blur|blur|msg_app
813,251.4547,0.039136,4.070940,downup50|blur|occlusion
814,251.9848,0.079092,8.347054,msg_app|occlusion|jpeg
815,255.2464,0.112879,10.217784,clean|blur|msg_app
816,249.5973,0.149482,12.542532,crop|jpeg|downup50
817,252.5872,0.070638,7.722293,downup50|msg_app|blur
818,250.1458,0.078995,8.048888,jpeg|msg_app|downup50
819,249.3334,0.205860,9.132228,blur|occlusion|msg_app
820,251.0687,0.309727,14.781252,blur|msg_app|crop
821,259.6320,0.051524,5.085074,crop|clean|blur
822,253.7393,0.102877,10.031035,occlusion|crop|occlusion
823,252.5693,0.630182,22.800172,msg_app|msg_app|crop
824,252.1474,0.174760,5.529360,msg_app|blur|occlusion
825,253.4809,0.065729,6.942678,downup50|msg_app|jpeg
826,253.9429,0.066396,7.183931,downup50|clean|occlusion
827,256.0849,0.149378,12.814959,clean|occlusion|crop
828,251.9534,0.185327,13.765250,occlusion|crop|blur
829,258.7103,0.253269,14.061516,crop|crop|blur
830,269.7483,0.125742,9.793790,msg_app|clean|clean
831,235.9520,0.007376,0.745501,downup50|downup50|downup50
832,228.6618,0.071596,7.384509,occlusion|occlusion|blur
833,223.7337,0.090791,9.369959,occlusion|crop|clean
834,224.5962,0.099468,9.939914,crop|occlusion|clean
835,224.5797,0.232682,13.713714,occlusion|jpeg|msg_app
836,221.6306,0.070636,6.342416,jpeg|clean|msg_app
837,214.4687,0.114763,11.432670,clean|occlusion|jpeg
838,220.4525,0.039557,3.464072,blur|clean|clean
839,224.9713,0.155640,12.157977,msg_app|clean|clean
840,228.4096,0.115528,10.292033,clean|downup50|msg_app
841,233.5124,0.153850,12.139074,blur|msg_app|msg_app
842,232.4776,0.019878,2.112548,clean|downup50|occlusion
843,231.5021,0.086118,9.509169,jpeg|blur|occlusion
844,233.5732,0.077460,8.498340,occlusion|occlusion|crop
845,232.6675,0.026544,4.422138,jpeg|clean|clean
846,232.0582,0.130039,11.101041,jpeg|downup50|crop
847,233.4153,0.041885,6.385012,downup50|jpeg|occlusion
848,222.7859,0.006237,0.813015,downup50|clean|occlusion
849,231.6883,0.118033,10.199083,blur|crop|jpeg
850,228.5116,0.039070,5.584490,clean|crop|clean
851,213.7262,0.035826,5.595422,downup50|jpeg|clean
852,216.8069,0.082514,7.710521,crop|blur|occlusion
853,214.4514,0.112137,10.448450,downup50|crop|downup50
854,213.2246,0.043098,5.095432,crop|occlusion|jpeg
855,207.2789,0.075382,7.216928,msg_app|downup50|jpeg
856,204.2110,0.064979,6.670465,jpeg|blur|blur
857,204.1665,0.135489,12.553239,crop|downup50|occlusion
858,203.7354,0.101162,9.003988,crop|clean|jpeg
859,203.7992,0.056860,5.612111,downup50|msg_app|blur
860,204.0332,0.059227,7.053013,blur|clean|crop
861,203.4090,0.226110,13.410511,jpeg|msg_app|crop
862,204.5887,0.090901,9.500669,occlusion|jpeg|clean
863,203.8164,0.093042,9.477482,jpeg|msg_app|downup50
864,203.4980,0.153800,10.789522,crop|occlusion|clean
865,203.6887,0.196857,15.054211,crop|jpeg|jpeg
866,204.0320,0.272259,14.360264,jpeg|blur|crop
867,203.8057,0.039317,4.310307,clean|crop|clean
868,203.6982,0.013447,1.912523,jpeg|occlusion|clean
869,204.1081,0.312642,16.736315,crop|occlusion|msg_app
870,205.3608,0.025032,2.103107,msg_app|blur|clean
871,204.4919,0.148775,10.086743,jpeg|occlusion|msg_app
872,204.7492,0.189111,11.182470,crop|jpeg|blur
873,203.8120,0.226153,15.110063,occlusion|jpeg|msg_app
874,203.9452,0.109136,9.369145,msg_app|occlusion|crop
875,203.4060,0.041810,5.180656,jpeg|blur|clean
876,203.9209,0.069185,7.720421,jpeg|jpeg|downup50
877,203.9658,0.193536,15.268684,blur|msg_app|blur
878,204.1316,0.031268,4.174639,occlusion|jpeg|blur
879,203.7885,0.023682,2.655882,downup50|blur|clean
880,203.4304,0.267543,14.693560,msg_app|msg_app|clean
881,204.0595,0.049261,6.197517,occlusion|jpeg|occlusion
882,204.1509,0.192871,11.624159,occlusion|crop|msg_app
883,203.4628,0.060265,6.324638,occlusion|occlusion|downup50
884,203.7165,0.128768,11.641482,msg_app|crop|clean
885,204.5268,0.090159,7.792131,downup50|downup50|msg_app
886,203.5653,0.035551,2.882055,jpeg|downup50|blur
887,203.2692,0.065839,6.510051,downup50|blur|crop
888,208.9690,0.096841,8.290856,msg_app|jpeg|msg_app
889,212.2263,0.209219,13.440369,crop|crop|downup50
890,213.0636,0.011076,1.309752,blur|occlusion|clean
891,213.3935,0.123520,11.347752,blur|jpeg|msg_app
892,210.3993,0.397397,17.920817,jpeg|blur|crop
893,204.9220,0.133137,12.012055,blur|msg_app|clean
894,204.6791,0.139320,12.233043,blur|clean|msg_app
895,205.2249,0.219882,13.157738,jpeg|blur|crop
896,204.0749,0.189849,13.155259,jpeg|downup50|msg_app
897,204.9329,0.063808,7.389212,downup50|blur|blur
898,204.5020,0.118925,9.797038,crop|clean|downup50
899,203.8871,0.177392,12.727422,downup50|jpeg|crop
900,203.9601,0.020340,2.210131,downup50|occlusion|downup50
901,204.3545,0.248049,14.780860,clean|crop|downup50
902,203.8052,0.297005,15.590394,crop|downup50|crop
903,202.6707,0.040649,6.378032,jpeg|clean|clean
904,203.7044,0.076917,8.403098,downup50|jpeg|jpeg
905,204.1206,0.079081,7.827883,crop|clean|occlusion
906,203.9437,0.171696,13.279609,crop|jpeg|clean
907,204.0463,0.015545,2.159962,downup50|blur|downup50
908,203.8528,0.105570,9.669207,blur|jpeg|jpeg
909,204.6991,0.045060,5.378981,occlusion|jpeg|occlusion
910,204.1881,0.268716,15.685739,blur|msg_app|jpeg
911,204.2454,0.056743,5.329572,blur|occlusion|blur
912,203.6639,0.023737,3.584870,blur|downup50|clean
913,208.8461,0.206815,13.877243,occlusion|downup50|crop
914,205.1855,0.504932,19.644885,crop|msg_app|crop
915,203.5775,0.088624,7.326197,downup50|jpeg|msg_app
916,205.2907,0.123653,10.592830,clean|jpeg|blur
917,204.6454,0.190584,13.088275,jpeg|occlusion|crop
918,203.9592,0.011722,1.435736,blur|downup50|clean
919,203.6418,0.077588,6.831258,blur|jpeg|jpeg
920,203.2035,0.033414,3.909602,blur|downup50|jpeg
921,203.9890,0.124451,11.263181,msg_app|clean|blur
922,203.1590,0.340889,17.772811,msg_app|clean|msg_app
923,203.4902,0.226489,12.247683,downup50|crop|clean
924,202.8639,0.177898,12.549144,crop|msg_app|clean
925,203.1992,0.132242,10.853808,occlusion|jpeg|jpeg
926,202.3766,0.428818,19.236225,crop|occlusion|downup50
927,203.1275,0.310139,13.689691,msg_app|jpeg|crop
928,202.8484,0.113010,9.298079,blur|msg_app|occlusion
929,202.5375,0.010758,1.673697,clean|clean|downup50
930,202.5748,0.074290,7.955856,crop|downup50|downup50
931,202.8485,0.300858,13.698292,downup50|msg_app|crop
932,203.2036,0.043384,3.879928,blur|jpeg|msg_app
933,203.4087,0.123265,10.180397,blur|msg_app|jpeg
934,202.1745,0.132731,10.521558,clean|crop|downup50
935,202.5326,0.082336,6.359615,downup50|blur|msg_app
936,202.9928,0.171978,11.230958,msg_app|crop|jpeg
937,202.8758,0.319270,16.208134,crop|crop|jpeg
938,202.9507,0.044693,4.778016,occlusion|clean|crop
939,203.0035,0.046474,4.263507,occlusion|blur|crop
940,203.9732,0.258013,12.339371,msg_app|occlusion|msg_app
941,202.2664,0.139637,9.490731,occlusion|jpeg|crop
942,202.7441,0.008365,0.911038,clean|occlusion|downup50
943,202.9368,0.232812,14.506545,msg_app|blur|crop
944,202.6327,0.212611,13.758190,crop|clean|occlusion
945,203.3511,0.113102,8.429642,jpeg|msg_app|blur
946,202.0993,0.127553,9.566427,occlusion|clean|blur
947,202.2217,0.073055,6.659104,blur|jpeg|downup50
948,202.3721,0.140876,9.503890,jpeg|clean|msg_app
949,202.6368,0.088999,8.095756,occlusion|msg_app|jpeg
950,202.6078,0.373500,17.343322,blur|crop|crop
951,202.7734,0.632678,20.377946,crop|msg_app|crop
952,202.1882,0.105356,8.503753,blur|msg_app|occlusion
953,203.0206,0.152927,11.023856,blur|jpeg|msg_app
954,203.1642,0.221348,12.625107,crop|jpeg|msg_app
955,204.6492,0.167314,10.185655,clean|msg_app|msg_app
956,203.9784,0.144356,10.299946,occlusion|crop|blur
957,203.5226,0.063005,5.637350,occlusion|clean|msg_app
958,203.7487,0.035005,3.298984,msg_app|blur|blur
959,202.3429,0.271638,13.386966,occlusion|crop|crop
960,202.3912,0.286583,14.144005,crop|jpeg|blur
961,202.7961,0.099244,8.195907,jpeg|jpeg|downup50
962,201.7744,0.030374,3.319337,jpeg|downup50|blur
963,202.2119,0.076425,7.622092,occlusion|jpeg|downup50
964,201.6236,0.147107,11.209111,occlusion|crop|jpeg
965,202.3948,0.057746,5.562464,occlusion|blur|jpeg
966,202.9814,0.020922,2.753143,occlusion|downup50|downup50
967,202.5192,0.146455,12.195612,blur|crop|jpeg
968,202.4218,0.185852,13.832864,msg_app|jpeg|occlusion
969,202.2189,0.159221,11.748847,downup50|msg_app|msg_app
970,201.9988,0.162820,11.251066,clean|jpeg|msg_app
971,202.7399,0.404993,18.602607,crop|jpeg|msg_app
972,202.6338,0.359758,19.555382,occlusion|crop|msg_app
973,202.6926,0.053109,5.639354,msg_app|clean|blur
974,205.4221,0.234755,12.884280,msg_app|msg_app|crop
975,202.6785,0.051601,5.585031,downup50|downup50|msg_app
976,202.1152,0.177171,12.639284,crop|msg_app|blur
977,202.2265,0.181720,10.863814,downup50|crop|msg_app
978,200.9400,0.270746,16.850015,occlusion|crop|msg_app
979,201.1892,0.098657,9.709659,clean|jpeg|clean
980,202.3120,0.141667,11.370856,occlusion|blur|crop
981,201.7703,0.065963,7.218290,occlusion|clean|jpeg
982,201.9051,0.136237,9.505572,crop|occlusion|clean
983,201.9839,0.057313,6.700047,jpeg|downup50|blur
984,202.2811,0.398174,18.932447,jpeg|msg_app|msg_app
985,201.8841,0.219763,12.604842,msg_app|crop|downup50
986,201.8406,0.199471,13.402494,crop|clean|downup50
987,201.7368,0.042173,4.532880,blur|downup50|clean
988,202.4152,0.086796,8.100450,jpeg|msg_app|downup50
989,202.3796,0.128865,11.044450,occlusion|crop|jpeg
990,202.0721,0.153093,9.280722,blur|jpeg|blur
991,201.7720,0.246568,14.018152,clean|jpeg|msg_app
992,204.3281,0.003458,0.421334,downup50|occlusion|clean
993,202.2241,0.148911,11.476426,msg_app|crop|crop
994,202.4984,0.163282,10.741784,msg_app|msg_app|blur
995,201.8528,0.224332,11.985221,crop|msg_app|downup50
996,202.2591,0.132279,10.049223,crop|crop|downup50
997,201.9615,0.217222,10.639714,crop|crop|downup50
998,202.2299,0.036499,4.235548,downup50|occlusion|clean
999,202.4908,0.030366,4.152944,clean|occlusion|occlusion
1000,202.5145,0.057100,5.348605,crop|clean|blur
1001,202.4779,0.016314,1.953827,jpeg|occlusion|clean
1002,202.3919,0.066578,7.862367,msg_app|clean|downup50
1003,202.7501,0.068004,6.007999,crop|downup50|msg_app
1004,203.1265,0.040156,4.239527,downup50|jpeg|clean
1005,202.1350,0.136347,10.572741,msg_app|blur|clean
1006,202.9047,0.152752,11.871852,downup50|blur|crop
1007,202.6945,0.178741,12.131771,crop|blur|occlusion
1008,202.2476,0.057671,6.306290,jpeg|downup50|jpeg
1009,205.0125,0.117418,9.632352,blur|downup50|msg_app
1010,202.2251,0.075487,7.189880,jpeg|blur|jpeg
1011,202.2701,0.033849,3.990968,jpeg|downup50|occlusion
1012,202.2861,0.052083,5.638447,downup50|downup50|crop
1013,202.9360,0.054371,6.116443,occlusion|jpeg|downup50
1014,202.5111,0.134666,9.380951,msg_app|crop|clean
1015,202.1297,0.105770,8.795969,msg_app|occlusion|occlusion
1016,203.3265,0.036536,4.928152,clean|jpeg|downup50
1017,202.2523,0.114930,9.330396,crop|downup50|msg_app
1018,203.2858,0.051482,6.746820,downup50|occlusion|jpeg
1019,202.7165,0.061648,6.261763,blur|msg_app|blur
1020,203.1709,0.026284,3.569060,occlusion|clean|jpeg
1021,202.1722,0.044037,5.084923,jpeg|clean|msg_app
1022,201.3651,0.090638,8.102214,jpeg|blur|occlusion
1023,201.6158,0.436678,20.295537,blur|msg_app|crop
1024,203.5947,0.251135,15.626863,jpeg|occlusion|crop
1025,202.1284,0.055769,6.434713,jpeg|clean|blur
1026,201.6818,0.015128,1.947365,downup50|downup50|occlusion
1027,201.8210,0.076073,8.133022,downup50|blur|downup50
1028,201.8683,0.082415,8.826524,jpeg|occlusion|msg_app
1029,202.0231,0.099674,8.317035,msg_app|clean|clean
1030,202.6786,0.157501,11.850176,msg_app|jpeg|msg_app
1031,203.1796,0.117812,8.818546,crop|blur|downup50
1032,202.9097,0.269695,13.461998,crop|jpeg|downup50
1033,202.5515,0.188746,12.451503,crop|crop|downup50
1034,202.3564,0.080625,9.463826,msg_app|blur|jpeg
1035,202.8350,0.126168,10.815627,blur|jpeg|crop
1036,202.4868,0.024538,3.371371,downup50|blur|clean
1037,202.1974,0.093995,9.657161,clean|jpeg|crop
1038,202.3508,0.130346,10.151366,crop|msg_app|occlusion
1039,204.0639,0.017169,2.081936,jpeg|clean|blur
1040,201.8939,0.023037,3.005494,msg_app|downup50|downup50
1041,202.3263,0.049614,5.749424,downup50|msg_app|occlusion
1042,202.4026,0.191723,12.808045,msg_app|crop|msg_app
1043,201.5665,0.196983,13.400984,jpeg|crop|jpeg
1044,202.6424,0.054405,4.462630,clean|occlusion|msg_app
1045,202.8713,0.043044,5.605991,downup50|blur|clean
1046,202.6407,0.032835,3.588379,clean|downup50|jpeg
1047,202.0352,0.106584,9.689852,crop|msg_app|blur
1048,202.7282,0.027287,3.281807,msg_app|occlusion|clean
1049,202.7871,0.260576,14.999688,crop|crop|crop
1050,202.6583,0.019817,2.260551,downup50|blur|downup50
1051,203.0471,0.112527,10.768713,blur|crop|jpeg
1052,201.7716,0.021363,2.723027,blur|blur|downup50
1053,203.9148,0.065167,7.028833,jpeg|crop|occlusion
1054,202.4408,0.137132,11.400547,blur|crop|downup50
1055,202.0906,0.137281,11.387154,clean|clean|msg_app
1056,202.4493,0.073940,7.936899,downup50|blur|occlusion
1057,210.6361,0.003295,0.386898,clean|occlusion|downup50
1058,222.7730,0.070341,7.083048,occlusion|msg_app|msg_app
1059,219.1011,0.251382,13.532439,crop|crop|blur
1060,216.5775,0.023919,3.454634,blur|occlusion|clean
1061,216.8639,0.169540,13.116179,crop|downup50|crop
1062,224.2310,0.054597,7.031981,downup50|clean|crop
1063,220.6432,0.045243,5.338134,occlusion|blur|blur
1064,227.3712,0.100045,8.189632,msg_app|blur|jpeg
1065,221.3508,0.156186,11.110119,jpeg|clean|msg_app
1066,231.6221,0.339416,15.456765,crop|msg_app|crop
1067,254.5073,0.065550,6.338763,blur|jpeg|downup50
1068,221.7354,0.024917,3.246040,jpeg|occlusion|downup50
1069,234.9946,0.114497,10.600400,downup50|msg_app|crop
1070,231.8738,0.038781,3.668061,jpeg|jpeg|blur
1071,224.1072,0.296250,14.509373,msg_app|crop|jpeg
1072,222.4021,0.118905,9.437710,clean|occlusion|blur
1073,223.0548,0.219602,15.767615,crop|downup50|jpeg
1074,221.5623,0.129529,10.659222,downup50|crop|jpeg
1075,220.7520,0.095832,7.571939,jpeg|jpeg|occlusion
1076,217.5590,0.035119,4.531597,downup50|jpeg|clean
1077,218.0428,0.060861,6.547018,msg_app|blur|occlusion
1078,217.4357,0.052742,5.864544,blur|jpeg|jpeg
1079,217.7490,0.160383,11.480862,jpeg|crop|blur
1080,216.8776,0.062958,5.047980,crop|msg_app|occlusion
1081,216.9585,0.044787,4.673501,crop|blur|jpeg
1082,215.6337,0.026698,3.937606,downup50|occlusion|downup50
1083,206.6002,0.391690,20.328134,blur|msg_app|blur
1084,207.5110,0.124478,10.555998,clean|crop|blur
1085,206.3355,0.083947,8.663834,downup50|occlusion|jpeg
1086,206.7188,0.025191,2.002792,jpeg|jpeg|jpeg
1087,205.9224,0.120675,11.473520,jpeg|occlusion|clean
1088,206.4033,0.021093,2.641458,occlusion|clean|jpeg
1089,206.8346,0.107355,8.982006,blur|msg_app|blur
1090,206.1082,0.110872,7.452414,jpeg|occlusion|jpeg
1091,206.8697,0.068766,7.361518,downup50|msg_app|jpeg
1092,206.0773,0.132910,8.794057,clean|crop|clean
1093,206.9601,0.147685,11.380917,jpeg|downup50|msg_app
1094,206.7236,0.060979,7.026050,jpeg|occlusion|clean
1095,207.2039,0.092346,8.374956,msg_app|downup50|clean
1096,207.3145,0.174338,13.057299,blur|jpeg|crop
1097,207.1845,0.028527,3.373144,jpeg|clean|crop
1098,207.7906,0.131245,10.194204,blur|occlusion|msg_app
1099,207.3093,0.119146,9.031987,msg_app|occlusion|crop
1100,207.7849,0.058068,7.170558,jpeg|clean|jpeg
1101,207.2687,0.142768,12.706760,jpeg|jpeg|occlusion
1102,207.5912,0.348840,17.505148,clean|crop|crop
1103,206.8460,0.233260,14.701422,msg_app|blur|msg_app
1104,207.1139,0.229255,9.940399,clean|crop|clean
1105,206.9633,0.075876,7.374434,occlusion|msg_app|crop
1106,206.5848,0.050969,5.260498,jpeg|clean|msg_app
1107,207.3565,0.015293,1.479215,occlusion|downup50|blur
1108,206.9790,0.047083,4.922559,jpeg|blur|blur
1109,207.1415,0.065492,5.691467,jpeg|blur|clean
1110,206.7252,0.108024,9.796952,clean|crop|clean
1111,207.6069,0.141539,8.756842,crop|clean|downup50
1112,207.1363,0.026889,2.893903,blur|clean|blur
1113,208.5470,0.067349,5.616769,crop|msg_app|msg_app
1114,207.9473,0.188116,11.942231,clean|crop|crop
1115,206.9896,0.309724,16.558395,blur|crop|blur
1116,210.1606,0.179222,10.890621,msg_app|crop|blur
1117,215.1578,0.060103,5.926757,msg_app|occlusion|occlusion
1118,213.4274,0.010135,1.034652,occlusion|occlusion|clean
1119,216.5960,0.028959,3.411742,blur|clean|clean
1120,226.0481,0.026315,2.572974,downup50|occlusion|blur
1121,234.1755,0.047811,4.065430,blur|clean|jpeg
1122,224.0190,0.104823,9.879693,msg_app|jpeg|clean
1123,234.7460,0.042902,3.435688,crop|clean|downup50
1124,275.4058,0.028557,3.399110,occlusion|blur|downup50
1125,269.4073,0.092061,7.703296,jpeg|crop|blur
1126,255.5807,0.015191,1.674479,jpeg|occlusion|occlusion
1127,251.8885,0.221655,12.330199,msg_app|clean|crop
1128,257.4872,0.033520,4.082021,occlusion|occlusion|occlusion
1129,254.4188,0.199575,11.831196,clean|crop|jpeg
1130,253.6916,0.099082,8.563291,crop|clean|downup50
1131,256.2076,0.018731,3.322599,occlusion|occlusion|clean
1132,254.4395,0.022303,2.182370,clean|blur|downup50
1133,249.9548,0.172044,12.170044,crop|occlusion|occlusion
1134,243.5958,0.026146,2.680506,downup50|crop|crop
1135,242.1384,0.011921,1.238842,clean|jpeg|downup50
1136,242.2530,0.137568,11.461124,msg_app|occlusion|blur
1137,242.7540,0.120638,9.225711,downup50|jpeg|crop
1138,242.2593,0.035461,3.734294,occlusion|occlusion|jpeg
1139,242.6617,0.009621,1.260096,downup50|downup50|downup50
1140,243.4655,0.125103,10.784685,jpeg|msg_app|clean
1141,245.1934,0.199710,13.201216,msg_app|crop|crop
1142,214.6173,0.037437,5.155252,occlusion|downup50|msg_app
1143,214.8131,0.058389,6.101783,crop|occlusion|msg_app
1144,207.6403,0.017019,1.797933,downup50|clean|occlusion
1145,203.2042,0.004537,0.534946,occlusion|downup50|downup50
1146,206.1235,0.149941,11.786317,msg_app|msg_app|jpeg
1147,202.9570,0.100142,8.484968,msg_app|occlusion|msg_app
1148,202.7363,0.215780,13.304868,jpeg|occlusion|crop
1149,202.9475,0.051777,6.083359,clean|clean|msg_app
1150,202.6490,0.146285,10.369341,downup50|crop|blur
1151,202.6568,0.082443,7.054848,clean|jpeg|clean
1152,202.3267,0.100725,9.639985,clean|jpeg|msg_app
1153,202.7390,0.312320,14.068353,crop|downup50|jpeg
1154,203.4312,0.051826,5.998660,crop|jpeg|occlusion
1155,202.0717,0.034760,4.217407,blur|clean|clean
1156,203.3759,0.051529,5.878054,clean|blur|msg_app
1157,202.4388,0.134495,11.551205,jpeg|crop|occlusion
1158,202.8566,0.013091,3.280927,clean|occlusion|blur
1159,203.0596,0.284070,15.825045,msg_app|msg_app|occlusion
1160,203.1112,0.044409,5.427618,clean|crop|blur
1161,202.6487,0.112860,9.429376,crop|blur|occlusion
1162,202.4632,0.015940,1.860151,blur|clean|clean
1163,202.6174,0.097845,9.254598,occlusion|clean|msg_app
1164,202.0341,0.063247,7.426590,occlusion|downup50|blur
1165,202.0104,0.071379,5.581234,msg_app|occlusion|msg_app
1166,201.9983,0.079370,7.749822,msg_app|msg_app|msg_app
1167,201.5728,0.118558,9.433155,clean|crop|msg_app
1168,202.2947,0.104149,9.433695,msg_app|occlusion|msg_app
1169,201.9223,0.010110,1.563195,blur|jpeg|clean
1170,202.9433,0.021153,3.105513,jpeg|occlusion|clean
1171,202.1853,0.081931,9.440940,occlusion|clean|msg_app
1172,202.0033,0.104295,10.003798,clean|crop|crop
1173,202.6274,0.192719,11.483025,crop|msg_app|downup50
1174,202.1879,0.084497,8.886832,occlusion|crop|clean
1175,202.6653,0.034411,3.429207,occlusion|msg_app|jpeg
1176,206.3370,0.219606,13.080060,blur|blur|crop
1177,205.2867,0.198984,11.831999,jpeg|crop|jpeg
1178,202.7794,0.117175,9.895321,blur|crop|crop
1179,205.5178,0.166266,12.404076,msg_app|crop|crop
1180,202.3215,0.019151,2.706674,crop|downup50|occlusion
1181,201.9135,0.345627,16.748133,crop|crop|clean
1182,202.7253,0.047842,6.017545,downup50|blur|clean
1183,202.1230,0.004302,0.660094,occlusion|occlusion|downup50
1184,202.4966,0.103642,9.787730,clean|crop|downup50
1185,202.8053,0.013313,2.357686,downup50|clean|jpeg
1186,201.7092,0.134502,9.939854,occlusion|occlusion|crop
1187,202.5750,0.264525,16.489834,crop|blur|crop
1188,202.2009,0.022123,2.454933,occlusion|msg_app|blur
1189,204.0877,0.055155,6.458272,blur|blur|blur
1190,202.1383,0.273903,14.699469,crop|jpeg|crop
1191,202.9887,0.053470,6.305984,downup50|blur|crop
1192,203.1630,0.161205,11.998970,msg_app|downup50|downup50
1193,207.9881,0.061409,6.292125,occlusion|crop|occlusion
1194,237.4730,0.089408,7.977327,clean|msg_app|jpeg
1195,243.6863,0.083210,8.494838,jpeg|jpeg|downup50
1196,253.7997,0.158069,10.554097,msg_app|crop|blur
1197,252.2483,0.050035,5.462022,blur|occlusion|occlusion
1198,253.9721,0.039664,4.396400,jpeg|downup50|jpeg
1199,254.3177,0.068460,6.949687,occlusion|crop|downup50
1200,254.5579,0.033555,3.830239,msg_app|occlusion|downup50
1201,258.1021,0.050161,5.503809,blur|occlusion|jpeg
1202,255.6725,0.067574,7.468141,occlusion|blur|blur
1203,260.6632,0.004959,0.617030,clean|downup50|downup50
1204,256.1078,0.037571,4.994870,crop|clean|downup50
1205,250.0939,0.155409,10.739930,msg_app|downup50|clean
1206,273.0773,0.003988,0.409625,downup50|downup50|downup50
1207,249.8540,0.289517,14.751681,crop|crop|msg_app
1208,250.4444,0.216038,13.093059,crop|msg_app|msg_app
1209,253.6200,0.092753,7.951880,crop|downup50|occlusion
1210,254.1382,0.142244,12.417111,blur|clean|msg_app
1211,252.7298,0.032731,4.758091,clean|blur|occlusion
1212,249.2149,0.008930,1.076129,clean|jpeg|clean
1213,252.4889,0.130588,10.109672,msg_app|msg_app|downup50
1214,251.8249,0.189842,10.795048,crop|downup50|jpeg
1215,260.1696,0.073460,8.267308,jpeg|downup50|blur
1216,258.2889,0.073642,7.558559,downup50|clean|msg_app
1217,258.7728,0.015592,1.699453,downup50|occlusion|blur
1218,245.8622,0.046256,4.822335,crop|downup50|jpeg
1219,214.6450,0.231903,14.177748,downup50|crop|downup50
1220,218.4270,0.085645,8.706779,clean|jpeg|msg_app
1221,222.8126,0.210153,15.413994,msg_app|crop|msg_app
1222,224.7203,0.090331,8.332268,msg_app|blur|jpeg
1223,218.8511,0.050493,5.799595,jpeg|clean|msg_app
1224,215.4050,0.194412,12.193757,blur|crop|crop
1225,223.7369,0.184747,10.867143,crop|crop|downup50
1226,224.7307,0.043741,4.892098,downup50|downup50|msg_app
1227,217.0993,0.073429,8.192515,clean|jpeg|clean
1228,216.4654,0.056091,5.976963,downup50|crop|downup50
1229,219.2269,0.147903,11.709320,downup50|jpeg|crop
1230,214.4792,0.003727,0.527042,downup50|downup50|downup50
1231,218.9742,0.121133,9.761501,blur|jpeg|jpeg
1232,212.0205,0.052520,5.544563,blur|occlusion|crop
1233,211.3792,0.135360,10.882510,jpeg|crop|crop
1234,219.8674,0.201942,14.051461,crop|crop|blur
1235,218.3338,0.115152,9.402471,crop|clean|clean
1236,218.5193,0.141843,10.117004,crop|crop|blur
1237,220.6002,0.135062,8.522628,crop|occlusion|blur
1238,220.7952,0.051376,5.688638,msg_app|downup50|downup50
1239,218.4364,0.053507,5.963562,crop|blur|downup50
1240,227.6323,0.341388,20.247940,msg_app|crop|msg_app
1241,227.7497,0.018258,2.610970,blur|clean|blur
1242,218.5899,0.151626,10.859603,msg_app|occlusion|crop
1243,220.7545,0.068521,6.392927,clean|crop|blur
1244,213.7970,0.066231,7.300799,jpeg|clean|clean
1245,221.6348,0.032671,5.119336,jpeg|occlusion|clean
1246,216.4992,0.067307,6.989649,msg_app|jpeg|occlusion
1247,214.8997,0.156882,11.195570,crop|msg_app|jpeg
1248,213.6357,0.018715,2.898484,downup50|downup50|occlusion
1249,208.3826,0.047858,4.891237,crop|clean|jpeg
1250,208.4776,0.025117,4.607330,blur|blur|clean
1251,204.4416,0.004302,0.769584,downup50|clean|downup50
1252,206.2479,0.141326,9.818322,blur|crop|downup50
1253,204.4262,0.097623,8.433134,msg_app|jpeg|blur
1254,204.8878,0.024514,3.170048,msg_app|downup50|clean
1255,204.2680,0.136369,12.181253,blur|msg_app|jpeg
1256,204.4229,0.104763,10.457781,msg_app|crop|msg_app
1257,204.3943,0.139986,10.784428,jpeg|crop|blur
1258,204.1241,0.084754,8.446362,clean|jpeg|blur
1259,204.3043,0.112765,11.098608,msg_app|clean|msg_app
1260,204.3759,0.048853,6.804484,clean|msg_app|blur
1261,204.0826,0.008644,1.390728,downup50|jpeg|occlusion
1262,204.1331,0.038832,6.773109,clean|blur|blur
1263,204.4766,0.095426,9.090044,blur|blur|crop
1264,203.2883,0.040379,5.389855,clean|crop|occlusion
1265,204.2351,0.064232,8.012025,jpeg|downup50|downup50
1266,203.8879,0.132485,11.990761,jpeg|msg_app|clean
1267,203.5512,0.142264,10.901988,clean|jpeg|msg_app
1268,204.5127,0.056269,6.607447,blur|blur|msg_app
1269,203.6242,0.259241,15.167043,downup50|jpeg|crop
1270,204.1189,0.157649,14.144382,msg_app|occlusion|msg_app
1271,208.7146,0.002976,0.452937,jpeg|occlusion|clean
1272,204.4844,0.031931,3.841609,blur|occlusion|blur
1273,204.8787,0.024609,3.051571,blur|jpeg|clean
1274,204.3503,0.036454,6.232495,clean|msg_app|downup50
1275,206.9216,0.035283,4.436011,msg_app|clean|msg_app
1276,204.5332,0.111509,9.936467,jpeg|msg_app|clean
1277,204.2174,0.297990,17.242053,msg_app|crop|occlusion
1278,204.3070,0.112623,9.481853,downup50|crop|blur
1279,204.3958,0.112036,10.107486,blur|blur|msg_app
1280,204.5686,0.126377,10.548553,occlusion|msg_app|jpeg
1281,204.0825,0.049547,6.426607,msg_app|occlusion|clean
1282,204.6088,0.080793,7.606906,msg_app|jpeg|blur
1283,203.8406,0.006110,0.902882,downup50|downup50|msg_app
1284,204.5642,0.090736,9.103782,msg_app|blur|clean
1285,204.2283,0.027546,4.820614,jpeg|downup50|clean
1286,204.0305,0.153298,12.596128,downup50|blur|crop
1287,204.7034,0.065485,7.134222,msg_app|blur|downup50
1288,204.0421,0.095924,8.995874,occlusion|clean|crop
1289,204.3449,0.025322,4.364026,jpeg|blur|clean
1290,203.7338,0.070102,7.338798,msg_app|occlusion|msg_app
1291,204.6352,0.097496,9.985487,blur|downup50|crop
1292,206.6757,0.050865,7.327544,clean|downup50|blur
1293,204.2774,0.119119,9.984699,jpeg|clean|crop
1294,204.6987,0.026019,3.939328,jpeg|jpeg|clean
1295,204.1978,0.096355,10.206398,msg_app|msg_app|occlusion
1296,204.6094,0.019142,1.998456,blur|msg_app|msg_app
1297,204.0191,0.116164,10.413139,jpeg|downup50|crop
1298,203.7472,0.027676,3.600568,blur|msg_app|clean
1299,203.1254,0.230259,13.837049,clean|crop|occlusion
1300,203.1157,0.013868,2.374181,clean|clean|downup50
1301,203.8742,0.157488,12.234885,msg_app|occlusion|clean
1302,203.8087,0.124006,10.359655,clean|msg_app|jpeg
1303,204.1282,0.012483,1.520255,downup50|msg_app|clean
1304,205.0097,0.058507,6.051251,jpeg|downup50|msg_app
1305,204.2729,0.127617,11.407902,jpeg|occlusion|blur
1306,204.8562,0.050475,6.219077,clean|jpeg|msg_app
1307,204.2836,0.027452,4.231119,clean|msg_app|occlusion
1308,205.2723,0.051353,7.097783,downup50|downup50|blur
1309,205.8167,0.047764,6.315181,clean|msg_app|downup50
1310,204.7533,0.024180,4.589174,jpeg|clean|downup50
1311,203.3153,0.020793,3.665752,blur|blur|clean
1312,203.9670,0.044800,5.772376,downup50|msg_app|occlusion
1313,204.7784,0.013439,1.932532,downup50|msg_app|clean
1314,203.7004,0.022088,3.649226,jpeg|occlusion|blur
1315,204.3178,0.203348,15.632076,crop|msg_app|jpeg
1316,203.3501,0.046881,6.142593,jpeg|msg_app|msg_app
1317,204.6441,0.076292,7.610407,jpeg|blur|blur
1318,204.1894,0.041388,5.275886,crop|downup50|jpeg
1319,204.2985,0.244097,14.287105,crop|msg_app|msg_app
1320,204.4691,0.019715,2.737877,blur|downup50|jpeg
1321,204.5368,0.048965,6.283704,occlusion|jpeg|crop
1322,203.9671,0.056297,6.105761,msg_app|occlusion|blur
1323,203.6302,0.036170,5.276432,blur|blur|blur
1324,210.7080,0.123907,9.321956,msg_app|crop|jpeg
1325,204.6079,0.101411,8.655086,clean|jpeg|msg_app
1326,204.2080,0.005210,0.816407,clean|occlusion|clean
1327,203.9324,0.032947,4.701137,jpeg|blur|occlusion
1328,203.1840,0.067570,7.516692,blur|blur|blur
1329,203.0806,0.053178,6.158407,crop|occlusion|occlusion
1330,203.0815,0.003744,0.404837,downup50|clean|downup50
1331,202.9534,0.043252,7.555380,clean|occlusion|crop
1332,202.6174,0.005061,0.798155,occlusion|jpeg|clean
1333,202.5224,0.038583,4.999481,occlusion|downup50|msg_app
1334,203.0369,0.121526,12.578057,clean|clean|crop
1335,202.7275,0.135781,12.195229,jpeg|msg_app|occlusion
1336,204.0474,0.005916,0.941389,clean|downup50|blur
1337,203.3182,0.046013,7.593314,jpeg|jpeg|occlusion
1338,206.6858,0.019011,2.727294,msg_app|jpeg|downup50
1339,203.3832,0.120433,11.792521,clean|crop|msg_app
1340,203.6782,0.083507,9.393274,clean|msg_app|downup50
1341,205.0974,0.132911,11.540944,occlusion|clean|crop
1342,202.6450,0.240418,15.566293,crop|occlusion|crop
1343,203.1977,0.104705,11.017584,msg_app|crop|jpeg
1344,202.6739,0.039640,6.064742,blur|jpeg|downup50
1345,203.1080,0.009476,1.787196,downup50|occlusion|blur
1346,203.2507,0.232713,14.195552,jpeg|crop|occlusion
1347,203.1312,0.128163,11.295436,downup50|downup50|blur
1348,203.8855,0.128228,9.866537,crop|blur|downup50
1349,202.7141,0.123169,10.766682,occlusion|msg_app|msg_app
1350,203.4058,0.006977,1.482140,clean|clean|clean
1351,204.0080,0.213844,12.489974,crop|crop|msg_app
1352,203.9382,0.064697,6.910461,msg_app|msg_app|jpeg
1353,203.5007,0.097609,10.471983,jpeg|jpeg|crop
1354,203.2358,0.034094,3.981888,clean|msg_app|blur
1355,203.4255,0.044892,6.089722,jpeg|jpeg|downup50
1356,203.1444,0.021102,2.503966,msg_app|blur|jpeg
1357,202.7366,0.109754,11.313990,crop|clean|occlusion
1358,204.9126,0.120863,7.794296,blur|msg_app|occlusion
1359,203.6569,0.320710,17.101038,crop|crop|occlusion
1360,202.9557,0.019082,3.123339,clean|jpeg|blur
1361,203.0504,0.061792,7.555430,clean|crop|downup50
1362,203.1620,0.002294,0.277182,occlusion|clean|downup50
1363,202.9465,0.209583,14.590951,occlusion|crop|downup50
1364,203.2552,0.409576,17.886189,msg_app|msg_app|crop
1365,203.3739,0.150562,11.405101,jpeg|crop|msg_app
1366,203.3996,0.156272,12.450533,downup50|jpeg|crop
1367,203.2299,0.103971,8.238978,clean|occlusion|crop
1368,203.4461,0.126189,8.102013,jpeg|crop|downup50
1369,203.9997,0.215661,11.800323,jpeg|jpeg|msg_app
1370,203.1910,0.035474,3.534997,msg_app|blur|clean
1371,203.2133,0.028154,3.135263,downup50|downup50|clean
1372,203.6835,0.366277,15.725290,msg_app|crop|jpeg
1373,202.4937,0.032454,2.941477,jpeg|jpeg|occlusion
1374,203.7578,0.012907,1.828917,jpeg|clean|clean
1375,203.3057,0.046452,5.316475,jpeg|clean|blur
1376,206.0714,0.048510,4.933916,jpeg|msg_app|blur
1377,202.8476,0.098882,8.642644,occlusion|blur|msg_app
1378,203.3167,0.078165,7.256562,jpeg|jpeg|msg_app
1379,202.6985,0.050940,5.127348,occlusion|jpeg|occlusion
1380,202.9078,0.095405,7.560540,jpeg|blur|crop
1381,203.5865,0.007433,0.626534,msg_app|clean|blur
1382,203.3014,0.015950,1.295406,msg_app|downup50|downup50
1383,202.7611,0.241313,12.162802,clean|crop|crop
1384,203.1255,0.026447,3.590583,occlusion|occlusion|blur
1385,203.3042,0.013538,1.905301,blur|occlusion|blur
1386,203.6355,0.110739,9.119518,downup50|downup50|crop
1387,202.7826,0.104314,8.638599,msg_app|occlusion|msg_app
1388,203.3078,0.302563,11.196585,msg_app|clean|blur
1389,202.7906,0.179510,11.215851,blur|crop|occlusion
1390,202.7443,0.175241,10.769554,clean|crop|msg_app
1391,203.1951,0.028904,3.466236,crop|clean|blur
1392,203.0120,0.194056,7.841467,crop|downup50|clean
1393,203.9253,0.006460,0.822241,occlusion|blur|occlusion
1394,202.6921,0.002495,0.345246,occlusion|downup50|clean
1395,202.3431,0.030746,3.761592,occlusion|blur|crop
1396,202.9941,0.141655,9.931761,crop|jpeg|blur
1397,202.7521,0.001548,0.124240,clean|downup50|clean
1398,202.9585,0.053240,4.597562,occlusion|jpeg|msg_app
1399,203.3226,0.040625,4.628267,blur|downup50|blur
1400,203.1495,0.085298,7.919937,clean|downup50|msg_app
1401,203.0822,0.154147,11.071085,crop|msg_app|downup50
1402,205.1424,0.116354,10.332454,msg_app|blur|msg_app
1403,203.4963,0.007124,0.797156,occlusion|jpeg|downup50
1404,203.0829,0.044162,5.042637,jpeg|clean|jpeg
1405,202.8129,0.086852,8.136308,crop|clean|clean
1406,203.0623,0.075058,7.115645,blur|clean|crop
1407,202.8045,0.037578,4.247425,crop|clean|clean
1408,202.9879,0.095294,8.608109,msg_app|msg_app|downup50
1409,205.1823,0.155248,10.229723,msg_app|clean|msg_app
1410,202.8436,0.009099,0.911806,clean|blur|occlusion
1411,202.7005,0.037785,4.408588,occlusion|clean|blur
1412,202.7769,0.073066,6.989284,jpeg|clean|blur
1413,202.9000,0.060002,7.209375,jpeg|blur|clean
1414,202.8878,0.041223,5.558246,downup50|blur|occlusion
1415,202.4123,0.162767,9.780381,crop|occlusion|downup50
1416,202.3693,0.008066,0.803431,downup50|msg_app|downup50
1417,203.2743,0.012154,2.325677,occlusion|clean|jpeg
1418,202.9280,0.053097,6.406856,msg_app|msg_app|occlusion
1419,203.2976,0.173244,11.785872,downup50|blur|clean
1420,203.1595,0.062609,6.751060,downup50|msg_app|blur
1421,203.4031,0.010835,2.301965,msg_app|occlusion|downup50
1422,203.4816,0.069125,8.003010,msg_app|msg_app|downup50
1423,202.6875,0.073589,7.222487,jpeg|crop|clean
1424,203.0453,0.033777,5.499547,occlusion|msg_app|clean
1425,205.2983,0.298359,16.980183,crop|msg_app|occlusion
1426,202.4046,0.011424,1.843641,downup50|occlusion|jpeg
1427,202.8217,0.003592,0.514468,clean|clean|clean
1428,203.0231,0.035548,4.923170,jpeg|occlusion|msg_app
1429,202.9053,0.001683,0.237500,occlusion|occlusion|occlusion
1430,203.1693,0.017383,2.292926,msg_app|blur|blur
1431,203.1074,0.009263,2.063111,occlusion|blur|clean
1432,204.4656,0.005964,1.264012,jpeg|msg_app|clean
1433,203.7154,0.084758,9.581720,clean|msg_app|clean
1434,203.2539,0.039692,6.451155,downup50|jpeg|jpeg
1435,203.1920,0.109979,9.776179,msg_app|msg_app|clean
1436,203.7318,0.033913,5.397077,jpeg|blur|occlusion
1437,203.2325,0.104087,10.189626,msg_app|occlusion|crop
1438,204.1058,0.255921,15.419575,jpeg|clean|msg_app
1439,205.9215,0.049428,7.356032,blur|blur|occlusion
1440,203.1552,0.036943,4.362062,msg_app|downup50|clean
1441,205.6426,0.089007,10.307639,crop|blur|clean
1442,203.6846,0.040811,4.656112,msg_app|blur|msg_app
1443,202.6275,0.262145,18.002768,crop|crop|clean
1444,202.9350,0.435198,16.620324,downup50|crop|crop
1445,203.1321,0.138708,9.802233,crop|jpeg|occlusion
1446,202.5469,0.004293,0.703845,occlusion|clean|downup50
1447,203.7351,0.120884,12.085206,jpeg|downup50|crop
1448,202.7939,0.002928,0.411257,occlusion|occlusion|clean
1449,203.2176,0.083299,8.972658,blur|occlusion|downup50
1450,203.0505,0.032223,4.726328,blur|jpeg|downup50
1451,203.1076,0.078985,9.746468,msg_app|occlusion|occlusion
1452,203.2270,0.110150,9.239864,jpeg|crop|crop
1453,203.4592,0.049024,5.932432,jpeg|jpeg|blur
1454,202.9342,0.060497,7.222293,jpeg|msg_app|blur
1455,201.6405,0.006943,1.061201,occlusion|occlusion|downup50
1456,202.7907,0.021397,3.740381,downup50|blur|msg_app
1457,202.0361,0.098385,10.473585,downup50|occlusion|crop
1458,201.8997,0.178903,12.505968,crop|msg_app|clean
1459,201.9629,0.019040,2.293751,occlusion|occlusion|occlusion
1460,201.8690,0.149231,11.306345,jpeg|occlusion|jpeg
1461,202.7544,0.021175,3.343141,downup50|occlusion|blur
1462,201.7978,0.017637,3.792481,downup50|downup50|blur
1463,202.9709,0.152316,10.510207,crop|downup50|crop
1464,202.8109,0.050990,4.977699,clean|blur|msg_app
1465,202.5004,0.107741,8.419347,downup50|msg_app|occlusion
1466,202.9145,0.075828,8.093729,occlusion|blur|jpeg
1467,202.4237,0.046933,6.537745,clean|occlusion|msg_app
1468,203.2917,0.025242,4.149110,downup50|msg_app|clean
1469,202.6962,0.039190,5.068663,occlusion|clean|clean
1470,202.7495,0.173189,9.878298,msg_app|clean|crop
1471,203.0426,0.104575,9.865125,downup50|downup50|crop
1472,202.7102,0.007070,1.157678,blur|jpeg|occlusion
1473,202.9988,0.158197,10.448105,occlusion|crop|blur
1474,202.2104,0.026098,4.041453,msg_app|clean|blur
1475,202.6444,0.057565,7.323095,msg_app|blur|clean
1476,202.0709,0.005455,0.815501,occlusion|clean|clean
1477,201.9326,0.010151,1.384460,downup50|blur|jpeg
1478,202.2080,0.100588,9.321708,clean|crop|downup50
1479,201.9253,0.040005,6.113187,blur|occlusion|msg_app
1480,202.3572,0.142553,10.270204,downup50|crop|clean
1481,203.1505,0.249768,17.849672,msg_app|occlusion|msg_app
1482,202.9545,0.027471,3.590520,blur|jpeg|occlusion
1483,201.9737,0.051146,5.930389,clean|msg_app|crop
1484,203.0747,0.231652,14.632769,blur|blur|crop
1485,202.8931,0.090042,8.544174,downup50|blur|jpeg
1486,204.5418,0.009301,1.216410,jpeg|occlusion|occlusion
1487,203.2759,0.006348,0.800881,downup50|jpeg|downup50
1488,202.7033,0.042868,4.914954,blur|jpeg|blur
1489,202.6969,0.017143,2.032400,occlusion|jpeg|occlusion
1490,203.1889,0.094036,9.804261,downup50|msg_app|blur
1491,202.7704,0.102927,8.265308,crop|clean|jpeg
1492,204.3041,0.002426,0.250831,occlusion|jpeg|downup50
1493,202.9294,0.081766,8.558052,crop|occlusion|blur
1494,202.9665,0.005631,0.930090,occlusion|clean|clean
1495,202.0206,0.254330,13.717484,blur|crop|msg_app
1496,202.0403,0.349129,16.915950,blur|crop|blur
1497,200.9321,0.014658,1.364992,msg_app|jpeg|clean
1498,200.9865,0.129336,11.158252,crop|jpeg|crop
1499,201.2736,0.048999,5.726207,jpeg|blur|blur
1500,201.3965,0.328727,16.557402,crop|msg_app|blur
1501,201.3245,0.008622,1.223166,jpeg|downup50|occlusion
1502,201.3551,0.268897,11.391499,clean|crop|blur
1503,201.1087,0.048897,5.246257,msg_app|clean|occlusion
1504,201.5699,0.096561,7.793343,occlusion|msg_app|blur
1505,201.4107,0.041145,5.027514,jpeg|occlusion|blur
1506,201.1997,0.003934,0.468613,occlusion|blur|clean
1507,201.7544,0.030283,3.620631,downup50|blur|msg_app
1508,201.9178,0.078436,8.207806,msg_app|blur|clean
1509,201.4473,0.100809,7.857545,jpeg|crop|jpeg
1510,201.2009,0.150139,10.646142,jpeg|msg_app|occlusion
1511,201.7334,0.022250,2.294612,clean|jpeg|blur
1512,200.5199,0.098033,7.903112,crop|msg_app|clean
1513,200.9866,0.026151,2.340490,downup50|jpeg|clean
1514,201.0453,0.033339,3.650410,blur|occlusion|msg_app
1515,200.7738,0.147637,9.183193,blur|occlusion|msg_app
1516,200.8224,0.003605,0.377094,blur|clean|downup50
1517,201.3175,0.019860,2.044445,blur|msg_app|occlusion
1518,201.1215,0.086042,8.625374,msg_app|downup50|crop
1519,201.1685,0.039387,5.139545,msg_app|jpeg|downup50
1520,201.8850,0.076000,7.132388,crop|crop|jpeg
1521,201.8942,0.057551,6.226783,occlusion|crop|downup50
1522,202.1991,0.061015,6.813254,crop|msg_app|clean
1523,202.0859,0.114728,9.453781,msg_app|occlusion|crop
1524,201.8062,0.052999,7.030366,occlusion|occlusion|occlusion
1525,201.6528,0.139762,10.705800,occlusion|crop|occlusion
1526,201.6591,0.017733,3.606059,downup50|blur|blur
1527,201.2916,0.141880,12.780299,downup50|msg_app|clean
1528,201.4263,0.001738,0.264477,occlusion|clean|occlusion
1529,201.2620,0.036576,5.909548,clean|msg_app|downup50
1530,201.2672,0.098441,10.648702,clean|crop|clean
1531,201.1321,0.000944,0.181782,clean|clean|clean
1532,201.3511,0.001028,0.126847,occlusion|occlusion|downup50
1533,201.2220,0.024150,2.590109,blur|clean|jpeg
1534,205.9373,0.053096,7.658326,blur|msg_app|occlusion
1535,201.0386,0.084516,8.405495,clean|jpeg|msg_app
1536,201.1535,0.000920,0.087717,downup50|downup50|occlusion
1537,202.5025,0.003194,0.435949,blur|downup50|downup50
1538,202.0285,0.024366,3.663626,blur|msg_app|occlusion
1539,204.1878,0.002778,0.362637,jpeg|downup50|downup50
1540,204.4381,0.001295,0.127156,occlusion|occlusion|jpeg
1541,203.4676,0.007172,1.147265,jpeg|downup50|jpeg
1542,202.6185,0.127882,10.059633,msg_app|downup50|crop
1543,203.0535,0.152282,9.047035,crop|clean|blur
1544,202.3726,0.015237,2.364039,downup50|occlusion|occlusion
1545,202.2157,0.185313,12.482789,clean|msg_app|crop
1546,202.8663,0.059831,7.713030,jpeg|blur|blur
1547,203.4887,0.006852,1.193247,blur|downup50|clean
1548,202.6474,0.089048,8.851460,msg_app|crop|occlusion
1549,202.6121,0.127242,10.364132,blur|crop|crop
1550,202.4183,0.125330,10.222608,crop|blur|jpeg
1551,202.0060,0.091428,8.509572,msg_app|msg_app|crop
1552,209.2506,0.009281,1.384951,downup50|jpeg|downup50
1553,203.1240,0.022040,3.194119,jpeg|jpeg|downup50
1554,203.8171,0.027071,4.487255,blur|blur|clean
1555,203.1005,0.259397,13.671344,msg_app|jpeg|crop
1556,202.9940,0.021429,3.323872,jpeg|clean|jpeg
1557,204.7158,0.004889,0.692702,clean|clean|occlusion
1558,203.1982,0.151826,12.066074,blur|msg_app|downup50
1559,203.2394,0.131934,10.988344,clean|jpeg|crop
1560,202.9454,0.009274,1.371243,clean|downup50|blur
1561,205.0923,0.003494,0.507223,clean|occlusion|clean
1562,229.3932,0.142656,12.148701,crop|crop|downup50
1563,221.7530,0.125201,9.977412,blur|occlusion|crop
1564,230.6087,0.085200,8.537987,clean|crop|clean
1565,224.7589,0.158938,10.868641,msg_app|crop|blur
1566,224.4477,0.005873,0.718742,downup50|clean|jpeg
1567,209.5178,0.123374,9.341762,msg_app|msg_app|crop
1568,211.8219,0.018128,2.518781,clean|downup50|jpeg
1569,207.8178,0.028471,4.175784,occlusion|msg_app|downup50
1570,206.6373,0.140455,9.936555,jpeg|jpeg|crop
1571,210.4625,0.013176,2.030204,blur|occlusion|clean
1572,203.9362,0.023130,2.659097,occlusion|jpeg|msg_app
1573,202.6920,0.080671,6.987654,crop|clean|downup50
1574,204.6045,0.023938,2.712966,downup50|jpeg|jpeg
1575,203.5600,0.015965,1.809432,blur|jpeg|occlusion
1576,203.8985,0.067454,6.342477,msg_app|msg_app|blur
1577,208.1428,0.007915,1.204159,occlusion|occlusion|clean
1578,203.7459,0.017256,2.576207,jpeg|downup50|occlusion
1579,204.5006,0.166741,10.430619,downup50|msg_app|crop
1580,204.9377,0.031389,3.805991,clean|jpeg|blur
1581,203.9344,0.076817,7.742652,blur|jpeg|downup50
1582,204.1996,0.026671,3.073075,occlusion|blur|blur
1583,203.9644,0.005774,1.016305,downup50|occlusion|downup50
1584,204.1599,0.055688,6.865680,jpeg|clean|blur
1585,203.5617,0.019343,2.292922,blur|occlusion|blur
1586,203.5551,0.047645,4.912562,msg_app|crop|occlusion
1587,217.4247,0.024318,2.835610,downup50|clean|msg_app
1588,220.7382,0.044084,4.934516,msg_app|msg_app|downup50
1589,215.5488,0.010070,1.950569,occlusion|blur|clean
1590,208.3401,0.059818,5.932123,occlusion|crop|downup50
1591,206.7539,0.166938,12.405390,crop|msg_app|blur
1592,206.1971,0.040784,6.075336,msg_app|blur|occlusion
1593,205.8502,0.055249,7.455449,downup50|jpeg|jpeg
1594,207.6222,0.038967,5.670202,clean|blur|blur
1595,202.2833,0.046942,5.470295,crop|jpeg|occlusion
1596,203.0910,0.318962,7.479743,blur|blur|crop
1597,203.4204,0.019872,2.696603,jpeg|occlusion|blur
1598,203.2220,0.045597,6.482981,msg_app|blur|clean
1599,202.8056,0.002928,0.481480,downup50|clean|downup50
1600,202.3312,0.041695,5.964470,clean|msg_app|occlusion
1601,202.0606,0.054196,6.810716,downup50|clean|crop
1602,202.6027,0.115668,9.863040,jpeg|msg_app|crop
1603,202.3068,0.070360,8.456125,msg_app|occlusion|crop
1604,202.5553,0.032617,3.960994,occlusion|crop|msg_app
1605,203.8755,0.004486,0.718652,blur|downup50|clean
1606,209.5575,0.118497,9.145333,crop|clean|blur
1607,207.2053,0.047531,6.589496,clean|blur|jpeg
1608,206.6677,0.221265,15.016036,jpeg|occlusion|msg_app
1609,213.5866,0.011695,1.728785,clean|clean|blur
1610,215.9970,0.024448,2.318042,msg_app|blur|clean
1611,219.7840,0.042328,4.493740,msg_app|msg_app|blur
1612,218.4654,0.088807,7.079989,msg_app|crop|downup50
1613,215.2012,0.042188,6.346724,msg_app|clean|clean
1614,215.3062,0.023311,3.425810,msg_app|clean|downup50
1615,212.4767,0.100655,8.537454,blur|jpeg|msg_app
1616,215.5501,0.227963,12.432909,crop|msg_app|blur
1617,226.6554,0.169138,11.688517,jpeg|downup50|crop
1618,213.2547,0.144076,10.990884,downup50|blur|msg_app
1619,212.6721,0.009959,1.174406,downup50|occlusion|blur
1620,210.2255,0.017544,1.891486,msg_app|blur|downup50
1621,212.6815,0.056311,6.098056,occlusion|occlusion|crop
1622,213.5600,0.193017,12.453472,msg_app|msg_app|blur
1623,217.3600,0.110589,9.785331,jpeg|crop|jpeg
1624,212.5576,0.121357,11.428581,crop|downup50|blur
1625,214.0851,0.073608,8.005329,clean|jpeg|msg_app
1626,212.6189,0.047554,6.193086,clean|msg_app|occlusion
1627,213.0554,0.002467,0.349474,clean|clean|clean
1628,214.8166,0.115449,10.009154,blur|crop|blur
1629,213.9986,0.171216,11.617122,downup50|blur|crop
1630,214.0054,0.037655,4.738418,occlusion|blur|blur
1631,213.7477,0.131342,10.505400,jpeg|crop|clean
1632,213.9239,0.101700,7.722195,msg_app|blur|downup50
1633,210.2342,0.011739,1.872446,clean|clean|clean
1634,215.0240,0.463022,17.800992,occlusion|blur|crop
1635,217.3545,0.405406,22.412071,crop|msg_app|jpeg
1636,218.3389,0.011198,1.453945,occlusion|blur|downup50
1637,218.7965,0.057915,6.980114,occlusion|msg_app|downup50
1638,217.3269,0.073976,7.893351,blur|jpeg|downup50
1639,217.2225,0.120747,12.250961,jpeg|occlusion|msg_app
1640,216.8456,0.001726,0.250484,occlusion|occlusion|occlusion
1641,221.0637,0.151379,12.865117,msg_app|occlusion|clean
1642,219.1705,0.283135,14.297619,jpeg|clean|jpeg
1643,219.6141,0.021848,4.017388,clean|clean|jpeg
1644,223.2481,0.166308,11.753890,crop|msg_app|downup50
1645,220.0119,0.006300,0.794625,clean|clean|blur
1646,221.8591,0.012525,2.452168,downup50|downup50|blur
1647,220.4507,0.125170,10.431085,jpeg|downup50|jpeg
1648,217.4800,0.255831,15.676605,downup50|crop|msg_app
1649,216.4992,0.024007,3.337668,occlusion|occlusion|crop
1650,217.6523,0.007593,0.961964,downup50|clean|blur
1651,217.9779,0.275037,14.950232,crop|clean|jpeg
1652,220.7993,0.001555,0.136281,downup50|downup50|clean
1653,216.4285,0.022005,3.280373,occlusion|jpeg|clean
1654,216.5775,0.003280,0.554346,downup50|occlusion|clean
1655,216.0967,0.105721,10.640367,blur|clean|crop
1656,218.5489,0.058511,5.922259,occlusion|crop|jpeg
1657,217.3357,0.018221,2.264102,clean|clean|blur
1658,218.6058,0.020755,3.366302,occlusion|occlusion|blur
1659,216.9724,0.008758,2.018754,occlusion|jpeg|occlusion
1660,217.4012,0.024856,3.380073,jpeg|clean|jpeg
1661,231.4370,0.051827,6.600197,occlusion|crop|occlusion
1662,219.0536,0.082545,7.593166,crop|downup50|downup50
1663,220.3196,0.008546,1.155035,downup50|blur|downup50
1664,226.3406,0.156159,10.072361,crop|occlusion|clean
1665,215.4539,0.099476,9.530796,blur|downup50|crop
1666,211.2476,0.085084,6.380124,clean|msg_app|msg_app
1667,227.9956,0.070406,7.574871,msg_app|crop|jpeg
1668,247.0662,0.144957,9.094957,crop|occlusion|crop
1669,217.6873,0.021297,2.931446,msg_app|clean|occlusion
1670,214.3314,0.018656,2.809816,occlusion|blur|jpeg
1671,211.3288,0.101247,10.125184,blur|msg_app|clean
1672,210.8139,0.014454,1.734029,blur|jpeg|blur
1673,210.4553,0.039337,5.725577,downup50|occlusion|jpeg
1674,212.8971,0.022459,3.446469,blur|blur|downup50
1675,225.2727,0.004213,0.427887,downup50|blur|downup50
1676,211.3681,0.015298,2.353192,downup50|jpeg|occlusion
1677,203.7777,0.036633,4.044990,occlusion|jpeg|msg_app
1678,204.8061,0.010157,1.402344,downup50|downup50|jpeg
1679,204.5627,0.046091,6.178828,occlusion|occlusion|occlusion
1680,203.7547,0.002621,0.395850,downup50|occlusion|downup50
1681,204.0300,0.146344,12.269022,blur|msg_app|downup50
1682,204.7330,0.020739,3.213144,blur|jpeg|blur
1683,203.7456,0.161808,11.143505,msg_app|crop|blur
1684,203.5021,0.111733,9.623180,blur|downup50|crop
1685,203.7742,0.033536,3.996326,clean|msg_app|blur
1686,202.9022,0.173256,10.070448,crop|clean|jpeg
1687,204.0920,0.036928,5.080614,jpeg|jpeg|msg_app
1688,203.4594,0.005073,0.648347,clean|occlusion|occlusion
1689,205.5436,0.025320,3.991938,downup50|occlusion|blur
1690,205.7852,0.220883,13.897349,occlusion|msg_app|blur
1691,203.5471,0.028317,3.473741,msg_app|downup50|jpeg
1692,203.4097,0.005925,1.250032,jpeg|downup50|downup50
1693,203.1325,0.000357,0.034773,clean|occlusion|clean
1694,203.5195,0.008711,1.576359,clean|blur|occlusion
1695,204.6734,0.099372,8.754357,blur|blur|crop
1696,203.6160,0.428990,21.220133,msg_app|msg_app|crop
1697,204.5104,0.014403,2.260061,occlusion|jpeg|blur
1698,203.5110,0.197809,11.536621,crop|blur|clean
1699,203.3074,0.417091,17.896722,crop|msg_app|msg_app
1700,203.9396,0.054598,5.875178,crop|clean|downup50
1701,203.0638,0.028188,4.873104,downup50|jpeg|downup50
1702,203.1743,0.095160,9.024448,crop|clean|crop
1703,203.4173,0.033339,3.807411,blur|jpeg|downup50
1704,202.8264,0.004284,0.519481,occlusion|downup50|occlusion
1705,202.8172,0.087035,6.109944,downup50|downup50|jpeg
1706,204.7875,0.017192,2.252538,blur|jpeg|jpeg
1707,207.5360,0.050242,6.619135,blur|jpeg|occlusion
1708,203.0112,0.021112,2.819965,downup50|crop|clean
1709,203.7975,0.011817,1.907778,downup50|blur|occlusion
1710,202.3663,0.218257,11.745882,crop|msg_app|crop
1711,204.0715,0.040586,4.690939,blur|clean|jpeg
1712,202.8199,0.085562,7.374009,clean|downup50|crop
1713,205.3992,0.039252,5.000985,clean|occlusion|msg_app
1714,203.1043,0.047454,5.038580,occlusion|downup50|jpeg
1715,203.0318,0.106818,10.003568,msg_app|downup50|blur
1716,203.2644,0.146388,9.647061,crop|crop|blur
1717,203.1885,0.191972,12.510213,occlusion|msg_app|crop
1718,203.0306,0.076777,6.952383,clean|occlusion|crop
1719,202.7127,0.007981,1.064413,msg_app|clean|clean
1720,204.0161,0.023805,2.344699,blur|occlusion|jpeg
1721,203.6046,0.090149,8.670163,blur|blur|msg_app
1722,203.3098,0.067423,6.719166,clean|jpeg|jpeg
1723,204.2229,0.188637,10.703201,crop|crop|crop
1724,203.1802,0.080101,7.962440,downup50|occlusion|crop
1725,203.8699,0.067955,6.159428,crop|blur|blur
1726,203.3274,0.070359,7.100511,jpeg|jpeg|crop
1727,203.0536,0.005118,0.532350,jpeg|downup50|clean
1728,203.9609,0.044510,5.634899,occlusion|downup50|crop
1729,203.1475,0.409850,18.885150,jpeg|crop|crop
1730,205.1745,0.225849,10.022795,crop|jpeg|msg_app
1731,203.3200,0.019192,3.116550,jpeg|occlusion|blur
1732,203.6023,0.225652,13.114106,jpeg|crop|clean
1733,203.3777,0.154494,11.284102,crop|blur|jpeg
1734,202.9251,0.132760,9.775843,clean|jpeg|crop
1735,203.2023,0.086707,7.036534,downup50|crop|blur
1736,203.3824,0.008041,0.724855,blur|clean|downup50
1737,204.1310,0.080397,6.312191,blur|clean|msg_app
1738,202.6993,0.047586,4.286843,msg_app|downup50|occlusion
1739,202.8960,0.029880,2.968336,msg_app|clean|occlusion
1740,202.2944,0.074876,6.209170,crop|jpeg|clean
1741,203.4552,0.074551,7.086493,jpeg|msg_app|jpeg
1742,203.1396,0.120343,7.993854,clean|crop|jpeg
1743,203.6771,0.113314,7.425136,jpeg|jpeg|occlusion
1744,205.4249,0.012728,1.863653,jpeg|occlusion|clean
1745,204.3442,0.158497,9.442167,occlusion|crop|occlusion
1746,203.0831,0.050579,6.033092,occlusion|jpeg|clean
1747,203.1696,0.132640,7.628019,crop|clean|msg_app
1748,205.1037,0.092234,6.688367,occlusion|blur|crop
1749,203.0121,0.031531,3.496611,msg_app|occlusion|jpeg
1750,203.2316,0.034949,4.031906,clean|blur|msg_app
1751,203.6235,0.077144,6.235348,blur|msg_app|jpeg
1752,202.4571,0.030909,2.915857,msg_app|blur|downup50
1753,204.0364,0.246932,11.120782,msg_app|crop|blur
1754,202.8193,0.287255,9.478322,crop|occlusion|crop
1755,202.8161,0.165850,10.368176,downup50|crop|downup50
1756,202.3401,0.025751,2.205239,occlusion|crop|jpeg
1757,202.9432,0.140928,10.111110,msg_app|occlusion|blur
1758,203.1618,0.072324,7.212834,blur|blur|msg_app
1759,202.6941,0.050018,4.702007,crop|msg_app|occlusion
1760,207.0565,0.216546,12.668048,crop|msg_app|msg_app
1761,203.4458,0.081765,6.026029,jpeg|msg_app|clean
1762,202.1346,0.005908,0.667776,clean|clean|occlusion
1763,202.9175,0.204091,10.759364,crop|msg_app|crop
1764,203.3445,0.144032,8.544259,msg_app|crop|blur
1765,204.0896,0.218695,11.237199,occlusion|crop|msg_app
1766,202.1294,0.046536,5.150547,blur|clean|crop
1767,202.8154,0.020731,2.674341,msg_app|occlusion|downup50
1768,203.0768,0.005706,0.504680,downup50|clean|blur
1769,202.8696,0.054188,4.312425,jpeg|msg_app|clean
1770,203.3777,0.092603,8.730583,blur|blur|occlusion
1771,201.4585,0.031228,3.773034,clean|blur|occlusion
1772,203.7465,0.092311,6.455756,blur|downup50|crop
1773,201.7543,0.042524,4.155789,msg_app|occlusion|jpeg
1774,202.5359,0.033157,3.481691,blur|occlusion|blur
1775,202.8280,0.045002,4.358161,jpeg|clean|msg_app
1776,202.0007,0.062355,4.769433,occlusion|crop|crop
1777,202.9686,0.038817,4.388798,clean|jpeg|occlusion
1778,202.3183,0.018092,2.794456,blur|jpeg|clean
1779,202.0807,0.065719,5.741185,jpeg|crop|downup50
1780,202.5111,0.086371,8.394569,crop|msg_app|blur
1781,202.0755,0.087388,8.094193,crop|msg_app|jpeg
1782,202.4229,0.133598,11.359333,blur|crop|msg_app
1783,201.7863,0.289225,13.637716,jpeg|crop|crop
1784,203.7842,0.004789,0.458911,blur|occlusion|occlusion
1785,201.3713,0.095272,8.320588,crop|blur|downup50
1786,201.3659,0.012077,1.805971,occlusion|occlusion|blur
1787,202.7140,0.037135,4.869532,msg_app|clean|blur
1788,202.1951,0.138966,10.664891,msg_app|occlusion|msg_app
1789,202.6243,0.080638,8.115779,blur|downup50|msg_app
1790,202.1146,0.011052,1.177549,downup50|blur|clean
1791,202.8873,0.215115,11.885003,crop|jpeg|msg_app
1792,202.1059,0.127321,8.359653,clean|downup50|msg_app
1793,202.3059,0.016594,1.995799,clean|downup50|msg_app
1794,202.9648,0.224492,12.653557,downup50|jpeg|crop
1795,202.2573,0.098370,8.680547,clean|occlusion|crop
1796,202.2981,0.155110,11.498296,crop|msg_app|msg_app
1797,201.8750,0.085614,8.500944,clean|crop|msg_app
1798,201.5062,0.016245,2.946154,blur|downup50|occlusion
1799,202.5681,0.151975,12.422409,jpeg|blur|blur
1800,202.5198,0.031704,4.976529,downup50|clean|jpeg
1801,202.2227,0.020241,3.341689,downup50|occlusion|msg_app
1802,202.5748,0.188751,10.500654,occlusion|downup50|crop
1803,204.4174,0.117984,10.008379,msg_app|crop|blur
1804,202.2929,0.005624,0.682200,occlusion|occlusion|downup50
1805,203.8739,0.011191,1.771675,clean|blur|blur
1806,203.2631,0.093667,9.741419,downup50|crop|jpeg
1807,203.3025,0.004444,0.672780,blur|occlusion|occlusion
1808,203.5774,0.020264,2.986594,clean|msg_app|jpeg
1809,205.4919,0.004207,0.472202,msg_app|clean|downup50
1810,203.1012,0.272737,14.769391,crop|crop|blur
1811,202.6186,0.005349,0.585099,blur|jpeg|downup50
1812,202.6004,0.081053,7.277758,occlusion|crop|msg_app
1813,202.7965,0.009042,1.072199,downup50|blur|downup50
1814,202.3477,0.119877,10.579227,msg_app|blur|clean
1815,202.0970,0.017001,2.760112,occlusion|jpeg|occlusion
1816,202.2186,0.020496,3.035885,occlusion|msg_app|msg_app
1817,203.0115,0.203737,15.482723,msg_app|downup50|crop
1818,202.5655,0.030116,4.825002,msg_app|blur|clean
1819,202.3833,0.009994,1.440470,occlusion|occlusion|clean
1820,202.5213,0.093697,9.023228,jpeg|clean|crop
1821,202.8437,0.053684,5.616830,msg_app|downup50|occlusion
1822,203.3704,0.144152,12.435327,clean|msg_app|msg_app
1823,203.1711,0.043380,4.667870,jpeg|msg_app|occlusion
1824,203.5223,0.067362,6.517872,crop|blur|blur
1825,203.0972,0.003492,0.530625,downup50|downup50|occlusion
1826,203.3171,0.086690,8.061393,clean|crop|msg_app
1827,204.1444,0.049923,5.803325,msg_app|jpeg|occlusion
1828,203.0808,0.081619,8.884597,jpeg|crop|occlusion
1829,204.0530,0.074138,8.613371,jpeg|crop|blur
1830,203.6679,0.055524,6.547151,clean|crop|downup50
1831,203.4830,0.420829,16.071839,jpeg|crop|crop
1832,203.4576,0.001327,0.233763,clean|downup50|downup50
1833,203.2632,0.017550,2.660614,jpeg|msg_app|occlusion
1834,214.2517,0.098616,8.937262,jpeg|crop|crop
1835,216.3299,0.052216,7.014387,clean|blur|jpeg
1836,219.2131,0.030232,5.679493,clean|jpeg|occlusion
1837,214.4643,0.005836,0.810280,clean|jpeg|blur
1838,216.3012,0.001890,0.214653,downup50|clean|downup50
1839,211.9320,0.094276,8.525016,crop|clean|crop
1840,218.9491,0.095949,8.205531,crop|clean|clean
1841,213.0282,0.098331,8.395021,jpeg|occlusion|crop
1842,218.8039,0.100882,7.715359,occlusion|msg_app|msg_app
1843,207.8339,0.011873,1.180623,msg_app|occlusion|clean
1844,208.0173,0.163704,11.668203,crop|msg_app|occlusion
1845,217.2699,0.033490,3.681470,msg_app|jpeg|downup50
1846,217.6071,0.012651,1.528068,downup50|clean|jpeg
1847,211.2709,0.045033,5.448230,clean|msg_app|occlusion
1848,204.0945,0.009286,1.067090,occlusion|blur|clean
1849,202.3211,0.127380,10.450444,msg_app|msg_app|crop
1850,202.2126,0.166719,10.864582,crop|msg_app|msg_app
1851,204.3835,0.009235,1.077560,downup50|clean|blur
1852,203.1888,0.153269,11.193620,crop|msg_app|clean
1853,202.6305,0.012412,1.056556,downup50|msg_app|clean
1854,201.8500,0.009197,1.110156,downup50|jpeg|downup50
1855,203.0439,0.047791,5.890645,jpeg|jpeg|clean
1856,202.9946,0.066729,7.085349,downup50|crop|downup50
1857,203.5137,0.016630,2.591897,clean|jpeg|blur
1858,203.8956,0.038871,5.015485,clean|msg_app|clean
1859,202.4834,0.010768,1.274744,clean|blur|occlusion
1860,202.0982,0.009524,1.337164,blur|clean|jpeg
1861,202.2059,0.009234,1.173169,downup50|downup50|blur
1862,202.2061,0.038282,4.001236,jpeg|blur|jpeg
1863,202.7383,0.008852,1.057228,downup50|blur|occlusion
1864,202.7603,0.037224,4.067194,clean|msg_app|msg_app
1865,201.3779,0.022302,2.244344,blur|blur|jpeg
1866,202.3367,0.091530,9.551855,blur|crop|occlusion
1867,202.1976,0.054694,5.795520,msg_app|jpeg|msg_app
1868,201.5178,0.002210,0.499361,clean|occlusion|downup50
1869,202.8797,0.115396,10.170509,blur|clean|crop
1870,202.6851,0.042481,5.145698,jpeg|downup50|jpeg
1871,201.6704,0.176529,11.366768,crop|occlusion|clean
1872,201.4662,0.159801,11.144912,occlusion|crop|clean
1873,201.8848,0.101650,7.206209,msg_app|clean|clean
1874,202.1183,0.147782,12.542720,blur|msg_app|msg_app
1875,201.9629,0.094106,7.984824,crop|jpeg|blur
1876,202.3986,0.170422,12.333370,crop|occlusion|blur
1877,201.2503,0.065914,6.636555,crop|blur|msg_app
1878,202.5191,0.190105,13.714211,occlusion|crop|msg_app
1879,202.4558,0.020412,3.123906,blur|jpeg|blur
1880,201.1760,0.045850,6.575194,occlusion|msg_app|occlusion
1881,202.0515,0.005977,1.131311,blur|occlusion|clean
1882,202.3095,0.004926,0.691914,clean|jpeg|downup50
1883,202.2777,0.286292,14.082056,crop|crop|downup50
1884,202.4852,0.100722,7.492025,msg_app|jpeg|crop
1885,202.4677,0.009644,1.616777,jpeg|clean|downup50
1886,201.6835,0.001773,0.255084,occlusion|downup50|clean
1887,202.1086,0.091898,9.127938,blur|msg_app|crop
1888,202.5456,0.026188,5.237937,blur|msg_app|downup50
1889,202.3636,0.048280,6.480232,blur|clean|msg_app
1890,202.1583,0.205231,9.636065,blur|downup50|crop
1891,202.0553,0.076266,7.692916,clean|clean|crop
1892,202.2353,0.136509,10.865110,occlusion|crop|jpeg
1893,202.3113,0.011922,1.831789,blur|blur|clean
1894,202.2898,0.122274,9.071933,blur|crop|clean
1895,202.1536,0.234739,12.498399,clean|crop|msg_app
1896,202.0466,0.066496,7.549052,clean|occlusion|crop
1897,201.8733,0.004864,0.771358,downup50|jpeg|clean
1898,201.8935,0.017444,2.871424,clean|msg_app|blur
1899,201.4419,0.189487,11.103219,crop|blur|crop
1900,202.4444,0.014174,1.488857,blur|blur|blur
1901,202.4102,0.046196,6.463347,clean|blur|jpeg
1902,202.4101,0.014968,1.501127,occlusion|msg_app|jpeg
1903,202.6817,0.012628,1.370443,blur|jpeg|blur
1904,202.3638,0.059646,4.890118,crop|jpeg|clean
1905,202.8913,0.013929,1.711210,jpeg|jpeg|downup50
1906,201.8439,0.052594,3.993441,msg_app|msg_app|jpeg
1907,202.1190,0.061007,6.775676,occlusion|jpeg|jpeg
1908,202.0011,0.030942,3.113937,blur|blur|crop
1909,201.5301,0.007835,1.305897,occlusion|occlusion|clean
1910,202.1657,0.014707,1.890994,downup50|blur|jpeg
1911,201.8802,0.226657,13.768526,clean|crop|crop
1912,202.3740,0.149088,7.853208,blur|msg_app|crop
1913,202.1115,0.027748,4.146115,blur|blur|jpeg
1914,201.7730,0.033590,4.546082,blur|downup50|jpeg
1915,201.5274,0.070077,8.337066,jpeg|jpeg|jpeg
1916,202.0339,0.053678,6.539142,clean|jpeg|jpeg
1917,201.7367,0.012766,1.987297,downup50|jpeg|clean
1918,201.4698,0.002647,0.583141,occlusion|occlusion|occlusion
1919,206.6118,0.026981,4.353254,msg_app|occlusion|blur
1920,201.8682,0.030520,4.509155,msg_app|jpeg|blur
1921,201.5794,0.007860,0.815826,clean|jpeg|crop
1922,201.6581,0.035078,3.638884,clean|jpeg|msg_app
1923,202.4400,0.025906,4.316585,msg_app|clean|clean
1924,201.5098,0.315026,13.626832,crop|crop|msg_app
1925,201.5009,0.050965,6.206009,blur|msg_app|downup50
1926,201.8118,0.004901,1.029808,clean|occlusion|clean
1927,201.7877,0.199068,11.926976,blur|crop|crop
1928,201.8363,0.058594,6.346533,occlusion|blur|msg_app
1929,201.6780,0.103450,7.879303,crop|clean|crop
1930,201.9489,0.022215,2.903298,msg_app|downup50|downup50
1931,202.1378,0.119118,8.683053,crop|crop|msg_app
1932,202.8172,0.008258,1.033798,downup50|jpeg|blur
1933,208.2691,0.080761,7.117788,downup50|crop|clean
1934,215.5690,0.042188,5.068016,downup50|jpeg|crop
1935,207.6286,0.008582,1.283570,jpeg|occlusion|clean
1936,207.6898,0.011298,1.224429,blur|jpeg|downup50
1937,207.5319,0.046644,5.932276,crop|downup50|downup50
1938,208.3114,0.050662,5.276804,blur|msg_app|msg_app
1939,204.1931,0.159434,11.550653,crop|msg_app|blur
1940,203.2730,0.034283,4.068998,downup50|jpeg|jpeg
1941,218.5522,0.232435,10.763314,blur|downup50|crop
1942,228.9658,0.070737,5.290868,crop|occlusion|clean
1943,219.2772,0.065203,6.197941,blur|blur|crop
1944,204.4247,0.107016,8.859414,jpeg|occlusion|crop
1945,202.7922,0.018276,1.843167,jpeg|clean|msg_app
1946,207.6981,0.054569,5.512457,clean|downup50|crop
1947,219.7422,0.008852,0.910043,jpeg|blur|clean
1948,222.3195,0.070840,6.001241,msg_app|msg_app|crop
1949,224.4317,0.104845,9.928845,jpeg|crop|occlusion
1950,221.8056,0.054843,5.946557,jpeg|clean|msg_app
1951,214.6748,0.112281,8.054114,crop|crop|occlusion
1952,208.1793,0.006865,1.124972,clean|jpeg|occlusion
1953,203.4545,0.077285,6.928120,jpeg|crop|blur
1954,204.6900,0.035518,4.469654,msg_app|downup50|occlusion
1955,222.8622,0.056170,5.168267,msg_app|clean|jpeg
1956,230.4891,0.205809,10.622835,jpeg|crop|occlusion
1957,219.6228,0.018808,2.972239,blur|occlusion|clean
1958,224.7108,0.065365,6.370024,jpeg|jpeg|msg_app
1959,212.8705,0.109426,6.374638,crop|occlusion|occlusion
1960,204.4588,0.063042,6.747193,clean|crop|downup50
1961,205.1469,0.211287,12.052298,crop|msg_app|downup50
1962,215.7118,0.011680,1.199339,clean|jpeg|msg_app
1963,207.9300,0.025459,4.169690,clean|msg_app|downup50
1964,216.3844,0.044208,5.335538,clean|jpeg|msg_app
1965,224.8500,0.022713,2.419532,clean|crop|clean
1966,227.8921,0.053496,6.474032,jpeg|msg_app|jpeg
1967,234.0512,0.003493,0.320891,downup50|downup50|blur
1968,222.8379,0.338651,20.522220,msg_app|jpeg|blur
1969,230.3393,0.048977,5.169164,jpeg|blur|occlusion
1970,219.2209,0.016648,2.747464,msg_app|clean|jpeg
1971,238.1187,0.033857,3.901351,jpeg|clean|msg_app
1972,236.1180,0.065391,7.561707,jpeg|blur|downup50
1973,232.6406,0.127894,8.090101,occlusion|crop|blur
1974,230.3507,0.172510,11.211395,crop|clean|clean
1975,221.3445,0.028777,3.942120,occlusion|blur|blur
1976,228.7155,0.245821,15.332350,clean|crop|msg_app
1977,240.9056,0.105327,8.234579,crop|jpeg|downup50
1978,240.0004,0.009808,1.191536,clean|jpeg|msg_app
1979,232.1201,0.001640,0.287703,clean|downup50|occlusion
1980,221.1363,0.017897,2.721878,msg_app|msg_app|occlusion
1981,236.5748,0.171567,10.546947,msg_app|crop|blur
1982,234.8055,0.161612,13.866302,occlusion|crop|blur
1983,228.5492,0.102128,11.381632,msg_app|blur|blur
1984,234.1131,0.041542,6.212877,crop|blur|downup50
1985,229.6126,0.022250,2.838773,downup50|clean|blur
1986,234.3862,0.163158,10.491185,crop|occlusion|clean
1987,230.1535,0.136323,11.750848,clean|downup50|crop
1988,232.8545,0.037028,5.118049,blur|downup50|occlusion
1989,228.4227,0.008833,1.573236,msg_app|occlusion|occlusion
1990,228.9473,0.028719,3.987820,msg_app|occlusion|crop
1991,261.6110,0.106282,8.741554,crop|msg_app|jpeg
1992,285.8117,0.269513,15.030716,crop|clean|crop
1993,270.0835,0.076855,8.369350,downup50|crop|blur
1994,267.2130,0.010210,1.457994,msg_app|jpeg|downup50
1995,268.1313,0.004215,1.117814,clean|downup50|clean
1996,223.1195,0.138368,9.113594,occlusion|crop|jpeg
1997,219.4203,0.000395,0.045063,clean|occlusion|clean
1998,204.1580,0.177813,13.927164,clean|crop|msg_app
1999,204.6685,0.170760,13.274117,crop|crop|clean
2000,204.3539,0.118551,10.930919,crop|blur|msg_app
