global_step,step_time_sec,meta_loss,grad_norm,tasks
1,262.8753,0.700430,5.662800,clean|downup50|crop
2,266.1401,0.714022,5.762805,jpeg|blur|msg_app
3,269.9089,0.706645,6.463297,occlusion|blur|downup50
4,260.6925,0.665770,5.841024,clean|clean|msg_app
5,249.8891,0.732334,6.308065,occlusion|blur|msg_app
6,255.5360,0.658582,6.003534,jpeg|occlusion|msg_app
7,250.0701,0.659010,5.529879,clean|msg_app|clean
8,237.0407,0.713510,6.711766,msg_app|downup50|occlusion
9,240.5853,0.664567,5.628571,jpeg|crop|crop
10,230.0684,0.651416,5.797816,clean|clean|blur
11,225.3605,0.645938,5.733697,blur|blur|crop
12,222.8243,0.605481,5.728808,occlusion|occlusion|blur
13,218.9151,0.677974,6.193571,blur|blur|crop
14,209.3522,0.630272,5.832550,clean|msg_app|jpeg
15,210.1346,0.662691,6.614569,crop|jpeg|occlusion
16,208.5390,0.637779,6.994053,occlusion|crop|jpeg
17,209.5846,0.665982,6.174822,crop|blur|crop
18,207.1316,0.651674,6.117447,crop|occlusion|downup50
19,206.8568,0.650266,6.174948,blur|clean|msg_app
20,207.0303,0.653672,6.235634,msg_app|downup50|occlusion
21,204.1368,0.633758,6.118318,clean|crop|downup50
22,205.1621,0.637281,6.260768,jpeg|msg_app|downup50
23,204.3886,0.578262,6.381968,clean|crop|downup50
24,205.3578,0.631215,6.239341,clean|blur|crop
25,204.6622,0.637841,7.179045,blur|downup50|occlusion
26,205.0164,0.609470,5.990767,crop|clean|blur
27,207.5284,0.553422,5.627607,occlusion|jpeg|occlusion
28,205.1647,0.615777,6.478070,jpeg|crop|blur
29,204.9937,0.589603,5.783520,occlusion|occlusion|jpeg
30,205.0520,0.678428,7.534467,msg_app|jpeg|jpeg
31,205.4210,0.614059,6.853122,msg_app|crop|msg_app
32,204.7236,0.535492,5.626706,blur|occlusion|clean
33,205.0091,0.566023,5.850709,msg_app|occlusion|occlusion
34,204.2305,0.497085,5.438246,clean|occlusion|occlusion
35,204.3790,0.544354,6.279409,occlusion|downup50|occlusion
36,204.6378,0.590774,6.880227,occlusion|msg_app|jpeg
37,205.4470,0.575414,6.318126,downup50|msg_app|occlusion
38,205.7445,0.581169,6.826211,downup50|jpeg|jpeg
39,204.4210,0.496918,5.906212,occlusion|clean|msg_app
40,204.1484,0.599467,6.187980,blur|clean|msg_app
41,204.2200,0.574454,6.639389,clean|msg_app|jpeg
42,204.2341,0.498115,6.073372,occlusion|clean|msg_app
43,204.2226,0.536015,6.689295,clean|crop|jpeg
44,204.1848,0.491670,6.674840,occlusion|jpeg|downup50
45,205.0001,0.482671,6.191580,downup50|occlusion|downup50
46,204.3634,0.549698,6.893489,clean|crop|blur
47,204.6047,0.603662,8.019097,jpeg|msg_app|jpeg
48,205.1283,0.601585,7.489687,crop|crop|msg_app
49,204.2604,0.519661,6.756951,blur|occlusion|crop
50,205.5328,0.607140,7.680376,jpeg|blur|msg_app
51,203.7305,0.509342,7.389996,downup50|crop|occlusion
52,203.7894,0.521160,7.122828,clean|msg_app|crop
53,203.7274,0.519395,7.283841,msg_app|clean|crop
54,203.8520,0.472207,6.926679,clean|blur|downup50
55,203.9036,0.466883,7.681887,blur|occlusion|clean
56,203.0729,0.419203,6.854995,occlusion|clean|crop
57,204.5533,0.469649,6.883074,jpeg|jpeg|occlusion
58,204.0084,0.552426,9.303234,msg_app|crop|downup50
59,204.0432,0.421517,6.525754,occlusion|occlusion|jpeg
60,203.8567,0.487518,7.781368,crop|occlusion|crop
61,203.4384,0.446904,7.306626,downup50|occlusion|msg_app
62,206.3950,0.429913,7.204469,blur|occlusion|occlusion
63,203.5696,0.545993,8.982388,msg_app|occlusion|downup50
64,203.3872,0.500933,8.006304,clean|blur|blur
65,203.0504,0.463901,7.423951,downup50|crop|occlusion
66,202.9728,0.509529,9.083000,jpeg|blur|downup50
67,203.4413,0.416976,7.710224,jpeg|jpeg|clean
68,202.9349,0.389504,9.053936,occlusion|jpeg|clean
69,203.4644,0.493225,8.627711,msg_app|occlusion|blur
70,203.1776,0.458926,8.176462,crop|downup50|blur
71,204.4888,0.442258,8.336068,downup50|blur|blur
72,203.2414,0.415545,7.690118,occlusion|clean|jpeg
73,203.4411,0.479981,9.692297,msg_app|downup50|crop
74,203.8249,0.389535,7.362569,clean|msg_app|clean
75,203.2368,0.391884,7.735074,crop|occlusion|jpeg
76,203.7668,0.361672,7.664519,occlusion|msg_app|occlusion
77,203.1928,0.203161,4.764139,clean|clean|clean
78,203.6949,0.414792,9.084278,occlusion|blur|jpeg
79,202.9487,0.483367,8.479856,downup50|blur|crop
80,203.6784,0.523403,12.545685,blur|jpeg|jpeg
81,203.8361,0.407035,9.790409,msg_app|clean|blur
82,203.2923,0.533808,13.256003,downup50|msg_app|jpeg
83,203.7549,0.364162,10.514420,occlusion|downup50|occlusion
84,203.4254,0.414878,10.211758,msg_app|jpeg|msg_app
85,206.3618,0.456344,11.900861,blur|blur|occlusion
86,204.9885,0.354051,9.272479,clean|msg_app|crop
87,203.6838,0.419376,10.577593,crop|occlusion|msg_app
88,203.5080,0.350208,8.901390,jpeg|crop|occlusion
89,203.8203,0.364707,9.332464,clean|blur|msg_app
90,203.7608,0.555576,13.798860,msg_app|crop|msg_app
91,203.2377,0.384184,9.466725,downup50|crop|crop
92,203.3409,0.305565,8.069828,jpeg|clean|crop
93,203.4660,0.422868,10.890056,clean|msg_app|msg_app
94,203.6630,0.504924,14.267362,clean|blur|msg_app
95,203.4472,0.313437,9.913753,occlusion|msg_app|crop
96,203.6992,0.296477,8.799294,occlusion|occlusion|jpeg
97,203.8117,0.413382,11.236603,msg_app|occlusion|jpeg
98,203.6413,0.415133,11.724012,occlusion|blur|crop
99,203.7164,0.353646,11.051912,msg_app|jpeg|clean
100,203.3817,0.275301,8.341537,crop|clean|jpeg
101,204.3979,0.516361,13.133940,crop|crop|blur
102,204.1765,0.269410,8.325311,clean|occlusion|blur
103,204.8678,0.300724,9.433808,msg_app|occlusion|blur
104,204.4990,0.354552,10.585589,clean|blur|jpeg
105,204.5897,0.408176,11.489492,msg_app|jpeg|msg_app
106,204.2051,0.267618,9.744859,occlusion|crop|downup50
107,204.4148,0.506076,13.465726,crop|msg_app|jpeg
108,203.4518,0.401229,11.503780,blur|clean|msg_app
109,203.5684,0.283359,10.298273,downup50|downup50|occlusion
110,203.4719,0.294676,9.868222,jpeg|jpeg|occlusion
111,204.0291,0.269700,9.492347,clean|blur|crop
112,203.7422,0.394855,11.746275,downup50|blur|crop
113,203.7744,0.225619,8.301257,crop|occlusion|downup50
114,204.0357,0.242367,10.236650,jpeg|clean|downup50
115,203.4887,0.309817,10.428397,occlusion|msg_app|jpeg
116,203.5793,0.317090,12.465309,downup50|jpeg|clean
117,203.7438,0.412905,12.767500,blur|msg_app|blur
118,204.4966,0.302264,10.585990,blur|clean|downup50
119,204.2877,0.410383,12.116661,blur|crop|occlusion
120,204.3466,0.292068,12.441067,occlusion|downup50|blur
121,203.9002,0.224077,8.712746,blur|clean|crop
122,203.6613,0.458656,12.888718,blur|occlusion|crop
123,204.2737,0.294998,10.197693,downup50|msg_app|blur
124,204.0657,0.286249,9.669873,jpeg|downup50|clean
125,204.4895,0.249707,8.881519,clean|blur|downup50
126,203.6323,0.231570,9.621316,occlusion|clean|jpeg
127,204.4720,0.343661,12.425593,crop|downup50|msg_app
128,204.4235,0.207462,8.416205,blur|msg_app|clean
129,203.6402,0.486734,15.443609,crop|jpeg|crop
130,206.0141,0.147923,5.835685,clean|downup50|occlusion
131,207.8255,0.368443,12.466636,downup50|msg_app|msg_app
132,204.0406,0.444963,13.776563,crop|jpeg|msg_app
133,205.7483,0.425329,13.534308,blur|msg_app|msg_app
134,203.9126,0.323915,12.770499,blur|occlusion|msg_app
135,203.8228,0.263302,10.662991,downup50|msg_app|clean
136,203.9451,0.254677,10.326018,crop|crop|downup50
137,204.2864,0.081151,4.100137,occlusion|clean|clean
138,203.8577,0.271020,10.962599,crop|occlusion|downup50
139,206.4880,0.379282,15.592659,msg_app|downup50|blur
140,203.9195,0.319242,12.110696,occlusion|msg_app|occlusion
141,203.6946,0.415248,14.337660,blur|occlusion|msg_app
142,204.7963,0.303394,11.971403,msg_app|occlusion|blur
143,203.6702,0.324391,12.040648,crop|jpeg|downup50
144,204.2614,0.266023,9.510759,msg_app|downup50|blur
145,204.5495,0.358382,12.620385,jpeg|blur|msg_app
146,204.1693,0.280272,12.459988,clean|blur|crop
147,204.2433,0.316136,10.714271,blur|blur|blur
148,204.1338,0.426653,15.018998,msg_app|jpeg|jpeg
149,204.0774,0.351042,14.575846,crop|downup50|blur
150,203.0276,0.184632,8.455408,blur|downup50|occlusion
151,206.6457,0.444614,16.203513,blur|jpeg|msg_app
152,204.7513,0.272865,11.252389,jpeg|jpeg|downup50
153,203.7458,0.365001,12.763211,downup50|blur|msg_app
154,204.8071,0.342939,13.286056,blur|crop|blur
155,204.3589,0.323797,12.595617,jpeg|occlusion|crop
156,203.8600,0.110347,6.308690,downup50|occlusion|occlusion
157,204.0638,0.171181,9.037077,clean|downup50|blur
158,204.4668,0.317761,12.296573,msg_app|blur|downup50
159,203.8839,0.286917,12.410821,clean|jpeg|msg_app
160,204.0069,0.144442,8.087948,downup50|clean|jpeg
161,203.5069,0.185259,8.934578,downup50|clean|msg_app
162,203.6023,0.415687,15.615671,msg_app|crop|crop
163,204.4384,0.290373,12.249427,downup50|crop|blur
164,203.7198,0.369425,15.263215,jpeg|crop|blur
165,204.3509,0.335042,15.296256,blur|jpeg|crop
166,204.1356,0.243615,12.235803,blur|blur|crop
167,203.9720,0.358142,14.219144,crop|jpeg|blur
168,205.1823,0.232154,10.934924,blur|crop|jpeg
169,204.0508,0.384498,15.683149,occlusion|crop|msg_app
170,204.2575,0.074371,5.409749,clean|occlusion|occlusion
171,206.6613,0.147790,9.228696,downup50|clean|jpeg
172,204.5846,0.078489,4.800752,downup50|occlusion|occlusion
173,203.9454,0.271586,13.871674,occlusion|blur|jpeg
174,204.2203,0.343100,15.050141,msg_app|blur|downup50
175,203.7588,0.382503,17.323457,occlusion|jpeg|msg_app
176,203.1731,0.285049,13.824368,jpeg|downup50|crop
177,204.2655,0.210878,11.888125,blur|clean|clean
178,207.0624,0.472365,17.769061,jpeg|msg_app|blur
179,203.6756,0.359330,16.145444,crop|msg_app|jpeg
180,203.9485,0.466659,16.470058,occlusion|msg_app|msg_app
181,204.0962,0.120638,7.277320,downup50|downup50|downup50
182,204.0021,0.161557,9.549481,jpeg|jpeg|downup50
183,204.0321,0.290958,13.818954,msg_app|occlusion|crop
184,204.7163,0.285663,13.068404,jpeg|blur|msg_app
185,203.3656,0.260874,12.875729,downup50|downup50|msg_app
186,204.0516,0.279559,13.207826,jpeg|occlusion|jpeg
187,203.3644,0.224328,10.887495,crop|crop|downup50
188,204.0056,0.134787,7.868965,blur|downup50|occlusion
189,204.3818,0.217980,10.954749,downup50|blur|jpeg
190,204.2741,0.183414,9.288850,blur|occlusion|downup50
191,204.7096,0.058385,3.551129,downup50|clean|clean
192,204.7329,0.236508,11.461597,jpeg|downup50|msg_app
193,203.6545,0.240399,12.709755,clean|crop|jpeg
194,203.8080,0.272796,11.993670,downup50|crop|downup50
195,204.2462,0.207982,11.851323,downup50|occlusion|crop
196,204.3816,0.276381,14.229335,crop|blur|blur
197,203.8904,0.215371,10.617787,blur|clean|blur
198,204.5355,0.610776,20.079374,msg_app|msg_app|blur
199,204.1240,0.227995,10.893658,clean|clean|crop
200,203.4866,0.134660,9.037225,occlusion|jpeg|occlusion
201,204.2645,0.323331,14.659023,jpeg|msg_app|jpeg
202,203.7109,0.228643,12.302515,blur|crop|occlusion
203,203.6222,0.157597,9.767726,downup50|clean|msg_app
204,204.7196,0.275434,14.010789,blur|blur|blur
205,204.4181,0.222736,12.250833,blur|clean|blur
206,203.1354,0.119883,8.612853,clean|downup50|crop
207,203.6441,0.326871,14.729490,crop|clean|crop
208,204.0814,0.313931,13.969292,blur|crop|blur
209,203.5074,0.136992,8.759296,downup50|downup50|msg_app
210,204.1463,0.197319,12.000309,blur|jpeg|clean
211,204.2839,0.432746,18.606514,blur|msg_app|downup50
212,204.1546,0.301337,15.899620,blur|crop|occlusion
213,203.9849,0.272291,14.526203,msg_app|downup50|occlusion
214,203.4230,0.081932,6.146375,clean|downup50|downup50
215,203.9445,0.397298,19.380667,msg_app|jpeg|jpeg
216,203.6050,0.214230,11.736060,downup50|msg_app|clean
217,204.4508,0.230703,12.455056,downup50|msg_app|jpeg
218,203.6229,0.189635,11.414452,occlusion|blur|msg_app
219,203.6424,0.327370,15.839715,downup50|crop|crop
220,203.4535,0.332758,15.811650,jpeg|jpeg|msg_app
221,203.4908,0.191215,11.387270,downup50|msg_app|occlusion
222,203.4959,0.115646,8.708672,clean|clean|crop
223,203.8705,0.154750,11.695070,crop|occlusion|clean
224,204.6296,0.339475,17.595328,msg_app|jpeg|clean
225,204.0173,0.387973,18.427447,crop|crop|downup50
226,204.7571,0.291027,14.139719,crop|crop|occlusion
227,204.1855,0.091271,6.668725,jpeg|occlusion|clean
228,204.2909,0.182031,11.718918,clean|clean|blur
229,204.7593,0.312789,16.365077,downup50|blur|msg_app
230,204.6957,0.235500,12.301366,crop|downup50|msg_app
231,204.8216,0.169143,10.904666,jpeg|downup50|clean
232,203.7641,0.204383,13.343851,msg_app|occlusion|occlusion
233,205.1367,0.109044,7.951748,jpeg|downup50|downup50
234,204.6936,0.323391,16.281731,jpeg|msg_app|blur
235,204.1020,0.167794,10.655607,downup50|msg_app|jpeg
236,204.1137,0.416134,21.195156,occlusion|jpeg|msg_app
237,203.7328,0.295953,15.048502,clean|msg_app|crop
238,206.0735,0.131480,9.937331,jpeg|downup50|occlusion
239,204.6787,0.315300,15.521925,downup50|jpeg|blur
240,204.3511,0.233673,12.944223,occlusion|jpeg|msg_app
241,204.6037,0.254067,13.847254,jpeg|occlusion|msg_app
242,204.1699,0.255293,14.179611,occlusion|occlusion|msg_app
243,204.7861,0.131456,9.790237,clean|clean|blur
244,204.3708,0.149395,10.360172,downup50|crop|downup50
245,204.5640,0.311286,15.699367,msg_app|msg_app|clean
246,204.3105,0.475869,19.651761,jpeg|crop|msg_app
247,203.8538,0.297899,17.552019,jpeg|msg_app|jpeg
248,204.1630,0.260335,13.360526,occlusion|crop|occlusion
249,204.1784,0.303684,15.867351,crop|downup50|msg_app
250,204.9603,0.130744,9.318925,downup50|jpeg|blur
251,204.3094,0.051988,3.735458,downup50|clean|occlusion
252,205.5455,0.208520,13.146036,msg_app|clean|msg_app
253,204.3790,0.205495,12.418124,downup50|downup50|msg_app
254,204.4740,0.283476,13.776351,msg_app|msg_app|clean
255,204.5738,0.450833,19.037005,msg_app|jpeg|crop
256,204.7608,0.400986,18.386437,msg_app|msg_app|crop
257,204.6110,0.038808,3.023210,downup50|occlusion|occlusion
258,204.3699,0.268527,13.111664,crop|msg_app|clean
259,204.3928,0.371588,14.081052,occlusion|msg_app|downup50
260,205.0584,0.256065,13.696436,crop|blur|crop
261,205.1737,0.310511,12.789804,msg_app|blur|downup50
262,204.7931,0.251704,13.894537,blur|clean|clean
263,203.9729,0.144393,9.728760,downup50|crop|clean
264,205.8649,0.065320,4.697075,occlusion|downup50|downup50
265,207.6279,0.272162,14.535723,crop|occlusion|crop
266,222.9225,0.242229,13.586623,jpeg|crop|occlusion
267,231.6915,0.326226,15.938803,crop|clean|blur
268,216.9221,0.299271,13.719174,msg_app|crop|downup50
269,222.8185,0.207693,11.334784,crop|jpeg|occlusion
270,219.5223,0.205138,11.662443,occlusion|blur|downup50
271,257.7343,0.286514,13.719372,blur|msg_app|clean
272,302.7406,0.257850,12.475384,crop|crop|jpeg
273,264.3951,0.131099,8.577176,blur|downup50|jpeg
274,284.6459,0.199640,11.915167,occlusion|clean|crop
275,319.9561,0.227498,11.998234,crop|crop|occlusion
276,291.7991,0.195365,11.404428,jpeg|occlusion|blur
277,290.6788,0.209792,12.245308,crop|downup50|msg_app
278,300.4650,0.090178,6.164448,blur|downup50|clean
279,281.7060,0.156573,10.585780,clean|occlusion|crop
280,240.9023,0.200012,12.709094,msg_app|occlusion|downup50
281,228.9648,0.147276,9.383307,clean|downup50|msg_app
282,221.5596,0.142368,10.048719,clean|jpeg|downup50
283,200.5164,0.285177,14.899997,msg_app|jpeg|jpeg
284,211.8607,0.200796,12.765322,crop|jpeg|clean
285,221.5438,0.251415,13.741809,msg_app|occlusion|msg_app
286,227.1397,0.316023,14.032960,jpeg|msg_app|clean
287,219.3632,0.267515,13.144190,blur|msg_app|crop
288,219.3621,0.298055,14.476399,msg_app|clean|blur
289,212.6370,0.174635,11.647648,crop|blur|downup50
290,209.1665,0.197359,12.623767,downup50|blur|jpeg
291,205.9079,0.083774,6.429420,downup50|occlusion|occlusion
292,206.9005,0.280108,14.884975,jpeg|blur|jpeg
293,209.1558,0.559724,20.936322,msg_app|msg_app|msg_app
294,205.6758,0.105484,7.839034,downup50|clean|blur
295,205.1575,0.188402,12.067406,crop|occlusion|occlusion
296,204.5112,0.276772,14.490605,jpeg|crop|blur
297,213.5728,0.220349,12.319744,blur|blur|msg_app
298,216.3332,0.179876,11.018499,blur|jpeg|jpeg
299,215.6128,0.158249,9.699396,occlusion|crop|msg_app
300,220.3614,0.167084,10.213695,jpeg|clean|jpeg
301,214.6309,0.238627,14.110620,crop|jpeg|msg_app
302,215.0055,0.192222,11.586008,downup50|jpeg|blur
303,208.2032,0.227069,13.733899,msg_app|occlusion|jpeg
304,212.4540,0.332302,15.656704,occlusion|crop|msg_app
305,218.9906,0.156027,10.020847,msg_app|jpeg|downup50
306,214.2178,0.329159,16.371365,crop|crop|occlusion
307,209.1840,0.166635,11.007381,blur|occlusion|crop
308,208.2799,0.255957,14.102934,jpeg|jpeg|crop
309,208.2174,0.389699,15.431498,jpeg|blur|clean
310,219.9310,0.183380,12.036958,crop|clean|jpeg
311,223.8201,0.065082,5.042993,blur|clean|downup50
312,224.0624,0.385987,18.333702,msg_app|msg_app|crop
313,205.1304,0.293827,14.856341,msg_app|downup50|blur
314,206.0977,0.198319,12.188560,jpeg|jpeg|blur
315,206.7074,0.097837,8.854641,clean|downup50|crop
316,206.5394,0.192673,11.797857,blur|blur|blur
317,206.1658,0.205905,11.939369,msg_app|clean|clean
318,205.5120,0.389439,18.153821,msg_app|crop|jpeg
319,205.7497,0.137700,8.455877,jpeg|blur|clean
320,205.1332,0.292323,15.643505,msg_app|clean|blur
321,205.6944,0.137007,8.489181,crop|jpeg|blur
322,205.0128,0.169208,10.209700,crop|clean|occlusion
323,204.9907,0.274057,14.666621,jpeg|msg_app|jpeg
324,205.1923,0.303871,15.497450,msg_app|jpeg|clean
325,205.2961,0.164048,9.965582,blur|downup50|msg_app
326,205.8796,0.157308,10.458358,blur|occlusion|blur
327,205.4241,0.178500,11.444938,downup50|jpeg|msg_app
328,206.6721,0.277223,14.654037,blur|crop|blur
329,207.1933,0.137011,9.220056,occlusion|blur|crop
330,208.6586,0.289101,14.034273,occlusion|msg_app|msg_app
331,208.1551,0.202443,12.615234,clean|crop|msg_app
332,205.9428,0.126936,8.083510,downup50|clean|blur
333,210.9085,0.345357,16.445955,msg_app|blur|crop
334,205.7355,0.144229,9.750980,jpeg|clean|jpeg
335,205.7435,0.222308,13.171263,msg_app|clean|crop
336,205.1490,0.108622,7.810964,downup50|crop|clean
337,205.8812,0.198456,12.223283,msg_app|jpeg|jpeg
338,207.7259,0.329563,15.772305,blur|msg_app|crop
339,205.2055,0.037669,3.781886,downup50|clean|downup50
340,205.5553,0.128815,9.569873,clean|clean|jpeg
341,205.0180,0.076297,6.265218,downup50|clean|occlusion
342,205.4859,0.033947,3.554857,downup50|clean|occlusion
343,205.8837,0.231424,13.122534,blur|msg_app|jpeg
344,205.6101,0.235885,13.551731,clean|msg_app|crop
345,204.6017,0.133722,9.616854,crop|clean|clean
346,208.7958,0.284944,15.968701,jpeg|jpeg|jpeg
347,207.0378,0.189760,12.139733,blur|occlusion|jpeg
348,204.8668,0.167633,11.482554,crop|downup50|crop
349,206.8602,0.257688,13.997795,jpeg|msg_app|jpeg
350,205.4972,0.016725,1.693243,clean|downup50|clean
351,212.1705,0.145663,9.580533,crop|blur|blur
352,205.7949,0.078658,8.555495,blur|jpeg|clean
353,205.0073,0.273789,15.127768,crop|jpeg|jpeg
354,205.7776,0.118121,8.803846,downup50|msg_app|jpeg
355,204.8517,0.133609,10.036094,msg_app|downup50|occlusion
356,205.5338,0.118994,9.443770,clean|msg_app|clean
357,205.4946,0.230512,13.403811,downup50|occlusion|crop
358,205.4060,0.137333,10.113798,occlusion|occlusion|msg_app
359,205.5706,0.145023,9.103646,crop|msg_app|jpeg
360,205.7067,0.304226,14.416604,clean|msg_app|msg_app
361,205.8430,0.064755,5.377587,clean|occlusion|jpeg
362,206.0437,0.220506,15.097368,msg_app|downup50|downup50
363,206.3048,0.338138,17.742112,msg_app|blur|downup50
364,205.0642,0.306516,16.685090,crop|occlusion|jpeg
365,205.6307,0.374169,15.094440,crop|crop|msg_app
366,205.9977,0.160089,9.526397,jpeg|occlusion|crop
367,205.3274,0.412236,18.839250,msg_app|crop|msg_app
368,206.2431,0.080843,7.562186,clean|clean|downup50
369,204.7831,0.156236,10.620904,occlusion|crop|jpeg
370,205.3556,0.121881,11.234200,clean|jpeg|clean
371,205.0552,0.182255,11.962314,clean|msg_app|downup50
372,205.2245,0.061046,6.402047,clean|blur|downup50
373,206.3704,0.187043,12.880198,clean|msg_app|crop
374,205.9825,0.071790,6.209364,occlusion|msg_app|downup50
375,205.4079,0.157366,10.648764,clean|downup50|jpeg
376,205.2773,0.450927,19.222684,crop|msg_app|jpeg
377,205.9255,0.321700,15.519619,jpeg|crop|msg_app
378,205.3032,0.132926,8.905642,blur|blur|msg_app
379,205.6161,0.318668,15.046302,crop|clean|msg_app
380,205.8521,0.196045,12.010024,crop|blur|occlusion
381,205.7294,0.188524,11.759015,blur|occlusion|clean
382,206.3878,0.059892,4.848075,blur|clean|occlusion
383,205.6078,0.030940,3.050986,occlusion|clean|clean
384,205.7855,0.120288,8.208057,msg_app|blur|occlusion
385,205.3276,0.268627,13.240432,msg_app|blur|jpeg
386,205.0604,0.240816,12.455519,clean|msg_app|crop
387,205.2891,0.197186,11.635805,clean|jpeg|crop
388,206.4650,0.067023,6.477165,blur|clean|downup50
389,209.9379,0.246576,12.328524,jpeg|blur|clean
390,205.7591,0.419286,17.792294,blur|msg_app|crop
391,229.9056,0.129440,10.717650,jpeg|occlusion|blur
392,224.6302,0.135121,10.565548,downup50|occlusion|crop
393,228.7118,0.409123,18.579807,msg_app|jpeg|msg_app
394,217.7709,0.056984,5.338618,occlusion|occlusion|msg_app
395,223.2289,0.154451,10.120760,crop|occlusion|downup50
396,217.3325,0.170924,12.392498,downup50|blur|msg_app
397,215.9004,0.184531,11.735375,clean|downup50|crop
398,225.2421,0.077447,6.883150,msg_app|clean|occlusion
399,222.0438,0.225666,12.904720,crop|blur|occlusion
400,216.9789,0.072500,7.158325,clean|jpeg|downup50
401,220.2043,0.203567,12.023398,blur|msg_app|downup50
402,223.7401,0.063743,5.642115,occlusion|downup50|jpeg
403,229.3384,0.253327,14.483855,clean|crop|crop
404,231.5829,0.110085,7.403639,blur|crop|jpeg
405,216.7424,0.392299,17.091315,blur|msg_app|crop
406,209.1380,0.125837,10.140497,clean|downup50|jpeg
407,272.6430,0.218315,13.516770,occlusion|blur|blur
408,254.6360,0.118009,9.060537,clean|jpeg|crop
409,245.5482,0.172077,11.954946,crop|occlusion|downup50
410,262.2273,0.120198,9.907575,clean|crop|blur
411,245.6925,0.438783,20.602087,downup50|blur|blur
412,244.9091,0.305056,15.903781,jpeg|msg_app|crop
413,216.2008,0.131313,9.156459,blur|jpeg|clean
414,215.4135,0.062656,5.575992,crop|jpeg|occlusion
415,214.8982,0.234862,13.095939,msg_app|jpeg|downup50
416,225.2969,0.127624,10.806239,downup50|clean|blur
417,211.4276,0.141792,9.972807,crop|blur|jpeg
418,218.6368,0.368605,15.054472,crop|crop|clean
419,215.2001,0.059752,6.248138,occlusion|clean|clean
420,222.5904,0.129574,10.543627,downup50|clean|msg_app
421,217.6305,0.239009,14.992805,downup50|crop|clean
422,225.1613,0.256122,14.864900,occlusion|crop|msg_app
423,220.0441,0.120252,10.449931,occlusion|msg_app|downup50
424,221.4549,0.226329,12.623924,jpeg|msg_app|blur
425,229.4493,0.263596,14.240858,msg_app|jpeg|blur
426,222.7829,0.225896,12.793435,crop|downup50|blur
427,226.8244,0.130862,10.145897,clean|msg_app|clean
428,228.1169,0.206897,12.603668,blur|blur|clean
429,225.8689,0.137377,10.808488,blur|msg_app|jpeg
430,230.7918,0.182257,10.028085,blur|blur|downup50
431,229.7914,0.200228,11.734238,occlusion|crop|blur
432,222.5531,0.037079,2.769274,clean|occlusion|blur
433,218.9859,0.085429,7.446510,jpeg|jpeg|clean
434,219.0250,0.051143,6.194394,downup50|occlusion|clean
435,217.1443,0.283130,15.647549,clean|blur|msg_app
436,221.1243,0.303205,16.791529,msg_app|occlusion|msg_app
437,232.9386,0.308521,18.649949,crop|blur|msg_app
438,224.3690,0.057656,6.690542,clean|clean|jpeg
439,221.4085,0.150422,10.928835,crop|clean|jpeg
440,228.6454,0.120862,8.724302,crop|occlusion|crop
441,233.2644,0.156452,10.053265,blur|jpeg|crop
442,226.3394,0.263757,14.109368,jpeg|crop|downup50
443,218.3453,0.042305,4.438240,clean|clean|downup50
444,225.8807,0.061322,5.657279,clean|downup50|clean
445,229.2175,0.156954,10.211491,crop|downup50|clean
446,223.4801,0.018401,1.679284,clean|occlusion|downup50
447,218.6194,0.217101,14.257837,clean|blur|jpeg
448,224.3612,0.152645,10.056255,crop|msg_app|occlusion
449,222.9871,0.244562,14.101182,crop|crop|jpeg
450,229.0875,0.101468,7.764437,downup50|downup50|crop
451,242.8778,0.087986,7.826401,blur|clean|clean
452,245.5330,0.313429,16.730799,msg_app|crop|jpeg
453,237.4271,0.081348,6.765397,clean|jpeg|clean
454,228.5690,0.282405,14.676949,downup50|jpeg|jpeg
455,230.0218,0.278201,13.758073,clean|jpeg|msg_app
456,232.4362,0.189205,10.915980,blur|crop|jpeg
457,226.2935,0.135666,9.446528,msg_app|downup50|clean
458,232.5205,0.067244,6.440302,occlusion|occlusion|occlusion
459,239.3780,0.136766,10.307492,jpeg|clean|msg_app
460,236.2393,0.155848,11.413249,msg_app|occlusion|clean
461,239.0538,0.258695,13.569347,msg_app|crop|blur
462,232.4296,0.081583,7.411240,occlusion|downup50|occlusion
463,226.0907,0.036464,4.150568,clean|clean|jpeg
464,239.9215,0.202910,12.700690,msg_app|occlusion|msg_app
465,243.0640,0.130822,10.389556,occlusion|jpeg|crop
466,233.6982,0.124586,10.525877,blur|blur|occlusion
467,240.5546,0.278354,12.693304,blur|occlusion|crop
468,221.6950,0.051317,5.411807,msg_app|occlusion|clean
469,214.1686,0.139250,8.626910,blur|occlusion|occlusion
470,213.7287,0.067729,6.827625,occlusion|downup50|crop
471,213.7942,0.046808,5.747943,jpeg|occlusion|downup50
472,213.3167,0.058896,5.044081,blur|msg_app|downup50
473,213.3686,0.143938,10.385825,occlusion|jpeg|occlusion
474,212.8933,0.036304,4.337122,occlusion|occlusion|downup50
475,201.9074,0.081769,7.304360,msg_app|occlusion|occlusion
476,203.4271,0.298503,14.905771,blur|crop|blur
477,203.0766,0.105614,8.569975,downup50|occlusion|msg_app
478,202.7741,0.124238,10.136294,crop|occlusion|blur
479,203.0123,0.394741,19.073921,crop|occlusion|crop
480,203.4782,0.111918,10.244322,crop|clean|blur
481,203.0542,0.023587,2.296773,clean|clean|blur
482,202.1013,0.072131,7.061114,occlusion|clean|msg_app
483,202.3685,0.044265,6.419820,downup50|occlusion|clean
484,203.4079,0.037724,3.884151,downup50|occlusion|blur
485,202.5412,0.138203,11.039216,clean|clean|crop
486,203.3581,0.060163,5.039427,jpeg|jpeg|blur
487,203.0760,0.173151,11.533172,downup50|crop|clean
488,202.8140,0.140626,10.548858,occlusion|crop|blur
489,202.9381,0.238193,13.657966,crop|downup50|downup50
490,202.9239,0.087743,8.584188,clean|blur|occlusion
491,202.6926,0.169052,11.005853,clean|downup50|msg_app
492,202.8971,0.203818,13.215428,blur|occlusion|crop
493,203.6363,0.544674,20.081598,crop|crop|msg_app
494,202.6863,0.303345,16.671731,downup50|crop|blur
495,203.3337,0.136201,9.312498,occlusion|msg_app|clean
496,203.1883,0.225444,15.303636,occlusion|msg_app|jpeg
497,203.0137,0.158607,11.729178,jpeg|jpeg|clean
498,203.5547,0.251823,14.571438,crop|occlusion|blur
499,203.3295,0.123409,9.292957,clean|jpeg|blur
500,204.8964,0.102600,7.614821,msg_app|blur|downup50
501,204.2956,0.269244,12.197492,occlusion|crop|msg_app
502,203.5212,0.228385,13.045286,blur|occlusion|msg_app
503,203.0564,0.213867,12.099392,crop|clean|blur
504,202.6043,0.120228,10.528165,clean|clean|clean
505,203.2934,0.121020,8.887108,blur|msg_app|clean
506,202.5306,0.191673,12.858884,crop|crop|occlusion
507,202.9124,0.123493,9.876259,blur|crop|occlusion
508,203.4213,0.166214,10.323328,blur|blur|blur
509,203.1339,0.077677,7.081888,jpeg|jpeg|occlusion
510,202.9451,0.159500,10.745164,blur|crop|clean
511,202.6346,0.019483,2.697196,downup50|occlusion|occlusion
512,203.5570,0.092034,8.852648,clean|clean|blur
513,203.1610,0.053287,5.371179,downup50|blur|downup50
514,202.9978,0.439987,17.220249,crop|crop|downup50
515,203.0171,0.167877,11.010983,msg_app|crop|occlusion
516,202.9574,0.020240,1.602219,downup50|occlusion|downup50
517,202.6796,0.113533,7.794047,crop|occlusion|clean
518,202.7009,0.149865,10.550441,msg_app|downup50|jpeg
519,202.6671,0.104354,7.107931,occlusion|clean|crop
520,202.8899,0.203907,12.375671,jpeg|blur|crop
521,202.7666,0.046781,5.972367,downup50|occlusion|clean
522,202.4128,0.015889,1.657902,occlusion|downup50|downup50
523,202.9372,0.297356,14.671765,msg_app|msg_app|jpeg
524,203.2497,0.038080,4.285771,clean|downup50|downup50
525,202.8763,0.147617,11.686031,occlusion|jpeg|msg_app
526,203.0821,0.114855,8.771218,occlusion|crop|occlusion
527,203.5996,0.130057,10.398910,blur|blur|jpeg
528,202.9135,0.086942,6.810500,jpeg|crop|downup50
529,202.6755,0.150359,11.933540,jpeg|crop|downup50
530,202.3512,0.043917,4.167536,clean|occlusion|blur
531,202.5757,0.244404,14.264321,crop|msg_app|jpeg
532,203.1502,0.120991,8.360891,msg_app|downup50|downup50
533,202.9353,0.121917,10.845022,downup50|occlusion|msg_app
534,202.2308,0.077779,7.293360,crop|occlusion|occlusion
535,203.4481,0.158117,9.907648,crop|blur|occlusion
536,203.9528,0.032266,3.245328,blur|downup50|blur
537,203.0958,0.106851,9.071235,occlusion|jpeg|jpeg
538,205.3466,0.222669,13.464762,msg_app|jpeg|blur
539,202.8377,0.115463,11.932428,clean|msg_app|occlusion
540,205.4616,0.264999,15.227903,msg_app|msg_app|jpeg
541,203.3958,0.400846,18.175610,msg_app|jpeg|clean
542,203.5500,0.134742,10.768625,clean|crop|msg_app
543,202.6559,0.034801,4.247956,jpeg|clean|clean
544,203.2598,0.081039,7.067437,jpeg|downup50|blur
545,203.1300,0.271117,14.870419,crop|jpeg|downup50
546,203.0559,0.121168,9.685129,crop|jpeg|jpeg
547,202.8793,0.069836,7.984211,clean|occlusion|msg_app
548,203.0835,0.017179,2.621879,downup50|clean|downup50
549,203.3406,0.125830,10.638922,crop|downup50|downup50
550,202.9406,0.044201,5.804057,blur|clean|downup50
551,202.6116,0.006966,1.238501,occlusion|clean|downup50
552,203.5532,0.054138,4.904573,occlusion|msg_app|jpeg
553,202.8033,0.186443,13.197033,occlusion|crop|blur
554,203.4511,0.077669,8.006211,downup50|jpeg|downup50
555,202.8487,0.090216,8.788351,msg_app|downup50|occlusion
556,202.9557,0.247345,15.861992,occlusion|msg_app|occlusion
557,203.0960,0.092628,8.924145,crop|clean|occlusion
558,203.7884,0.139455,12.464072,blur|clean|msg_app
559,202.9556,0.188666,12.116900,crop|occlusion|occlusion
560,202.9797,0.121633,9.312164,blur|occlusion|crop
561,203.8239,0.141681,11.600919,downup50|msg_app|jpeg
562,202.5091,0.095567,9.173144,clean|crop|clean
563,202.9164,0.190406,12.939274,crop|jpeg|crop
564,203.0441,0.078926,6.794141,jpeg|clean|occlusion
565,203.1827,0.035380,4.362677,downup50|clean|blur
566,202.9976,0.162890,11.008442,blur|crop|occlusion
567,202.6042,0.063668,6.118322,downup50|downup50|msg_app
568,203.6948,0.137501,8.838496,jpeg|jpeg|msg_app
569,203.4963,0.026616,2.586281,jpeg|occlusion|downup50
570,203.3445,0.105907,9.095728,jpeg|downup50|downup50
571,203.5645,0.127840,9.581957,blur|blur|crop
572,202.7660,0.127286,9.685013,clean|jpeg|downup50
573,203.2944,0.032181,3.217723,occlusion|blur|occlusion
574,203.4499,0.101389,8.473930,blur|clean|jpeg
575,202.1973,0.083787,8.439360,occlusion|jpeg|downup50
576,202.8704,0.351009,17.756451,msg_app|msg_app|msg_app
577,203.2366,0.233719,13.519754,blur|msg_app|jpeg
578,203.4633,0.096731,9.613542,crop|occlusion|clean
579,206.6165,0.144088,13.066401,occlusion|downup50|crop
580,203.4786,0.249221,15.119691,msg_app|clean|crop
581,203.1568,0.284075,13.906642,blur|crop|msg_app
582,202.9809,0.277820,15.947709,crop|blur|crop
583,203.0427,0.184253,13.066901,clean|downup50|msg_app
584,203.2798,0.289726,14.876661,crop|crop|occlusion
585,203.1317,0.034864,4.142019,occlusion|blur|clean
586,203.0273,0.057579,6.383034,downup50|msg_app|crop
587,202.5433,0.062694,6.481000,occlusion|crop|occlusion
588,202.9993,0.053600,5.748327,blur|downup50|jpeg
589,202.8384,0.228188,12.320092,msg_app|downup50|crop
590,202.8851,0.098205,9.658946,crop|crop|occlusion
591,202.8903,0.052039,5.446761,blur|blur|occlusion
592,203.3654,0.178366,12.827956,crop|blur|downup50
593,202.8093,0.125616,9.554677,msg_app|crop|jpeg
594,204.0295,0.133819,11.787483,clean|downup50|msg_app
595,202.9603,0.117451,9.133066,blur|clean|msg_app
596,202.9750,0.108484,7.921042,blur|occlusion|occlusion
597,203.2070,0.154184,12.784628,crop|clean|crop
598,202.9123,0.089197,8.567133,crop|jpeg|downup50
599,203.4443,0.240732,12.015960,crop|clean|msg_app
600,203.3855,0.033366,3.338046,downup50|blur|downup50
601,204.8738,0.093056,8.472785,msg_app|downup50|clean
602,202.8788,0.070816,7.344898,msg_app|downup50|downup50
603,203.8360,0.216938,14.205137,blur|clean|jpeg
604,202.6349,0.114732,9.125385,clean|jpeg|crop
605,202.7838,0.020220,2.961895,clean|clean|blur
606,203.0354,0.176968,10.371531,clean|msg_app|crop
607,203.1290,0.051252,6.897311,downup50|occlusion|clean
608,202.8940,0.175636,11.029224,blur|clean|crop
609,202.6692,0.220855,12.879642,crop|clean|msg_app
610,202.8319,0.051935,5.157169,blur|clean|occlusion
611,202.5266,0.091221,8.799247,clean|jpeg|clean
612,202.9079,0.268103,15.286319,crop|jpeg|msg_app
613,203.2096,0.070908,6.829201,blur|crop|downup50
614,202.7539,0.180868,13.213710,clean|crop|clean
615,202.5080,0.018293,2.411695,downup50|blur|downup50
616,202.7270,0.078478,8.346863,crop|clean|occlusion
617,202.9417,0.202952,14.301411,msg_app|clean|blur
618,202.9115,0.116273,9.112698,jpeg|msg_app|downup50
619,202.4970,0.015998,1.924689,downup50|occlusion|downup50
620,203.0875,0.122647,9.236141,jpeg|downup50|crop
621,202.3473,0.394416,17.965548,crop|blur|jpeg
622,203.2829,0.145547,10.259467,occlusion|msg_app|msg_app
623,202.1978,0.191491,12.173304,crop|crop|jpeg
624,202.7174,0.090095,8.597447,crop|downup50|downup50
625,204.3322,0.166161,11.299878,crop|crop|occlusion
626,202.7793,0.022864,2.437990,blur|occlusion|clean
627,202.9541,0.037419,4.049851,clean|msg_app|jpeg
628,203.2074,0.173391,11.026669,jpeg|downup50|jpeg
629,202.6239,0.040690,6.340753,clean|occlusion|jpeg
630,202.5391,0.144565,11.719709,clean|msg_app|jpeg
631,202.4359,0.174087,11.219627,blur|downup50|crop
632,202.8016,0.255778,13.487808,jpeg|jpeg|msg_app
633,203.1679,0.199442,13.111384,jpeg|crop|downup50
634,202.5000,0.164815,11.418546,crop|jpeg|downup50
635,202.2763,0.034944,4.813129,clean|downup50|blur
636,206.4575,0.259907,13.794439,downup50|crop|downup50
637,202.7101,0.041081,4.589761,clean|downup50|downup50
638,202.8551,0.254877,13.767677,msg_app|downup50|msg_app
639,203.4097,0.130425,9.124065,msg_app|occlusion|msg_app
640,202.5717,0.186729,13.534851,clean|occlusion|msg_app
641,202.9628,0.056644,6.327721,jpeg|jpeg|clean
642,205.1465,0.198757,12.567487,downup50|msg_app|clean
643,202.7497,0.008543,0.880010,occlusion|clean|occlusion
644,202.7076,0.244292,11.920082,crop|jpeg|jpeg
645,202.8832,0.201093,12.730592,crop|downup50|clean
646,204.0910,0.119095,11.173997,msg_app|occlusion|clean
647,203.3612,0.213195,14.288824,occlusion|msg_app|msg_app
648,203.2471,0.138594,8.992017,crop|clean|blur
649,202.7337,0.034337,3.460056,occlusion|blur|downup50
650,202.5422,0.081610,8.141629,jpeg|clean|msg_app
651,202.9975,0.047603,5.281365,blur|jpeg|clean
652,202.9398,0.109902,8.446604,clean|blur|blur
653,203.5183,0.031569,4.235088,blur|downup50|blur
654,202.7293,0.029257,3.021874,clean|blur|blur
655,201.9775,0.199405,13.133622,crop|downup50|msg_app
656,203.1022,0.037268,4.986456,downup50|downup50|blur
657,202.5150,0.022170,2.839613,blur|clean|downup50
658,202.7102,0.018963,2.673805,clean|occlusion|clean
659,203.2269,0.118775,11.216361,crop|downup50|jpeg
660,203.2764,0.159847,12.478515,occlusion|blur|crop
661,202.4046,0.129971,9.672207,downup50|blur|jpeg
662,202.6528,0.094407,9.823916,msg_app|clean|downup50
663,203.6866,0.218899,14.392542,crop|jpeg|jpeg
664,202.5540,0.149955,12.193045,jpeg|jpeg|jpeg
665,204.0631,0.102877,9.444246,crop|downup50|jpeg
666,202.2153,0.039759,5.882861,clean|msg_app|occlusion
667,203.0078,0.138758,11.893122,clean|msg_app|downup50
668,203.0140,0.077984,8.069006,crop|clean|occlusion
669,203.1826,0.166251,13.271982,jpeg|clean|crop
670,202.8126,0.014754,2.825350,occlusion|clean|occlusion
671,203.7430,0.075236,9.456442,downup50|clean|blur
672,203.2207,0.102247,9.126551,occlusion|crop|crop
673,202.9079,0.194286,14.065201,downup50|crop|clean
674,202.9246,0.052295,6.212540,jpeg|crop|downup50
675,203.5256,0.209198,14.628358,msg_app|occlusion|msg_app
676,201.9801,0.087363,9.414946,clean|occlusion|crop
677,203.1779,0.032954,4.355133,occlusion|clean|occlusion
678,203.2800,0.222237,14.373133,clean|msg_app|msg_app
679,202.9830,0.122896,10.980971,msg_app|downup50|msg_app
680,203.7132,0.031046,3.664593,jpeg|clean|clean
681,203.7547,0.080944,7.353754,downup50|msg_app|crop
682,204.2840,0.082123,7.588229,downup50|jpeg|crop
683,202.8649,0.331890,17.885845,crop|downup50|crop
684,203.1560,0.112866,9.251173,downup50|blur|crop
685,202.9249,0.047544,6.930838,clean|downup50|jpeg
686,203.0070,0.014349,2.412663,downup50|occlusion|clean
687,203.3801,0.082390,7.456118,blur|occlusion|occlusion
688,203.0523,0.510017,22.231447,jpeg|crop|clean
689,203.0999,0.140631,10.903759,jpeg|blur|crop
690,202.7261,0.034418,4.593390,downup50|jpeg|downup50
691,203.5356,0.192324,11.933668,jpeg|jpeg|occlusion
692,202.6959,0.089609,8.321204,downup50|blur|downup50
693,203.5576,0.281555,17.866045,crop|msg_app|jpeg
694,203.0283,0.157168,10.795632,crop|occlusion|occlusion
695,202.2302,0.232418,11.016004,crop|clean|crop
696,202.8054,0.191672,13.781983,downup50|msg_app|blur
697,202.7615,0.078628,8.365615,jpeg|clean|occlusion
698,203.3360,0.287553,13.484621,clean|jpeg|jpeg
699,202.5673,0.133487,11.234781,downup50|occlusion|crop
700,202.7426,0.027567,4.131917,jpeg|clean|clean
701,202.8410,0.107423,7.539525,msg_app|clean|clean
702,202.9968,0.151339,10.369010,blur|downup50|msg_app
703,202.7190,0.112026,8.712885,clean|clean|crop
704,201.9673,0.006077,0.700780,occlusion|clean|clean
705,202.4499,0.176370,10.584374,jpeg|jpeg|jpeg
706,202.7510,0.111919,9.994834,downup50|blur|msg_app
707,202.8557,0.209260,13.113161,jpeg|occlusion|msg_app
708,202.1257,0.098420,8.106984,clean|occlusion|crop
709,202.8839,0.070959,6.075865,blur|downup50|jpeg
710,203.8830,0.125508,9.945899,downup50|blur|crop
711,202.5186,0.063227,7.275373,occlusion|clean|jpeg
712,203.1418,0.121935,9.705401,downup50|crop|occlusion
713,203.0443,0.050828,4.620559,jpeg|clean|msg_app
714,201.9190,0.065952,6.601049,jpeg|clean|jpeg
715,202.8231,0.180404,11.840003,jpeg|blur|jpeg
716,202.3380,0.116155,8.734112,blur|blur|occlusion
717,202.3795,0.092328,7.133143,jpeg|jpeg|blur
718,202.7188,0.033490,4.242951,occlusion|clean|clean
719,202.8964,0.100776,9.797532,occlusion|jpeg|clean
720,202.3046,0.036228,4.643090,blur|clean|clean
721,202.7170,0.238311,14.167984,crop|blur|msg_app
722,202.9791,0.276231,13.779183,msg_app|crop|occlusion
723,202.8614,0.030920,3.764887,clean|blur|downup50
724,203.1023,0.068913,7.570640,blur|jpeg|clean
725,202.4267,0.079406,7.672101,clean|crop|clean
726,202.7912,0.155178,12.460021,blur|jpeg|blur
727,202.8395,0.133095,11.244984,blur|clean|crop
728,202.7529,0.037141,4.001341,blur|occlusion|occlusion
729,202.8892,0.285470,11.516667,crop|blur|occlusion
730,202.8626,0.027270,3.455487,clean|occlusion|jpeg
731,202.9285,0.088710,7.803319,msg_app|downup50|occlusion
732,203.0513,0.059278,6.326066,msg_app|blur|downup50
733,202.8339,0.137152,9.530472,jpeg|blur|crop
734,202.5649,0.016733,2.299211,occlusion|jpeg|clean
735,202.4748,0.072260,7.586723,occlusion|crop|downup50
736,203.2652,0.314322,13.528586,blur|msg_app|crop
737,202.4367,0.072525,6.583671,jpeg|occlusion|jpeg
738,203.2168,0.125345,9.289197,crop|jpeg|blur
739,202.9964,0.033407,3.228687,blur|clean|occlusion
740,203.1204,0.080105,6.763363,jpeg|blur|blur
741,202.5462,0.145548,10.716318,downup50|occlusion|msg_app
742,202.3777,0.034669,3.891991,blur|downup50|downup50
743,203.0155,0.033373,3.942078,clean|jpeg|downup50
744,203.0794,0.214860,11.629664,crop|msg_app|blur
745,202.2671,0.196521,12.773825,crop|clean|crop
746,203.0173,0.111681,9.371157,downup50|jpeg|crop
747,202.7714,0.357457,16.639265,crop|crop|crop
748,207.3885,0.289810,14.999105,crop|crop|msg_app
749,202.3843,0.050057,4.607616,jpeg|clean|crop
750,202.7804,0.065636,6.139004,downup50|blur|msg_app
751,202.6093,0.104732,7.352835,msg_app|clean|jpeg
752,202.6989,0.228156,11.834773,jpeg|jpeg|crop
753,203.2746,0.096182,7.304615,blur|clean|clean
754,202.6735,0.131907,9.784060,blur|downup50|crop
755,203.1445,0.121636,9.685280,occlusion|downup50|msg_app
756,202.3510,0.225146,11.694123,crop|downup50|occlusion
757,202.9698,0.115526,9.923276,blur|downup50|msg_app
758,202.5722,0.164718,9.753875,crop|jpeg|crop
759,202.3561,0.171542,12.681798,downup50|msg_app|blur
760,201.9456,0.095064,7.304667,downup50|jpeg|clean
761,202.4981,0.186968,12.150229,msg_app|downup50|crop
762,203.0891,0.020365,1.534955,occlusion|downup50|blur
763,202.4219,0.141933,11.019987,clean|blur|msg_app
764,203.1939,0.111027,8.439305,jpeg|occlusion|blur
765,202.7809,0.308748,15.706527,crop|crop|blur
766,202.0621,0.216192,12.575961,msg_app|crop|occlusion
767,202.2313,0.135341,9.667030,blur|blur|crop
768,201.9870,0.025231,2.097714,occlusion|downup50|jpeg
769,202.4286,0.195080,10.981090,jpeg|jpeg|crop
770,202.6067,0.090133,5.308811,blur|msg_app|clean
771,202.4300,0.153666,8.923039,clean|jpeg|occlusion
772,202.9132,0.128845,8.816325,blur|blur|jpeg
773,202.7007,0.101983,8.194851,msg_app|clean|blur
774,203.2381,0.272736,14.860773,msg_app|crop|jpeg
775,202.8074,0.215763,11.444171,crop|jpeg|blur
776,202.8153,0.059845,6.043539,clean|clean|jpeg
777,202.8744,0.082705,7.825322,downup50|downup50|jpeg
778,202.4940,0.088899,6.129505,jpeg|msg_app|downup50
779,203.4405,0.149186,9.623085,occlusion|msg_app|blur
780,203.1973,0.017598,1.852133,clean|jpeg|clean
781,203.0558,0.023307,2.754210,occlusion|downup50|occlusion
782,203.0013,0.243991,11.062491,jpeg|crop|clean
783,203.0666,0.064699,6.407283,jpeg|crop|clean
784,202.4288,0.031585,4.512893,clean|jpeg|clean
785,202.7588,0.028344,3.396150,downup50|occlusion|blur
786,202.2418,0.105117,9.835462,msg_app|occlusion|downup50
787,202.5278,0.098059,7.908117,occlusion|clean|blur
788,202.9088,0.111352,9.178961,downup50|msg_app|occlusion
789,209.5848,0.321097,14.131285,jpeg|crop|crop
790,205.5321,0.037977,4.484913,occlusion|occlusion|occlusion
791,203.4211,0.035554,4.344896,blur|clean|jpeg
792,203.0041,0.053660,5.427257,occlusion|clean|crop
793,203.8415,0.125388,10.537323,occlusion|downup50|msg_app
794,202.8697,0.190069,12.368758,crop|crop|downup50
795,203.3863,0.013419,2.042231,occlusion|occlusion|blur
796,202.5915,0.074017,7.869249,occlusion|crop|occlusion
797,203.0093,0.502247,17.508884,msg_app|msg_app|clean
798,202.4833,0.211536,11.152688,occlusion|msg_app|crop
799,202.5815,0.128503,8.607095,jpeg|clean|crop
800,202.4359,0.181295,11.569700,crop|crop|msg_app
801,203.2964,0.152159,9.033716,occlusion|crop|downup50
802,202.9912,0.019496,2.141161,occlusion|downup50|blur
803,202.6360,0.131342,9.576404,jpeg|crop|downup50
804,202.9098,0.009119,0.960351,blur|occlusion|downup50
805,203.2896,0.087400,7.024010,occlusion|jpeg|blur
806,202.9944,0.012572,1.332456,jpeg|downup50|clean
807,203.7261,0.013437,1.674018,clean|clean|jpeg
808,203.2596,0.201877,11.784594,crop|msg_app|crop
809,202.9759,0.104079,8.388312,jpeg|clean|msg_app
810,203.4113,0.309327,14.745640,crop|msg_app|blur
811,203.5040,0.121590,8.234857,blur|clean|msg_app
812,203.4355,0.180964,11.011495,blur|blur|msg_app
813,203.6346,0.086133,8.596705,downup50|blur|occlusion
814,203.5011,0.092301,7.675282,msg_app|occlusion|jpeg
815,202.2011,0.234145,13.363011,clean|blur|msg_app
816,202.3430,0.334149,19.456508,crop|jpeg|crop
817,203.2401,0.041820,3.960545,downup50|msg_app|blur
818,202.4364,0.171271,11.709913,jpeg|msg_app|downup50
819,203.7287,0.126881,10.027051,blur|occlusion|msg_app
820,203.8124,0.515514,17.936189,blur|msg_app|crop
821,203.3428,0.068955,6.632819,crop|clean|blur
822,202.5547,0.117826,9.517667,occlusion|crop|occlusion
823,205.6482,0.340244,18.237229,msg_app|msg_app|crop
824,202.8418,0.129192,7.178285,msg_app|blur|occlusion
825,202.5295,0.170736,11.540539,downup50|msg_app|jpeg
826,225.5807,0.030187,3.203585,downup50|clean|occlusion
827,220.1629,0.126017,10.252936,clean|occlusion|crop
828,233.1467,0.216943,11.532910,occlusion|crop|blur
829,231.4604,0.344199,15.662361,crop|crop|blur
830,227.8031,0.178614,10.002700,msg_app|clean|clean
831,224.2950,0.011149,1.318832,downup50|downup50|downup50
832,229.1382,0.059020,6.735730,occlusion|occlusion|blur
833,231.8332,0.124966,9.785756,occlusion|crop|clean
834,233.8212,0.168147,10.779483,crop|occlusion|clean
835,232.4265,0.142694,9.699316,occlusion|jpeg|msg_app
836,237.2822,0.144136,9.778924,jpeg|clean|msg_app
837,235.7660,0.048420,5.037756,clean|occlusion|jpeg
838,235.1868,0.034603,3.375878,blur|clean|clean
839,237.3049,0.055928,5.478976,msg_app|clean|clean
840,235.2467,0.073791,6.864394,clean|downup50|msg_app
841,230.3840,0.225990,13.698759,blur|msg_app|msg_app
842,224.9003,0.022903,2.444868,clean|downup50|occlusion
843,230.6950,0.092771,8.555976,jpeg|blur|occlusion
844,219.4619,0.130727,10.565117,occlusion|occlusion|crop
845,218.0041,0.010358,1.267328,jpeg|clean|clean
846,221.9395,0.232937,13.381893,jpeg|downup50|crop
847,219.9178,0.046568,5.806512,downup50|jpeg|occlusion
848,221.2094,0.022526,3.032879,downup50|clean|occlusion
849,225.8202,0.107570,8.228657,blur|crop|jpeg
850,219.7356,0.086053,8.565403,clean|crop|clean
851,226.6078,0.044515,5.052400,downup50|jpeg|clean
852,220.7705,0.236613,11.746888,crop|blur|occlusion
853,214.2460,0.139469,9.838090,downup50|crop|downup50
854,220.5648,0.107340,8.986697,crop|occlusion|jpeg
855,220.9390,0.093730,8.394768,msg_app|downup50|jpeg
856,224.8300,0.086134,7.111386,jpeg|blur|blur
857,225.2175,0.106822,8.744188,crop|downup50|occlusion
858,223.8167,0.062263,4.970595,crop|clean|jpeg
859,224.1537,0.084997,7.173926,downup50|msg_app|blur
860,225.2888,0.106185,7.830520,blur|clean|crop
861,219.4788,0.303766,15.947151,jpeg|msg_app|crop
862,220.4641,0.063082,5.907343,occlusion|jpeg|clean
863,225.8867,0.096027,8.866610,jpeg|msg_app|downup50
864,215.8915,0.081471,7.871028,crop|occlusion|clean
865,213.1256,0.145816,9.950145,crop|jpeg|jpeg
866,206.2026,0.120880,8.677879,jpeg|blur|crop
867,206.0070,0.089589,7.420830,clean|crop|clean
868,204.3890,0.069987,7.197709,jpeg|occlusion|clean
869,204.4005,0.242462,13.943638,crop|occlusion|msg_app
870,204.1339,0.068097,6.291608,msg_app|blur|clean
871,204.4795,0.142586,9.814899,jpeg|occlusion|msg_app
872,204.0716,0.070091,6.654503,crop|jpeg|blur
873,204.6162,0.126895,8.909864,occlusion|jpeg|msg_app
874,204.3699,0.181132,11.553071,msg_app|occlusion|crop
875,204.6177,0.045688,4.675803,jpeg|blur|clean
876,205.1401,0.075530,6.756046,jpeg|jpeg|downup50
877,204.3298,0.270341,17.943542,blur|msg_app|blur
878,204.6851,0.046632,5.088263,occlusion|jpeg|blur
879,205.4360,0.027628,4.034928,downup50|blur|clean
880,204.4880,0.150335,10.629625,msg_app|msg_app|clean
881,203.9125,0.046179,5.252890,occlusion|jpeg|occlusion
882,204.7054,0.151987,11.674602,occlusion|crop|msg_app
883,204.4014,0.042091,4.721930,occlusion|occlusion|downup50
884,204.4246,0.286687,17.464468,msg_app|crop|clean
885,204.6353,0.075090,6.994624,downup50|downup50|msg_app
886,204.6739,0.021562,2.127588,jpeg|downup50|blur
887,205.1392,0.043013,4.346540,downup50|blur|crop
888,204.6123,0.205402,12.332504,msg_app|jpeg|msg_app
889,204.5212,0.302649,16.996097,crop|crop|downup50
890,204.9432,0.020246,2.433763,blur|occlusion|clean
891,205.0478,0.167250,13.638207,blur|jpeg|msg_app
892,205.1101,0.165023,11.471675,jpeg|blur|crop
893,204.2987,0.066585,7.648583,blur|msg_app|clean
894,204.6194,0.040031,4.831796,blur|clean|msg_app
895,204.8010,0.212123,12.953452,jpeg|blur|crop
896,204.5833,0.202405,15.422263,jpeg|downup50|msg_app
897,204.5159,0.044086,5.783825,downup50|blur|blur
898,204.7286,0.053575,7.261239,crop|clean|downup50
899,205.2424,0.089225,8.598014,downup50|jpeg|crop
900,204.7127,0.022353,2.833974,downup50|occlusion|downup50
901,204.8644,0.181307,12.867129,clean|crop|downup50
902,204.7162,0.432579,18.255114,crop|downup50|crop
903,204.5498,0.112006,10.332264,jpeg|clean|clean
904,205.1990,0.083749,9.029952,downup50|jpeg|jpeg
905,204.4043,0.207175,11.228306,crop|clean|occlusion
906,204.4669,0.163788,11.815190,crop|jpeg|clean
907,204.6647,0.010432,1.088860,downup50|blur|downup50
908,205.2223,0.096009,7.801548,blur|jpeg|jpeg
909,204.2563,0.010929,1.048122,occlusion|jpeg|occlusion
910,204.7818,0.255908,16.078028,blur|msg_app|jpeg
911,205.8869,0.062270,6.303515,blur|occlusion|blur
912,204.4675,0.028966,3.337268,blur|downup50|clean
913,204.7682,0.343857,17.841209,occlusion|downup50|crop
914,204.4247,0.464259,20.882780,crop|msg_app|crop
915,204.5203,0.140085,9.938008,downup50|crop|msg_app
916,204.7716,0.115393,9.917671,clean|jpeg|blur
917,207.4671,0.169349,10.581441,jpeg|occlusion|crop
918,206.9515,0.015803,2.210068,blur|downup50|clean
919,204.8232,0.122282,8.761041,blur|jpeg|jpeg
920,204.5683,0.054762,6.257244,blur|downup50|jpeg
921,204.5177,0.058829,5.283363,msg_app|clean|jpeg
922,204.5210,0.377843,18.294676,msg_app|clean|msg_app
923,204.9604,0.224234,12.735371,downup50|crop|clean
924,204.3087,0.217606,12.445451,crop|msg_app|clean
925,204.6349,0.042877,4.198765,occlusion|jpeg|jpeg
926,204.7472,0.211932,11.899764,crop|occlusion|downup50
927,205.2054,0.176155,10.290877,msg_app|jpeg|crop
928,204.9911,0.310043,12.992739,blur|msg_app|occlusion
929,205.3284,0.023471,3.108461,clean|clean|downup50
930,205.3294,0.229260,14.202366,crop|downup50|downup50
931,204.7183,0.328619,15.061845,downup50|msg_app|crop
932,205.2515,0.116308,8.664101,blur|jpeg|msg_app
933,205.1085,0.050167,3.443798,blur|msg_app|jpeg
934,204.2523,0.122995,8.926439,clean|crop|downup50
935,204.8393,0.179491,12.418331,downup50|blur|msg_app
936,204.7121,0.300615,14.461812,msg_app|crop|jpeg
937,204.6898,0.302546,12.831418,crop|crop|jpeg
938,204.0092,0.069802,5.998731,occlusion|clean|crop
939,205.4928,0.109686,7.370685,occlusion|blur|crop
940,204.2879,0.233539,13.023272,msg_app|occlusion|msg_app
941,204.6705,0.115087,8.436106,occlusion|jpeg|crop
942,204.6403,0.020592,2.176986,clean|occlusion|downup50
943,205.3550,0.437669,18.638511,msg_app|blur|crop
944,204.3427,0.229080,14.541903,crop|clean|occlusion
945,204.4864,0.236588,12.538369,jpeg|msg_app|blur
946,204.8987,0.042311,4.891832,occlusion|clean|blur
947,204.9639,0.062825,4.846072,blur|jpeg|downup50
948,204.6444,0.099943,7.653995,jpeg|clean|msg_app
949,204.5493,0.094661,8.283716,occlusion|msg_app|jpeg
950,204.8250,0.238532,13.522873,msg_app|crop|crop
951,204.9783,0.270592,12.262531,crop|msg_app|crop
952,203.9658,0.172574,10.625871,blur|msg_app|occlusion
953,205.0514,0.088968,7.765535,blur|jpeg|msg_app
954,204.3533,0.220884,11.680039,crop|jpeg|msg_app
955,204.9799,0.136001,8.883692,clean|msg_app|msg_app
956,205.2989,0.172861,11.248280,occlusion|crop|blur
957,204.9414,0.036526,3.396711,occlusion|clean|msg_app
958,206.8262,0.063441,6.481790,msg_app|blur|blur
959,204.5684,0.092830,7.604331,occlusion|crop|crop
960,205.8181,0.231659,14.779486,crop|jpeg|blur
961,205.0912,0.132619,7.832354,jpeg|jpeg|downup50
962,205.3148,0.075441,7.817401,jpeg|downup50|blur
963,204.8815,0.047584,5.868061,occlusion|jpeg|downup50
964,205.4659,0.053849,6.282964,occlusion|crop|jpeg
965,204.5987,0.025853,3.606538,occlusion|blur|jpeg
966,204.8163,0.017995,2.099404,occlusion|downup50|downup50
967,205.0875,0.192822,12.692570,blur|crop|jpeg
968,204.6564,0.193415,12.005989,msg_app|jpeg|occlusion
969,205.3607,0.134707,9.630651,downup50|msg_app|msg_app
970,205.1035,0.141105,10.785131,clean|jpeg|msg_app
971,204.8747,0.103625,7.561119,crop|jpeg|msg_app
972,204.9438,0.240728,14.420073,occlusion|crop|msg_app
973,205.2731,0.111439,8.735508,msg_app|clean|blur
974,206.8619,0.454957,18.167514,msg_app|msg_app|crop
975,205.0103,0.102398,9.300994,downup50|downup50|msg_app
976,205.4199,0.162104,12.557462,crop|msg_app|blur
977,204.2412,0.094789,7.988847,downup50|crop|msg_app
978,204.8687,0.340848,17.381487,occlusion|crop|msg_app
979,204.8425,0.037415,4.226865,clean|jpeg|clean
980,204.2854,0.162692,11.976501,occlusion|blur|crop
981,205.1336,0.055357,5.728471,occlusion|clean|jpeg
982,204.9643,0.214928,12.037693,crop|occlusion|clean
983,204.8828,0.037632,5.260184,jpeg|downup50|blur
984,205.2142,0.311352,16.472025,jpeg|msg_app|msg_app
985,204.5076,0.219268,14.352767,msg_app|crop|downup50
986,205.2911,0.216657,12.302229,crop|clean|downup50
987,205.3330,0.049171,5.386003,blur|downup50|clean
988,204.8220,0.143760,11.056973,jpeg|msg_app|downup50
989,204.3186,0.111591,10.275486,occlusion|crop|jpeg
990,205.1026,0.079695,7.075309,blur|jpeg|blur
991,204.8058,0.106706,8.386002,clean|jpeg|msg_app
992,204.6482,0.002448,0.258870,clean|occlusion|clean
993,205.5425,0.252742,13.763894,msg_app|crop|crop
994,205.6621,0.107382,8.401024,msg_app|msg_app|blur
995,205.8643,0.223292,11.189724,crop|msg_app|downup50
996,206.6156,0.124989,9.523058,crop|crop|downup50
997,205.6286,0.255510,13.722936,crop|crop|downup50
998,204.8871,0.014183,1.765421,downup50|occlusion|clean
999,208.7780,0.009882,1.097594,clean|occlusion|occlusion
1000,205.2313,0.108234,8.901866,crop|clean|blur
1001,204.6733,0.024630,3.046422,jpeg|occlusion|clean
1002,205.4385,0.043119,5.063478,msg_app|clean|downup50
1003,204.9029,0.247857,12.614650,crop|downup50|msg_app
1004,205.1274,0.031167,2.813189,downup50|jpeg|clean
1005,205.7775,0.075697,6.834901,msg_app|blur|clean
1006,205.1471,0.081657,7.115377,downup50|blur|crop
1007,205.0101,0.118363,8.721277,crop|blur|occlusion
1008,204.9278,0.033758,3.643463,jpeg|downup50|jpeg
1009,205.4677,0.107711,9.307696,blur|downup50|msg_app
1010,205.4298,0.049570,3.601411,jpeg|blur|jpeg
1011,204.4539,0.033046,4.102881,jpeg|downup50|occlusion
1012,204.8960,0.090451,7.879077,downup50|downup50|crop
1013,204.3192,0.030507,4.187359,occlusion|jpeg|downup50
1014,204.2899,0.191534,9.841180,msg_app|crop|clean
1015,204.5561,0.054098,5.567161,msg_app|occlusion|occlusion
1016,204.7104,0.014603,1.365316,clean|jpeg|downup50
1017,204.9560,0.139323,9.722423,crop|downup50|msg_app
1018,205.0852,0.060695,6.433525,downup50|occlusion|jpeg
1019,205.2866,0.164894,12.952925,blur|msg_app|blur
1020,204.3201,0.009790,1.123707,occlusion|clean|jpeg
1021,204.7329,0.145735,9.383788,jpeg|clean|msg_app
1022,204.9714,0.086639,7.839908,jpeg|blur|occlusion
1023,205.0830,0.354637,18.320922,blur|msg_app|crop
1024,204.9517,0.119625,10.777573,jpeg|occlusion|crop
1025,204.5429,0.077130,8.029955,jpeg|clean|blur
1026,204.7514,0.013211,1.721521,downup50|downup50|occlusion
1027,204.8291,0.120658,10.206371,downup50|blur|downup50
1028,204.5646,0.152462,11.779624,jpeg|occlusion|msg_app
1029,204.6181,0.133572,9.736281,msg_app|clean|clean
1030,204.9836,0.238513,13.437279,msg_app|jpeg|msg_app
1031,205.3560,0.121147,10.494489,crop|blur|downup50
1032,204.1388,0.051819,5.946465,crop|jpeg|downup50
1033,204.3717,0.161775,11.300768,crop|crop|downup50
1034,205.1488,0.065801,6.669953,msg_app|blur|jpeg
1035,209.0300,0.152631,9.809459,blur|jpeg|crop
1036,210.1805,0.020431,2.387211,downup50|blur|clean
1037,212.6640,0.244769,13.630233,clean|jpeg|crop
1038,211.3664,0.288442,13.340498,crop|msg_app|occlusion
1039,210.1739,0.064754,6.958090,jpeg|clean|blur
1040,212.0600,0.041398,5.289441,msg_app|downup50|downup50
1041,210.1859,0.062104,5.249853,downup50|msg_app|occlusion
1042,211.4862,0.234702,14.649369,msg_app|crop|msg_app
1043,211.1776,0.155300,10.701829,jpeg|crop|jpeg
1044,211.8132,0.114472,8.756926,clean|occlusion|msg_app
1045,211.5946,0.049776,4.885946,downup50|blur|clean
1046,210.8631,0.068993,7.434640,clean|downup50|jpeg
1047,211.8720,0.088228,8.248311,crop|msg_app|blur
1048,210.4869,0.039233,4.735840,msg_app|occlusion|clean
1049,211.1944,0.304662,16.057711,crop|crop|crop
1050,210.4163,0.041533,4.859475,downup50|blur|downup50
1051,211.9569,0.174258,10.259831,blur|crop|jpeg
1052,210.3903,0.032242,3.449047,blur|blur|downup50
1053,210.5301,0.102751,9.131291,jpeg|crop|occlusion
1054,210.8038,0.091182,9.007331,blur|crop|downup50
1055,210.4181,0.185257,12.097263,clean|clean|msg_app
1056,211.5868,0.146847,10.647091,downup50|blur|occlusion
1057,210.0127,0.005319,0.690573,clean|occlusion|downup50
1058,212.3259,0.151337,11.028449,occlusion|msg_app|msg_app
1059,210.9091,0.314813,15.174839,crop|crop|blur
1060,212.0106,0.027270,2.765494,blur|occlusion|clean
1061,210.7210,0.215108,12.870020,crop|downup50|crop
1062,210.9365,0.022001,2.600656,downup50|clean|crop
1063,211.8567,0.016956,2.024890,occlusion|blur|blur
1064,210.7545,0.061271,5.316947,msg_app|blur|jpeg
1065,212.6198,0.053823,5.525066,jpeg|clean|msg_app
1066,210.2493,0.192041,11.922689,crop|msg_app|crop
1067,211.9144,0.074995,6.220090,blur|jpeg|downup50
1068,210.9405,0.027304,3.245451,jpeg|occlusion|downup50
1069,211.2966,0.093447,7.612809,downup50|msg_app|crop
1070,211.0547,0.072863,6.409415,jpeg|jpeg|blur
1071,210.9807,0.308034,15.504464,msg_app|crop|jpeg
1072,211.8637,0.067069,6.712728,clean|occlusion|blur
1073,210.2813,0.248495,14.276058,crop|downup50|jpeg
1074,211.5998,0.152816,10.517502,downup50|crop|jpeg
1075,210.6310,0.106715,9.463673,jpeg|jpeg|occlusion
1076,211.4896,0.013783,1.639151,downup50|jpeg|clean
1077,211.2276,0.084944,8.706828,msg_app|blur|occlusion
1078,213.6024,0.038436,4.508562,blur|jpeg|jpeg
1079,212.2716,0.250385,14.125004,jpeg|crop|blur
1080,211.6802,0.158178,11.533085,crop|msg_app|occlusion
1081,212.1422,0.116310,8.026487,crop|blur|jpeg
1082,211.0271,0.013041,2.464824,downup50|occlusion|downup50
1083,212.2209,0.148865,11.955667,blur|msg_app|blur
1084,210.5359,0.084474,7.994852,clean|crop|blur
1085,211.8838,0.050207,5.729687,downup50|occlusion|jpeg
1086,209.8319,0.054243,5.653427,jpeg|jpeg|jpeg
1087,203.7265,0.083001,8.834113,jpeg|occlusion|clean
1088,205.1567,0.033935,4.307183,occlusion|clean|jpeg
1089,205.1045,0.098207,9.401490,blur|msg_app|blur
1090,204.7623,0.050014,6.036434,jpeg|occlusion|jpeg
1091,204.8520,0.066021,7.936130,downup50|msg_app|jpeg
1092,204.9002,0.078022,8.862376,clean|crop|clean
1093,204.7017,0.186102,13.417378,jpeg|downup50|msg_app
1094,205.0073,0.077287,8.894562,jpeg|occlusion|clean
1095,205.4038,0.129500,9.617887,msg_app|downup50|clean
1096,204.4135,0.077488,8.198128,blur|jpeg|crop
1097,204.4707,0.056672,7.224384,jpeg|clean|crop
1098,204.6718,0.039352,4.352608,blur|occlusion|msg_app
1099,204.8403,0.147752,11.607747,msg_app|occlusion|crop
1100,205.1061,0.073054,7.893358,jpeg|clean|jpeg
1101,204.9632,0.032603,4.556045,jpeg|jpeg|occlusion
1102,204.3621,0.256149,16.997954,clean|crop|crop
1103,204.9346,0.085246,8.432994,msg_app|blur|msg_app
1104,204.7755,0.166966,12.240646,clean|crop|clean
1105,204.8760,0.097716,9.234402,occlusion|msg_app|crop
1106,204.8233,0.050574,5.138761,jpeg|clean|msg_app
1107,205.0506,0.046530,6.761027,occlusion|downup50|blur
1108,205.0931,0.109870,7.546384,jpeg|blur|blur
1109,205.3430,0.021115,2.159734,jpeg|blur|clean
1110,204.1017,0.124383,8.883014,clean|crop|clean
1111,204.9484,0.123992,10.835184,crop|clean|downup50
1112,204.5095,0.032578,3.928373,blur|clean|blur
1113,204.9847,0.086642,8.317336,crop|msg_app|msg_app
1114,204.5365,0.066026,7.002363,clean|crop|crop
1115,205.4677,0.211988,12.247099,blur|crop|blur
1116,205.0809,0.186676,13.434252,msg_app|crop|blur
1117,204.7242,0.067358,7.636276,msg_app|occlusion|occlusion
1118,203.9374,0.006946,1.658235,occlusion|occlusion|clean
1119,204.2485,0.003383,0.511529,blur|clean|clean
1120,205.1967,0.020138,2.837679,downup50|occlusion|blur
1121,204.6805,0.054641,6.596837,blur|clean|jpeg
1122,204.4874,0.123461,10.497255,msg_app|jpeg|clean
1123,204.4565,0.070183,7.510341,crop|clean|downup50
1124,204.4863,0.023991,4.345968,occlusion|blur|downup50
1125,205.3123,0.214805,15.091374,jpeg|crop|blur
1126,204.7292,0.038106,6.575896,jpeg|occlusion|occlusion
1127,205.6171,0.203669,13.674187,msg_app|clean|crop
1128,204.3215,0.025099,3.592697,occlusion|occlusion|occlusion
1129,227.2348,0.165095,12.189933,clean|crop|jpeg
1130,243.2519,0.177303,11.577522,crop|clean|downup50
1131,258.7339,0.002172,0.320554,occlusion|occlusion|clean
1132,285.7183,0.038325,5.267185,clean|blur|downup50
1133,299.1119,0.058529,6.790554,crop|occlusion|occlusion
1134,258.4926,0.074191,6.970133,downup50|crop|crop
1135,306.1012,0.014084,2.003190,clean|jpeg|downup50
1136,264.1698,0.074643,8.607713,msg_app|occlusion|blur
1137,245.8622,0.092117,8.784618,downup50|jpeg|crop
1138,250.0519,0.049607,5.906885,occlusion|occlusion|jpeg
1139,246.9637,0.005881,0.720847,downup50|downup50|downup50
1140,244.0817,0.048924,5.975362,jpeg|msg_app|clean
1141,225.0907,0.214814,14.066511,blur|crop|crop
1142,217.9694,0.035646,4.444600,occlusion|downup50|msg_app
1143,215.9102,0.285052,13.986925,crop|occlusion|msg_app
1144,213.5062,0.021202,4.281247,downup50|clean|occlusion
1145,207.8275,0.006848,1.319350,occlusion|downup50|downup50
1146,207.5709,0.236763,15.411022,msg_app|msg_app|jpeg
1147,209.9241,0.167402,10.269060,msg_app|occlusion|msg_app
1148,205.5977,0.065953,6.367795,jpeg|occlusion|crop
1149,206.8212,0.045127,4.494647,clean|clean|msg_app
1150,206.0396,0.229890,10.654646,downup50|crop|blur
1151,205.5905,0.046288,5.702175,clean|jpeg|clean
1152,205.9919,0.159271,11.103983,clean|jpeg|msg_app
1153,206.0207,0.217244,11.336697,crop|downup50|jpeg
1154,205.6008,0.031545,3.040660,crop|jpeg|occlusion
1155,205.9419,0.034403,3.996621,blur|clean|clean
1156,207.6951,0.072205,7.565500,clean|blur|msg_app
1157,206.1037,0.156729,10.627757,jpeg|crop|occlusion
1158,206.2940,0.006802,1.057649,clean|occlusion|blur
1159,205.9064,0.210037,14.083414,msg_app|msg_app|occlusion
1160,206.1126,0.178959,11.979700,clean|crop|blur
1161,211.2045,0.102602,8.012112,crop|blur|occlusion
1162,206.5753,0.011541,1.169916,blur|clean|clean
1163,206.1775,0.048108,4.285037,occlusion|clean|msg_app
1164,205.9991,0.017575,1.743789,occlusion|downup50|blur
1165,206.7209,0.122186,8.774733,msg_app|occlusion|msg_app
1166,209.0424,0.087558,7.210433,msg_app|msg_app|msg_app
1167,206.1038,0.090303,6.250264,clean|crop|msg_app
1168,206.7775,0.077519,6.321463,msg_app|occlusion|msg_app
1169,206.6140,0.044075,5.343799,blur|jpeg|clean
1170,207.6342,0.072808,7.175133,jpeg|occlusion|clean
1171,206.7380,0.020270,2.484319,occlusion|clean|msg_app
1172,206.8371,0.098273,7.844399,clean|crop|crop
1173,205.7929,0.074437,7.191788,crop|occlusion|downup50
1174,205.6092,0.214942,13.426543,occlusion|crop|clean
1175,205.9003,0.050871,4.820155,occlusion|msg_app|jpeg
1176,206.7296,0.318348,14.033502,blur|blur|crop
1177,206.4666,0.119740,8.583522,jpeg|crop|jpeg
1178,205.8019,0.185782,12.626861,blur|crop|crop
1179,206.4688,0.224527,12.160566,msg_app|crop|crop
1180,205.4170,0.077970,5.612122,crop|downup50|occlusion
1181,205.8298,0.217293,12.711442,crop|crop|clean
1182,205.6877,0.071206,7.297055,downup50|blur|clean
1183,205.1203,0.002401,0.279094,occlusion|occlusion|clean
1184,206.7306,0.113008,9.132160,clean|crop|downup50
1185,206.4500,0.010618,1.287072,downup50|clean|jpeg
1186,206.8163,0.064821,6.843077,occlusion|occlusion|crop
1187,206.7897,0.122247,8.868534,crop|blur|crop
1188,206.5558,0.117517,9.134627,occlusion|msg_app|blur
1189,207.2929,0.076684,7.656968,blur|blur|blur
1190,206.4388,0.314599,14.908320,crop|jpeg|crop
1191,207.3714,0.139501,9.655020,crop|blur|crop
1192,205.9540,0.101679,7.949201,msg_app|downup50|downup50
1193,206.6053,0.036252,3.515385,occlusion|crop|occlusion
1194,206.8533,0.071320,5.739281,clean|msg_app|jpeg
1195,206.3977,0.060957,6.319704,jpeg|jpeg|downup50
1196,206.9118,0.279451,12.426392,msg_app|crop|blur
1197,205.7848,0.042316,4.894159,blur|occlusion|occlusion
1198,206.9362,0.026714,2.312954,jpeg|downup50|jpeg
1199,206.4436,0.058303,5.442709,occlusion|crop|downup50
1200,206.8647,0.040714,4.206986,msg_app|occlusion|downup50
1201,207.2537,0.027025,4.014450,blur|occlusion|jpeg
1202,206.9196,0.049718,5.965746,occlusion|blur|blur
1203,205.9320,0.002688,0.197482,clean|downup50|downup50
1204,206.1792,0.063659,6.824004,crop|clean|downup50
1205,206.0652,0.078273,7.922025,msg_app|downup50|clean
1206,205.7672,0.005741,0.864450,downup50|downup50|downup50
1207,206.5002,0.217512,13.097436,crop|crop|msg_app
1208,206.1127,0.258891,11.972058,crop|msg_app|msg_app
1209,205.9563,0.030454,4.543910,crop|downup50|occlusion
1210,206.4206,0.131163,10.343145,blur|clean|msg_app
1211,205.5626,0.046817,6.112866,clean|blur|occlusion
1212,206.7158,0.012108,1.287824,clean|jpeg|clean
1213,206.9436,0.261732,14.952784,msg_app|msg_app|downup50
1214,206.5188,0.205362,11.323671,crop|downup50|jpeg
1215,207.8112,0.075290,7.511419,jpeg|downup50|blur
1216,263.4586,0.075975,6.797697,downup50|clean|msg_app
1217,264.2406,0.024515,3.035197,downup50|occlusion|blur
1218,228.5288,0.195426,10.993317,crop|downup50|jpeg
1219,208.6245,0.150377,11.043666,downup50|crop|downup50
1220,208.3675,0.086967,8.340272,clean|jpeg|msg_app
1221,209.2821,0.154657,10.125375,msg_app|crop|msg_app
1222,209.4907,0.045526,4.083612,msg_app|blur|jpeg
1223,212.8420,0.057336,6.709034,jpeg|clean|msg_app
1224,206.9053,0.180161,12.511373,blur|crop|crop
1225,207.0552,0.082116,7.550778,crop|crop|downup50
1226,207.4001,0.083939,7.341323,downup50|downup50|msg_app
1227,206.8252,0.013113,2.520516,clean|jpeg|clean
1228,208.9877,0.082742,8.177454,downup50|crop|downup50
1229,213.9920,0.085570,7.453488,downup50|jpeg|crop
1230,210.1666,0.002746,0.423906,downup50|downup50|downup50
1231,209.6454,0.081263,7.621179,blur|jpeg|jpeg
1232,209.8989,0.135857,10.164858,blur|occlusion|crop
1233,212.6731,0.211078,10.204472,jpeg|crop|crop
1234,222.4600,0.343172,14.970249,crop|crop|blur
1235,215.6041,0.094101,8.279474,crop|clean|clean
1236,216.8676,0.077680,7.173361,crop|crop|blur
1237,208.7350,0.053489,5.171377,crop|occlusion|blur
1238,209.1069,0.077492,7.566393,msg_app|downup50|downup50
1239,209.0461,0.069516,6.354858,crop|blur|downup50
1240,209.0022,0.369410,19.585537,msg_app|crop|msg_app
1241,210.0518,0.029559,3.619434,blur|clean|blur
1242,206.3827,0.093801,7.832991,msg_app|occlusion|crop
1243,207.1234,0.115430,10.363395,clean|crop|blur
1244,207.0567,0.048215,5.607186,jpeg|clean|clean
1245,206.4386,0.020187,3.023641,jpeg|occlusion|clean
1246,207.0072,0.073611,7.346666,msg_app|jpeg|occlusion
1247,210.5213,0.106581,8.586428,crop|msg_app|jpeg
1248,207.5493,0.005700,0.663707,downup50|downup50|occlusion
1249,207.0534,0.078018,6.905554,crop|clean|jpeg
1250,207.2357,0.032922,3.851216,blur|blur|clean
1251,206.5526,0.004141,0.712128,downup50|clean|downup50
1252,207.0720,0.089836,7.877896,blur|crop|downup50
1253,207.0078,0.091227,6.743961,msg_app|jpeg|blur
1254,207.0096,0.045912,5.173929,msg_app|downup50|clean
1255,208.1609,0.031761,2.857016,blur|msg_app|jpeg
1256,207.8006,0.182558,12.128770,msg_app|crop|msg_app
1257,210.5559,0.103822,7.235359,jpeg|crop|blur
1258,220.5145,0.098793,8.554851,clean|jpeg|blur
1259,216.7903,0.149442,10.548277,msg_app|clean|msg_app
1260,214.5375,0.026932,2.469221,clean|msg_app|blur
1261,215.5085,0.009707,1.261293,downup50|jpeg|occlusion
1262,214.4254,0.007915,0.841761,clean|blur|blur
1263,214.6089,0.144411,10.869000,blur|blur|crop
1264,214.2817,0.175150,9.911123,clean|crop|occlusion
1265,216.2140,0.031463,4.468828,jpeg|downup50|downup50
1266,213.9435,0.089387,8.645611,jpeg|msg_app|clean
1267,212.7460,0.069810,7.017716,clean|jpeg|msg_app
1268,212.8334,0.085935,8.349361,blur|blur|msg_app
1269,213.5118,0.157176,11.783935,downup50|jpeg|crop
1270,212.3383,0.088824,8.730562,msg_app|occlusion|msg_app
1271,212.8913,0.006337,0.787342,jpeg|occlusion|clean
1272,216.0415,0.020527,1.758676,blur|occlusion|blur
1273,228.3898,0.018692,2.646130,blur|jpeg|clean
1274,222.6921,0.044266,6.139649,clean|msg_app|downup50
1275,213.1039,0.040911,5.044857,msg_app|clean|msg_app
1276,212.8972,0.045788,5.086013,jpeg|msg_app|clean
1277,212.2787,0.173411,12.655082,msg_app|crop|occlusion
1278,223.5224,0.083169,8.758940,downup50|crop|blur
1279,216.6079,0.046782,5.298560,blur|blur|msg_app
1280,217.4842,0.070216,7.327890,occlusion|msg_app|jpeg
1281,226.3300,0.133921,11.129874,msg_app|occlusion|clean
1282,233.2803,0.071473,6.897422,msg_app|jpeg|blur
1283,249.6701,0.139912,8.672709,downup50|downup50|msg_app
1284,249.1375,0.038933,4.919302,msg_app|blur|clean
1285,251.5889,0.036978,5.631316,jpeg|downup50|clean
1286,259.2504,0.126934,10.262076,downup50|blur|crop
1287,241.2666,0.121035,11.922522,msg_app|blur|downup50
1288,221.5115,0.250801,15.576146,occlusion|clean|crop
1289,221.3133,0.025632,3.132892,jpeg|blur|clean
1290,213.7371,0.063271,6.891654,msg_app|occlusion|msg_app
1291,208.4627,0.097288,8.725685,blur|downup50|crop
1292,217.3529,0.025747,4.584966,clean|downup50|blur
1293,208.3419,0.184729,9.341972,jpeg|clean|crop
1294,208.2240,0.060460,7.497923,jpeg|jpeg|clean
1295,206.6070,0.113009,10.673548,msg_app|msg_app|occlusion
1296,206.5515,0.072281,7.609420,blur|msg_app|msg_app
1297,207.0013,0.043743,6.203668,jpeg|downup50|crop
1298,207.0724,0.021659,2.906641,blur|msg_app|clean
1299,207.2524,0.116802,9.698872,clean|crop|occlusion
1300,206.3448,0.005649,0.635100,clean|clean|downup50
1301,206.8295,0.094298,8.203820,msg_app|occlusion|clean
1302,206.4829,0.116315,9.340727,clean|msg_app|jpeg
1303,206.6958,0.050703,7.135092,downup50|msg_app|clean
1304,206.8973,0.025648,3.049010,jpeg|downup50|msg_app
1305,207.1753,0.088229,8.509967,jpeg|occlusion|blur
1306,207.3519,0.030975,3.535954,clean|jpeg|msg_app
1307,206.3078,0.054963,6.788969,clean|msg_app|occlusion
1308,207.6603,0.008986,1.561409,downup50|downup50|blur
1309,207.3741,0.123117,10.148089,clean|msg_app|downup50
1310,207.5287,0.034670,4.279051,blur|clean|downup50
1311,207.9751,0.004488,0.503321,blur|blur|clean
1312,207.2338,0.051436,6.584982,downup50|msg_app|occlusion
1313,206.9324,0.049616,6.506264,downup50|msg_app|clean
1314,207.3076,0.012782,1.815445,jpeg|occlusion|blur
1315,207.0653,0.123913,10.313896,crop|msg_app|jpeg
1316,206.7373,0.048197,4.604863,jpeg|msg_app|msg_app
1317,208.3854,0.099685,8.825710,jpeg|blur|blur
1318,206.6231,0.125841,11.821959,crop|downup50|jpeg
1319,207.1158,0.303635,15.944774,crop|msg_app|msg_app
1320,207.2847,0.015624,1.908147,blur|downup50|jpeg
1321,207.3046,0.034277,3.702446,occlusion|jpeg|crop
1322,207.6640,0.137207,10.859116,msg_app|occlusion|blur
1323,208.1091,0.083276,9.061610,blur|blur|blur
1324,207.3802,0.195851,11.126020,msg_app|crop|jpeg
1325,207.6991,0.113486,11.140261,clean|jpeg|msg_app
1326,207.2803,0.006609,0.876346,clean|occlusion|clean
1327,207.4376,0.179438,12.428801,jpeg|blur|occlusion
1328,208.0226,0.059661,5.025001,blur|blur|blur
1329,207.3840,0.065415,6.600544,crop|occlusion|occlusion
1330,206.7238,0.011773,1.488175,downup50|clean|downup50
1331,213.2124,0.145567,10.904059,clean|occlusion|crop
1332,219.4289,0.116830,7.820123,occlusion|jpeg|clean
1333,215.5751,0.071659,7.216340,occlusion|downup50|msg_app
1334,217.0518,0.024107,3.722878,clean|clean|crop
1335,215.4305,0.124156,9.659363,jpeg|msg_app|occlusion
1336,216.5292,0.012347,2.935549,clean|downup50|blur
1337,215.7137,0.081876,8.465502,jpeg|jpeg|occlusion
1338,217.2530,0.079609,9.557972,msg_app|jpeg|downup50
1339,215.5795,0.160226,13.119073,clean|crop|msg_app
1340,225.9611,0.085230,9.070763,clean|msg_app|downup50
1341,217.1887,0.190184,14.819652,occlusion|clean|crop
1342,217.2937,0.457766,22.715187,crop|occlusion|crop
1343,218.2657,0.082449,7.989184,msg_app|crop|jpeg
1344,216.3211,0.074660,8.403627,blur|jpeg|downup50
1345,219.5091,0.089804,8.146767,downup50|occlusion|blur
1346,216.7776,0.147398,11.924676,jpeg|crop|occlusion
1347,218.5702,0.124150,9.018280,downup50|downup50|blur
1348,215.6599,0.094111,9.146450,crop|blur|downup50
1349,218.0272,0.109969,10.186920,occlusion|msg_app|msg_app
1350,216.0670,0.003135,0.528139,clean|clean|clean
1351,218.0465,0.323449,15.646852,crop|crop|msg_app
1352,216.8939,0.078815,8.441256,msg_app|msg_app|jpeg
1353,217.5806,0.114341,10.516079,jpeg|jpeg|crop
1354,216.6143,0.081962,7.660559,clean|msg_app|blur
1355,215.7031,0.013192,1.508169,jpeg|jpeg|downup50
1356,218.3070,0.036673,4.164545,msg_app|blur|jpeg
1357,216.1374,0.123058,9.276101,crop|clean|occlusion
1358,218.2816,0.107770,8.767308,blur|msg_app|occlusion
1359,216.4002,0.124106,7.759580,crop|crop|occlusion
1360,218.0728,0.014466,2.047701,clean|jpeg|blur
1361,217.0080,0.108831,7.989516,clean|crop|downup50
1362,216.7864,0.018076,2.494719,occlusion|clean|downup50
1363,216.1590,0.103005,8.744074,occlusion|crop|downup50
1364,215.7950,0.140274,9.523019,msg_app|msg_app|crop
1365,217.7881,0.229728,13.856935,jpeg|crop|msg_app
1366,215.8930,0.037100,4.199730,downup50|jpeg|crop
1367,218.8946,0.133098,9.789255,clean|occlusion|crop
1368,216.0355,0.094062,8.403267,jpeg|crop|downup50
1369,219.2191,0.229202,10.946632,jpeg|jpeg|msg_app
1370,217.6485,0.077135,6.761115,msg_app|blur|clean
1371,218.2513,0.012097,1.376949,downup50|downup50|clean
1372,217.7595,0.426378,15.915471,msg_app|crop|jpeg
1373,217.2621,0.052070,5.015937,jpeg|jpeg|occlusion
1374,217.0799,0.019455,2.547207,jpeg|clean|clean
1375,216.2518,0.054412,5.585462,jpeg|clean|blur
1376,217.7802,0.049605,4.292401,jpeg|msg_app|blur
1377,216.0375,0.126396,10.709894,occlusion|blur|msg_app
1378,217.7621,0.148026,7.159619,jpeg|jpeg|msg_app
1379,214.6571,0.046006,4.504910,occlusion|jpeg|occlusion
1380,217.7776,0.185457,10.370625,jpeg|blur|crop
1381,210.1994,0.019913,2.312584,msg_app|clean|blur
1382,207.4424,0.066220,6.148964,msg_app|downup50|downup50
1383,206.5665,0.204150,13.476126,clean|crop|crop
1384,206.8691,0.022961,2.116483,occlusion|occlusion|blur
1385,206.7304,0.029378,3.499167,blur|occlusion|blur
1386,206.5529,0.118504,8.042858,downup50|downup50|crop
1387,207.2061,0.095746,7.633612,msg_app|occlusion|msg_app
1388,206.8584,0.167137,8.340687,msg_app|clean|blur
1389,207.2366,0.140213,9.546694,blur|crop|occlusion
1390,206.8885,0.170951,9.885403,clean|crop|msg_app
1391,206.8839,0.074748,7.099892,crop|clean|blur
1392,205.9098,0.094586,7.125422,crop|downup50|clean
1393,206.3138,0.015799,2.044248,occlusion|blur|occlusion
1394,205.8784,0.001926,0.179794,occlusion|downup50|clean
1395,206.6492,0.044518,4.513766,occlusion|blur|crop
1396,206.9564,0.140825,8.864136,crop|jpeg|blur
1397,206.7046,0.004144,0.396608,clean|downup50|clean
1398,207.0143,0.082877,6.286654,occlusion|jpeg|msg_app
1399,207.3580,0.030563,3.429157,blur|downup50|blur
1400,206.3350,0.041039,3.659323,clean|downup50|msg_app
1401,206.2793,0.194022,10.996518,crop|msg_app|downup50
1402,205.9845,0.152034,10.725560,msg_app|blur|msg_app
1403,206.3014,0.007213,0.692146,occlusion|jpeg|downup50
1404,206.7691,0.040653,4.802488,jpeg|clean|jpeg
1405,206.5456,0.192871,10.202512,crop|clean|clean
1406,206.1825,0.116519,8.724233,blur|clean|crop
1407,209.9774,0.035675,4.182954,crop|clean|clean
1408,206.3033,0.106358,8.058063,msg_app|msg_app|downup50
1409,205.2619,0.151136,11.368489,msg_app|clean|msg_app
1410,206.7582,0.014667,1.530027,clean|blur|occlusion
1411,206.3337,0.024223,2.740934,occlusion|clean|blur
1412,206.4438,0.084719,7.888520,jpeg|clean|blur
1413,206.1683,0.055873,5.582772,jpeg|blur|clean
1414,205.6377,0.017708,2.054141,downup50|blur|occlusion
1415,205.7561,0.214731,11.558296,crop|occlusion|downup50
1416,206.2698,0.022612,2.846993,downup50|msg_app|downup50
1417,206.0628,0.010169,1.355001,occlusion|clean|jpeg
1418,205.6144,0.061430,6.211257,msg_app|msg_app|occlusion
1419,205.8235,0.031797,3.567481,downup50|blur|clean
1420,206.2986,0.045927,4.915053,downup50|msg_app|blur
1421,205.9558,0.019787,2.314493,msg_app|occlusion|downup50
1422,206.3146,0.101071,7.100101,msg_app|msg_app|downup50
1423,206.4835,0.091032,6.755251,jpeg|crop|clean
1424,206.5169,0.026666,3.949540,occlusion|msg_app|clean
1425,206.0793,0.138138,10.040524,crop|msg_app|occlusion
1426,206.6450,0.016796,2.337819,downup50|occlusion|jpeg
1427,206.9437,0.001293,0.139007,clean|clean|clean
1428,206.1563,0.058960,6.505861,jpeg|occlusion|msg_app
1429,204.9457,0.012324,2.726033,occlusion|occlusion|occlusion
1430,205.7852,0.090717,8.796719,msg_app|blur|blur
1431,205.3989,0.016284,3.131316,occlusion|blur|clean
1432,204.6276,0.071187,5.927600,jpeg|msg_app|clean
1433,205.3916,0.054196,7.039656,clean|msg_app|clean
1434,205.2439,0.047763,6.276022,downup50|jpeg|jpeg
1435,205.3495,0.128931,10.218789,msg_app|msg_app|clean
1436,205.4605,0.029408,2.904109,jpeg|blur|occlusion
1437,205.6695,0.107326,8.717554,msg_app|occlusion|crop
1438,206.9712,0.180240,12.635855,jpeg|clean|msg_app
1439,206.9831,0.021436,2.177212,blur|blur|occlusion
1440,206.7233,0.021695,1.820335,msg_app|downup50|clean
1441,206.3284,0.374765,17.527933,crop|blur|clean
1442,206.4590,0.073779,7.363791,msg_app|blur|msg_app
1443,205.7027,0.221339,11.711881,crop|crop|clean
1444,206.3124,0.305603,18.174919,downup50|crop|crop
1445,206.9464,0.217254,12.310323,crop|jpeg|occlusion
1446,205.8629,0.002453,0.266845,occlusion|clean|downup50
1447,206.7341,0.161701,10.603312,jpeg|downup50|crop
1448,205.4690,0.002044,0.233337,occlusion|occlusion|clean
1449,205.2664,0.055636,6.536008,blur|occlusion|downup50
1450,205.7756,0.065559,7.322877,blur|jpeg|downup50
1451,206.2348,0.068295,7.026607,msg_app|occlusion|occlusion
1452,206.3997,0.309012,15.188206,jpeg|crop|crop
1453,206.7334,0.040086,3.842424,jpeg|jpeg|blur
1454,206.5443,0.035218,4.008166,jpeg|msg_app|blur
1455,206.2135,0.006223,0.725296,occlusion|occlusion|downup50
1456,206.7332,0.053376,6.227136,downup50|blur|msg_app
1457,206.3758,0.146603,8.376518,downup50|occlusion|crop
1458,205.3099,0.169675,12.583605,crop|msg_app|clean
1459,205.9567,0.029351,4.126158,occlusion|occlusion|occlusion
1460,205.4542,0.158578,11.075777,jpeg|occlusion|jpeg
1461,205.8948,0.011766,1.482450,downup50|occlusion|blur
1462,205.5547,0.045265,5.432146,downup50|downup50|blur
1463,207.7008,0.147110,9.714299,crop|downup50|crop
1464,206.1033,0.110981,8.985933,clean|blur|msg_app
1465,206.3986,0.018260,1.562133,downup50|msg_app|occlusion
1466,205.8907,0.062676,6.371401,occlusion|blur|jpeg
1467,205.6507,0.016023,1.340460,clean|occlusion|msg_app
1468,206.5087,0.021964,2.792459,downup50|msg_app|clean
1469,206.1522,0.016466,2.085431,occlusion|clean|clean
1470,206.6484,0.103124,8.247701,msg_app|clean|crop
1471,206.1412,0.024322,2.272884,downup50|downup50|crop
1472,206.1501,0.028896,4.456646,blur|jpeg|occlusion
1473,206.5839,0.056321,5.856239,occlusion|crop|blur
1474,205.3225,0.033781,4.568742,msg_app|clean|blur
1475,205.7241,0.084729,8.039561,msg_app|blur|clean
1476,205.3255,0.002874,0.403591,occlusion|clean|clean
1477,205.8202,0.048109,5.681234,downup50|blur|jpeg
1478,206.4414,0.050495,5.884812,clean|crop|downup50
1479,206.7747,0.077805,8.220765,blur|occlusion|msg_app
1480,206.3269,0.063723,6.852165,downup50|crop|clean
1481,205.3886,0.213093,14.279180,msg_app|occlusion|msg_app
1482,211.6467,0.030153,3.581967,blur|jpeg|occlusion
1483,220.3793,0.111760,10.231310,clean|msg_app|crop
1484,230.1830,0.124000,8.859082,blur|blur|crop
1485,339.1727,0.047769,6.335173,downup50|blur|jpeg
1486,371.3539,0.059618,7.570932,jpeg|occlusion|occlusion
1487,278.9836,0.004733,0.564989,downup50|jpeg|downup50
1488,259.4653,0.062966,7.003499,blur|jpeg|blur
1489,251.9470,0.011817,1.399844,occlusion|jpeg|occlusion
1490,275.9651,0.035431,4.573120,downup50|msg_app|blur
1491,279.5053,0.126637,8.662793,crop|clean|jpeg
1492,289.2878,0.006302,1.428696,occlusion|jpeg|downup50
1493,248.4734,0.165447,10.212464,crop|occlusion|blur
1494,252.4015,0.003345,0.462031,occlusion|clean|clean
1495,278.4814,0.194504,12.732885,blur|crop|msg_app
1496,265.0195,0.241528,14.985602,blur|crop|blur
1497,244.5830,0.105287,9.772154,msg_app|jpeg|clean
1498,245.4489,0.164324,11.840922,crop|jpeg|crop
1499,254.0815,0.068657,8.096349,jpeg|blur|blur
1500,245.4820,0.235729,12.999152,crop|msg_app|blur
1501,243.6421,0.021889,2.867995,jpeg|downup50|occlusion
1502,253.0946,0.233412,10.430066,clean|crop|blur
1503,258.9811,0.036596,3.169452,msg_app|clean|occlusion
1504,242.8411,0.026956,3.272624,occlusion|msg_app|blur
1505,245.7016,0.051654,5.912959,jpeg|occlusion|blur
1506,251.0562,0.006641,0.752984,occlusion|blur|clean
1507,250.4445,0.107500,9.710336,downup50|blur|msg_app
1508,248.3135,0.037968,4.238535,msg_app|blur|clean
1509,253.7502,0.243584,12.688558,jpeg|crop|jpeg
1510,252.1346,0.182167,11.118039,jpeg|msg_app|occlusion
1511,253.6317,0.058824,6.594690,clean|jpeg|blur
1512,248.3486,0.184574,10.529234,crop|msg_app|clean
1513,246.4586,0.020234,2.165665,downup50|jpeg|clean
1514,230.7717,0.013761,1.479572,blur|occlusion|msg_app
1515,211.7402,0.039998,5.346659,blur|occlusion|msg_app
1516,211.9184,0.004581,0.543958,blur|clean|downup50
1517,210.9424,0.030532,3.248755,blur|msg_app|occlusion
1518,212.0706,0.111583,9.798279,msg_app|downup50|crop
1519,210.0321,0.022898,2.728745,msg_app|jpeg|downup50
1520,209.1111,0.109223,9.449550,crop|crop|jpeg
1521,206.0757,0.030538,3.274727,occlusion|crop|downup50
1522,206.2114,0.155316,10.417295,crop|msg_app|clean
1523,206.1648,0.201782,10.813333,msg_app|occlusion|crop
1524,215.5954,0.035912,4.691845,occlusion|occlusion|occlusion
1525,230.1169,0.091886,7.107197,occlusion|crop|occlusion
1526,206.0695,0.013313,1.845509,downup50|blur|blur
1527,206.5286,0.028384,3.229518,downup50|msg_app|clean
1528,232.5150,0.003214,0.450945,occlusion|clean|occlusion
1529,241.0281,0.092420,8.132112,clean|msg_app|downup50
1530,241.3394,0.145521,10.599004,clean|crop|clean
1531,236.3571,0.000463,0.055444,clean|clean|clean
1532,266.4265,0.001056,0.128607,occlusion|occlusion|downup50
1533,261.2367,0.091997,7.676878,blur|clean|jpeg
1534,239.7336,0.138517,9.930921,blur|msg_app|occlusion
1535,239.6709,0.021037,2.652211,clean|jpeg|msg_app
1536,240.1167,0.003910,0.625187,downup50|downup50|occlusion
1537,247.9411,0.007940,1.074251,blur|downup50|downup50
1538,253.8802,0.047900,5.032321,blur|msg_app|occlusion
1539,238.3943,0.015851,2.224339,jpeg|downup50|downup50
1540,234.8861,0.011078,1.821864,occlusion|occlusion|jpeg
1541,241.6417,0.041862,5.495599,jpeg|downup50|jpeg
1542,253.6003,0.330569,10.474151,msg_app|downup50|crop
1543,254.3188,0.167757,10.097527,crop|clean|blur
1544,247.8100,0.019079,2.791834,downup50|occlusion|occlusion
1545,249.9328,0.167393,9.289069,clean|msg_app|crop
1546,253.8807,0.037955,5.279080,jpeg|blur|blur
1547,255.6945,0.011930,1.873515,blur|downup50|clean
1548,253.7208,0.067544,5.979654,msg_app|crop|occlusion
1549,250.5495,0.050256,4.882171,blur|crop|crop
1550,253.3776,0.182974,9.707789,crop|blur|jpeg
1551,255.8068,0.067587,5.981831,msg_app|msg_app|crop
1552,250.6533,0.007349,0.749623,downup50|jpeg|downup50
1553,251.6100,0.023273,3.294364,jpeg|jpeg|downup50
1554,251.5480,0.005253,0.483106,blur|blur|clean
1555,251.3581,0.165210,10.001749,msg_app|jpeg|crop
1556,233.6064,0.015856,1.880104,jpeg|clean|jpeg
1557,235.3873,0.006892,1.169341,clean|clean|occlusion
1558,236.4544,0.026129,3.078709,blur|msg_app|downup50
1559,236.8605,0.245084,11.513947,clean|jpeg|crop
1560,237.6361,0.061167,7.246653,clean|downup50|blur
1561,235.0519,0.005944,1.260620,clean|occlusion|clean
1562,229.6720,0.387698,15.968276,crop|crop|downup50
1563,216.1351,0.159563,9.195042,blur|occlusion|crop
1564,217.0445,0.021930,2.806759,clean|crop|clean
1565,218.7105,0.064904,6.317547,msg_app|crop|blur
1566,209.3431,0.009029,0.978162,downup50|clean|jpeg
1567,215.6563,0.302600,12.756000,msg_app|msg_app|crop
1568,218.3613,0.013592,1.209152,clean|downup50|jpeg
1569,223.0566,0.031382,3.800819,occlusion|msg_app|downup50
1570,224.8604,0.178567,8.814990,jpeg|jpeg|crop
1571,223.8928,0.035373,3.436017,blur|occlusion|clean
1572,218.5651,0.031608,2.918831,occlusion|jpeg|msg_app
1573,234.7097,0.126170,7.549456,crop|clean|downup50
1574,243.6772,0.028518,2.802007,downup50|jpeg|jpeg
1575,246.7576,0.025808,2.131167,blur|jpeg|occlusion
1576,248.0493,0.115432,7.159082,msg_app|msg_app|blur
1577,244.8548,0.011023,1.432120,occlusion|occlusion|clean
1578,244.9096,0.042230,3.952783,jpeg|downup50|occlusion
1579,245.3493,0.166557,10.038490,downup50|msg_app|crop
1580,237.9572,0.014592,1.177088,clean|jpeg|blur
1581,215.1175,0.045240,4.520799,blur|jpeg|downup50
1582,221.4370,0.045373,4.624361,occlusion|blur|blur
1583,214.8960,0.003904,0.539788,downup50|occlusion|downup50
1584,209.4446,0.091355,7.036701,jpeg|clean|blur
1585,211.7462,0.042224,5.012277,blur|occlusion|blur
1586,209.4740,0.045136,5.123564,msg_app|crop|occlusion
1587,209.2991,0.117637,8.281066,downup50|clean|msg_app
1588,224.7645,0.073254,7.488203,msg_app|msg_app|downup50
1589,225.5779,0.075858,8.326265,occlusion|blur|clean
1590,221.9933,0.103828,8.527996,occlusion|crop|downup50
1591,219.8655,0.149422,10.715716,crop|msg_app|blur
1592,220.1457,0.022453,2.982751,msg_app|blur|occlusion
1593,212.9065,0.042613,5.681143,downup50|jpeg|jpeg
1594,209.5513,0.010302,1.077792,clean|blur|blur
1595,211.0846,0.103630,9.280216,crop|jpeg|occlusion
1596,209.8148,0.139911,8.920741,blur|blur|crop
1597,212.8174,0.039236,6.333063,jpeg|occlusion|blur
1598,207.1890,0.016163,1.792854,msg_app|blur|clean
1599,208.4297,0.001388,0.163461,downup50|clean|downup50
1600,207.6207,0.066212,8.430921,clean|msg_app|occlusion
1601,207.7340,0.069864,7.428846,downup50|clean|crop
1602,206.8750,0.115649,8.648642,jpeg|msg_app|crop
1603,206.9356,0.185105,10.208799,msg_app|occlusion|crop
1604,206.7587,0.140547,8.687218,occlusion|crop|msg_app
1605,207.5834,0.014822,3.062606,blur|downup50|clean
1606,209.3470,0.117138,9.110605,crop|clean|blur
1607,208.7780,0.009750,0.974933,clean|blur|jpeg
1608,208.5673,0.136847,10.486952,jpeg|occlusion|msg_app
1609,208.3312,0.011543,1.721024,clean|clean|blur
1610,208.3282,0.056178,6.617665,msg_app|blur|clean
1611,209.3604,0.105918,9.237618,msg_app|msg_app|blur
1612,208.5744,0.173870,11.022589,msg_app|crop|downup50
1613,209.0437,0.015849,2.280411,msg_app|clean|clean
1614,208.9274,0.015883,1.697000,msg_app|clean|downup50
1615,208.9137,0.065774,5.290442,blur|jpeg|msg_app
1616,207.7118,0.187500,11.272210,crop|msg_app|blur
1617,207.9341,0.133968,9.527315,jpeg|downup50|crop
1618,219.3097,0.027044,4.268998,downup50|blur|msg_app
1619,214.9860,0.009039,1.050087,downup50|occlusion|blur
1620,224.6375,0.040117,4.963272,msg_app|blur|downup50
1621,211.6212,0.145245,10.836461,occlusion|occlusion|crop
1622,217.8769,0.107492,9.416196,msg_app|msg_app|blur
1623,215.7890,0.240048,11.784372,jpeg|crop|jpeg
1624,222.0088,0.234772,13.726433,crop|downup50|blur
1625,218.4097,0.039937,5.260673,clean|jpeg|msg_app
1626,221.8591,0.031835,4.240589,clean|msg_app|occlusion
1627,213.4260,0.000502,0.052103,clean|clean|clean
1628,225.5641,0.049810,4.821870,blur|crop|blur
1629,220.1372,0.136724,10.568433,downup50|blur|crop
1630,240.8511,0.015414,1.619008,occlusion|blur|blur
1631,249.2725,0.209871,11.951300,jpeg|crop|clean
1632,248.2762,0.013578,1.428128,msg_app|blur|downup50
1633,250.4549,0.013163,1.638173,clean|clean|clean
1634,257.2372,0.245206,13.062788,occlusion|blur|crop
1635,263.3862,0.344143,18.389949,crop|msg_app|jpeg
1636,265.1988,0.008319,0.834283,occlusion|blur|downup50
1637,268.2587,0.024543,3.037568,occlusion|msg_app|downup50
1638,271.4083,0.013943,1.676625,blur|jpeg|downup50
1639,294.1106,0.039961,5.145544,jpeg|occlusion|msg_app
1640,254.0227,0.001418,0.240028,occlusion|occlusion|occlusion
1641,252.1494,0.077147,7.991386,msg_app|occlusion|clean
1642,252.8862,0.104926,10.019645,jpeg|clean|jpeg
1643,251.7072,0.012161,2.196210,clean|clean|jpeg
1644,251.8268,0.106643,9.286774,crop|msg_app|downup50
1645,250.1466,0.026606,4.440612,clean|clean|blur
1646,249.6375,0.031752,4.256779,downup50|downup50|blur
1647,250.5882,0.024334,3.192254,jpeg|downup50|jpeg
1648,250.4026,0.235324,12.077005,downup50|crop|msg_app
1649,247.6906,0.025308,3.769549,occlusion|occlusion|crop
1650,248.5258,0.003408,0.262945,downup50|clean|blur
1651,250.8581,0.150684,9.355399,crop|clean|jpeg
1652,247.4926,0.001444,0.143639,downup50|downup50|clean
1653,249.9516,0.033520,4.800731,occlusion|jpeg|clean
1654,256.1287,0.002045,0.268563,downup50|occlusion|clean
1655,255.9757,0.026736,3.020484,blur|clean|crop
1656,267.1618,0.068986,6.523380,occlusion|crop|jpeg
1657,250.4135,0.002411,0.243401,clean|clean|blur
1658,248.4544,0.008288,1.134671,occlusion|occlusion|blur
1659,250.8738,0.008419,1.466084,occlusion|jpeg|occlusion
1660,251.2557,0.015950,2.185431,jpeg|clean|jpeg
1661,257.9088,0.030885,4.578093,occlusion|crop|occlusion
1662,246.4014,0.056470,6.259265,crop|downup50|downup50
1663,231.4474,0.007002,1.337505,downup50|blur|downup50
1664,230.0541,0.054755,5.309558,crop|occlusion|clean
1665,230.6024,0.124273,9.157625,blur|downup50|crop
1666,231.5127,0.191413,12.035809,clean|msg_app|msg_app
1667,224.8491,0.078329,7.406458,msg_app|crop|jpeg
1668,228.1531,0.085295,8.611273,crop|occlusion|crop
1669,224.7899,0.015464,2.256096,msg_app|clean|occlusion
1670,226.2150,0.114071,8.069839,occlusion|blur|jpeg
1671,229.4208,0.100528,8.163836,blur|msg_app|clean
1672,231.2744,0.021616,3.304777,blur|jpeg|blur
1673,230.4039,0.020527,3.265839,downup50|occlusion|jpeg
1674,219.4773,0.012349,1.738809,blur|blur|downup50
1675,217.7281,0.047334,6.304908,downup50|blur|downup50
1676,218.8558,0.029935,5.323005,downup50|jpeg|occlusion
1677,209.7839,0.030659,3.710873,occlusion|jpeg|blur
1678,205.0336,0.041693,5.798869,downup50|downup50|jpeg
1679,203.2985,0.030958,4.306330,occlusion|occlusion|occlusion
1680,203.9867,0.005292,0.723078,downup50|occlusion|downup50
1681,205.1496,0.061222,6.550483,blur|msg_app|downup50
1682,204.4347,0.046134,6.521618,blur|jpeg|blur
1683,205.4391,0.201890,14.366147,msg_app|crop|blur
1684,206.4732,0.133048,10.222929,blur|downup50|crop
1685,205.8219,0.086367,8.920710,clean|msg_app|blur
1686,210.4021,0.034580,5.001468,crop|clean|jpeg
1687,216.5935,0.040020,5.847933,jpeg|jpeg|msg_app
1688,216.8882,0.001149,0.138299,clean|occlusion|occlusion
1689,216.7011,0.010041,1.944125,downup50|occlusion|blur
1690,216.8463,0.125013,13.101270,occlusion|msg_app|blur
1691,218.5093,0.018488,2.152795,msg_app|downup50|jpeg
1692,217.3060,0.000847,0.101949,jpeg|downup50|downup50
1693,215.6614,0.000206,0.018077,clean|occlusion|clean
1694,216.8740,0.002067,0.450141,clean|blur|occlusion
1695,216.3595,0.112178,12.889879,blur|blur|crop
1696,215.8674,0.701947,23.707207,msg_app|msg_app|crop
1697,217.6670,0.004131,0.739111,occlusion|jpeg|blur
1698,217.4965,0.165004,12.638526,crop|blur|clean
1699,218.9048,0.218568,12.490427,crop|msg_app|msg_app
1700,217.2934,0.270457,12.666166,crop|clean|downup50
1701,218.5510,0.026027,4.213691,downup50|jpeg|downup50
1702,216.9107,0.186529,12.372432,crop|clean|crop
1703,209.6943,0.047604,5.899492,blur|jpeg|downup50
1704,206.0966,0.007606,1.026363,occlusion|downup50|occlusion
1705,207.1000,0.026633,4.819983,downup50|downup50|jpeg
1706,206.4528,0.026404,2.857065,blur|jpeg|jpeg
1707,207.4542,0.018565,3.435194,blur|jpeg|occlusion
1708,208.1950,0.083326,7.115538,downup50|crop|clean
1709,206.5163,0.001579,0.156847,downup50|blur|occlusion
1710,207.2801,0.155876,11.819187,crop|msg_app|crop
1711,206.7580,0.024245,3.421721,blur|clean|jpeg
1712,205.2798,0.022400,2.508784,clean|downup50|crop
1713,208.2545,0.020967,3.057421,clean|occlusion|msg_app
1714,225.2096,0.052815,6.621945,occlusion|downup50|jpeg
1715,229.4095,0.047831,4.737092,msg_app|downup50|blur
1716,223.8394,0.231947,14.486610,crop|crop|blur
1717,206.3665,0.056178,6.482119,occlusion|msg_app|crop
1718,205.4677,0.093930,8.162592,clean|occlusion|crop
1719,207.4725,0.010974,2.570652,msg_app|clean|clean
1720,206.3631,0.035116,4.780716,blur|occlusion|jpeg
1721,206.3244,0.137607,11.872903,blur|blur|msg_app
1722,205.6598,0.091611,8.714384,clean|jpeg|jpeg
1723,205.2294,0.393011,16.062779,crop|crop|crop
1724,206.0739,0.009678,1.270021,downup50|occlusion|crop
1725,205.8093,0.221083,12.144129,crop|blur|blur
1726,201.8811,0.153216,10.554148,jpeg|jpeg|crop
1727,200.9213,0.017207,3.135898,jpeg|downup50|clean
1728,201.8595,0.082986,7.500969,occlusion|downup50|crop
1729,201.5339,0.256034,11.974626,jpeg|crop|crop
1730,200.3422,0.164832,9.713307,crop|jpeg|msg_app
1731,200.0508,0.013214,1.367946,jpeg|occlusion|blur
1732,201.9586,0.099497,8.050180,jpeg|crop|clean
1733,200.6134,0.192110,11.448860,crop|blur|jpeg
1734,199.3098,0.066903,5.143502,clean|jpeg|crop
1735,199.8830,0.018463,2.018084,downup50|crop|blur
1736,200.3252,0.009156,1.125602,blur|clean|downup50
1737,200.0626,0.063001,5.356336,blur|clean|msg_app
1738,200.6024,0.040616,3.849931,msg_app|downup50|occlusion
1739,199.6918,0.027951,2.470343,msg_app|clean|occlusion
1740,199.9297,0.112365,7.649108,crop|jpeg|clean
1741,199.8918,0.125897,9.842463,jpeg|msg_app|jpeg
1742,200.5958,0.071663,6.730334,clean|crop|jpeg
1743,200.4158,0.048439,5.336492,jpeg|jpeg|occlusion
1744,199.6024,0.018784,3.184062,jpeg|occlusion|clean
1745,200.2323,0.227264,10.529258,occlusion|crop|occlusion
1746,199.4755,0.026644,3.563330,occlusion|jpeg|clean
1747,200.0278,0.238556,10.062258,crop|clean|msg_app
1748,200.0554,0.075845,6.541789,occlusion|blur|crop
1749,200.5670,0.066199,6.738811,msg_app|occlusion|jpeg
1750,200.9130,0.047369,4.581359,clean|blur|msg_app
1751,200.6869,0.111962,9.075424,blur|msg_app|jpeg
1752,200.9222,0.027311,3.074151,msg_app|blur|downup50
1753,199.9765,0.240336,11.804981,msg_app|crop|blur
1754,200.2104,0.050455,5.473471,jpeg|occlusion|crop
1755,200.9430,0.123027,9.266056,downup50|crop|downup50
1756,199.8910,0.047123,5.339776,occlusion|crop|jpeg
1757,201.9449,0.044023,4.369538,msg_app|occlusion|blur
1758,200.0753,0.088258,8.158007,blur|blur|msg_app
1759,200.2413,0.028220,2.394539,crop|msg_app|occlusion
1760,200.5382,0.096835,9.067502,crop|msg_app|msg_app
1761,200.5402,0.025109,3.588203,jpeg|msg_app|clean
1762,200.4778,0.003751,0.452007,clean|clean|occlusion
1763,200.3185,0.241957,13.553785,crop|msg_app|crop
1764,201.0515,0.139715,8.871904,msg_app|crop|blur
1765,200.2664,0.165415,11.910975,occlusion|crop|msg_app
1766,200.6013,0.026778,3.555425,blur|clean|crop
1767,200.7359,0.020337,3.115058,msg_app|occlusion|downup50
1768,200.4455,0.004403,0.558605,downup50|clean|blur
1769,201.4554,0.053021,6.549294,jpeg|msg_app|clean
1770,200.6114,0.114640,9.939451,blur|blur|occlusion
1771,200.5983,0.007790,0.881767,clean|blur|occlusion
1772,200.6458,0.164148,11.347464,blur|downup50|crop
1773,200.0736,0.029135,3.720953,msg_app|occlusion|jpeg
1774,200.8410,0.017920,2.766183,blur|occlusion|blur
1775,200.2330,0.021114,2.156728,jpeg|clean|msg_app
1776,200.5009,0.101298,7.709988,occlusion|crop|crop
1777,200.2069,0.009441,1.118127,clean|jpeg|occlusion
1778,200.7313,0.024523,3.046177,blur|jpeg|clean
1779,200.8461,0.063134,6.016441,jpeg|crop|downup50
1780,200.4859,0.098211,9.751472,crop|msg_app|blur
1781,201.0567,0.158403,9.652877,crop|msg_app|jpeg
1782,200.6532,0.075759,6.798521,blur|crop|msg_app
1783,200.9591,0.334084,15.972570,jpeg|crop|crop
1784,200.9723,0.004844,0.517410,blur|occlusion|occlusion
1785,200.9060,0.104271,7.767967,crop|blur|downup50
1786,200.9972,0.022223,3.416804,occlusion|occlusion|blur
1787,200.8046,0.009043,0.971810,msg_app|clean|blur
1788,201.2894,0.041556,3.276874,msg_app|occlusion|msg_app
1789,200.1715,0.010553,0.995565,blur|downup50|msg_app
1790,200.5192,0.022585,2.709191,downup50|blur|clean
1791,200.9288,0.093373,6.883998,crop|jpeg|msg_app
1792,200.5945,0.038775,5.140082,clean|downup50|msg_app
1793,201.4594,0.104370,6.759428,clean|downup50|msg_app
1794,200.4437,0.215523,10.389159,downup50|jpeg|crop
1795,200.6141,0.101774,7.490376,clean|occlusion|crop
1796,200.8425,0.143320,11.091210,crop|msg_app|msg_app
1797,201.2556,0.052970,5.710764,clean|crop|msg_app
1798,200.6607,0.009605,1.697340,blur|downup50|occlusion
1799,201.1840,0.089406,8.678013,jpeg|blur|blur
1800,200.7508,0.009681,2.035663,downup50|clean|jpeg
1801,200.7043,0.022395,3.129109,downup50|occlusion|msg_app
1802,200.6892,0.066187,7.778171,occlusion|downup50|crop
1803,201.2940,0.088403,8.093172,msg_app|crop|blur
1804,200.3840,0.003440,0.450444,occlusion|occlusion|downup50
1805,200.7429,0.017134,3.019661,clean|blur|blur
1806,200.7013,0.165292,10.927975,downup50|crop|jpeg
1807,201.0599,0.001903,0.225524,blur|occlusion|occlusion
1808,200.5655,0.087322,7.778110,clean|msg_app|jpeg
1809,201.0727,0.058220,7.213990,msg_app|clean|downup50
1810,200.7781,0.261838,13.321175,crop|crop|blur
1811,199.9029,0.020085,4.130776,blur|jpeg|downup50
1812,201.1186,0.088806,7.217360,occlusion|crop|msg_app
1813,201.3704,0.010953,1.329802,downup50|blur|downup50
1814,201.2986,0.054005,5.929196,msg_app|blur|clean
1815,201.5958,0.005310,0.654785,occlusion|jpeg|occlusion
1816,201.3268,0.054266,5.499821,occlusion|msg_app|msg_app
1817,201.4901,0.164849,11.857932,msg_app|downup50|crop
1818,200.9688,0.014007,2.054037,msg_app|blur|clean
1819,201.3583,0.005212,0.733643,occlusion|occlusion|clean
1820,200.2407,0.109110,9.297239,jpeg|clean|crop
1821,200.8432,0.042667,4.307898,msg_app|downup50|occlusion
1822,200.9032,0.071361,7.567390,clean|msg_app|msg_app
1823,200.4648,0.020211,2.914159,jpeg|msg_app|occlusion
1824,200.9308,0.215773,11.171578,crop|blur|blur
1825,200.5785,0.015786,2.752875,downup50|downup50|occlusion
1826,200.9698,0.096807,7.489002,clean|crop|msg_app
1827,200.5857,0.082122,8.452348,msg_app|jpeg|occlusion
1828,200.3684,0.181768,8.486876,jpeg|crop|occlusion
1829,200.4476,0.151762,8.851392,jpeg|crop|blur
1830,200.6740,0.129566,8.385429,clean|crop|downup50
1831,201.5415,0.393057,15.704959,jpeg|crop|crop
1832,200.4985,0.001502,0.164181,clean|downup50|downup50
1833,201.2729,0.046282,5.372130,jpeg|msg_app|occlusion
1834,201.8787,0.324769,16.786225,jpeg|crop|crop
1835,200.6923,0.034209,4.383279,clean|blur|jpeg
1836,200.7560,0.012128,2.766136,clean|jpeg|occlusion
1837,200.8557,0.090296,6.713052,clean|jpeg|blur
1838,201.0178,0.003886,0.349291,downup50|clean|downup50
1839,200.9492,0.343716,12.808392,crop|clean|crop
1840,201.0452,0.003744,0.376557,downup50|clean|clean
1841,200.5479,0.043585,3.573330,jpeg|occlusion|crop
1842,200.4034,0.093200,6.728269,occlusion|msg_app|msg_app
1843,200.7659,0.022431,1.811272,msg_app|occlusion|clean
1844,199.8573,0.094684,9.313190,crop|msg_app|occlusion
1845,200.9685,0.039135,4.615754,msg_app|jpeg|downup50
1846,200.7208,0.011507,1.307685,downup50|clean|jpeg
1847,200.3600,0.031263,3.707926,clean|msg_app|occlusion
1848,201.4345,0.003841,0.407247,occlusion|blur|clean
1849,201.1771,0.145279,10.475461,msg_app|msg_app|crop
1850,201.3659,0.060482,4.912383,crop|msg_app|msg_app
1851,201.1808,0.004496,0.378940,downup50|clean|blur
1852,201.1755,0.206284,11.018109,crop|msg_app|clean
1853,200.8631,0.091074,6.007619,downup50|msg_app|clean
1854,200.6140,0.018469,2.789759,downup50|jpeg|downup50
1855,201.3790,0.015169,2.531536,jpeg|jpeg|clean
1856,200.4931,0.042723,3.970208,downup50|crop|downup50
1857,200.6771,0.029308,3.887559,clean|jpeg|blur
1858,201.0717,0.008522,1.015081,clean|msg_app|clean
1859,200.2253,0.032119,5.058149,clean|blur|occlusion
1860,200.6027,0.008261,0.991913,blur|clean|jpeg
1861,200.8284,0.002734,0.347011,downup50|downup50|blur
1862,201.5972,0.016982,1.600349,jpeg|blur|jpeg
1863,200.6565,0.004332,0.496575,downup50|blur|occlusion
1864,201.2923,0.054171,6.701748,clean|msg_app|msg_app
1865,201.8907,0.030560,3.504760,blur|blur|jpeg
1866,202.0962,0.198838,13.682490,blur|crop|occlusion
1867,201.9306,0.032807,3.588106,msg_app|jpeg|msg_app
1868,200.2423,0.002292,0.392126,clean|occlusion|downup50
1869,200.8699,0.041097,4.337356,blur|clean|crop
1870,200.9260,0.034667,5.092866,jpeg|downup50|jpeg
1871,200.7846,0.069096,7.324494,crop|occlusion|clean
1872,200.8018,0.311640,14.375561,occlusion|crop|clean
1873,200.6302,0.007506,1.201592,msg_app|clean|clean
1874,202.3906,0.072219,8.480553,blur|msg_app|msg_app
1875,203.6222,0.099783,8.218731,crop|jpeg|blur
1876,206.0983,0.178502,12.269663,crop|occlusion|blur
1877,205.1757,0.040068,4.220722,crop|blur|msg_app
1878,217.2025,0.131765,9.540557,occlusion|crop|msg_app
1879,219.7494,0.070771,7.759216,blur|jpeg|blur
1880,241.0317,0.028725,2.539150,occlusion|msg_app|occlusion
1881,241.5652,0.006814,0.900832,blur|occlusion|clean
1882,240.7541,0.005025,0.618165,clean|jpeg|downup50
1883,248.3229,0.126292,8.346329,crop|crop|downup50
1884,245.1884,0.107171,7.981415,msg_app|jpeg|crop
1885,235.9345,0.016177,2.290527,jpeg|clean|downup50
1886,246.3926,0.004687,0.626101,occlusion|downup50|clean
1887,276.7212,0.045117,4.694897,blur|msg_app|crop
1888,245.8351,0.018229,2.032663,blur|msg_app|downup50
1889,266.0661,0.050225,5.192013,blur|clean|msg_app
1890,288.1498,0.150661,9.431181,blur|downup50|crop
1891,310.0206,0.088895,8.676111,clean|clean|crop
1892,311.8880,0.042049,4.330461,occlusion|crop|jpeg
1893,301.1098,0.003912,0.384431,blur|blur|clean
1894,301.6870,0.128726,11.066297,blur|crop|clean
1895,308.0039,0.051981,5.320810,clean|crop|msg_app
1896,306.3245,0.198881,11.666520,clean|occlusion|crop
1897,296.6637,0.015463,1.983929,downup50|jpeg|clean
1898,302.4381,0.028472,4.618923,clean|msg_app|blur
1899,302.3846,0.325979,14.355432,crop|blur|crop
1900,301.9464,0.016857,1.980621,blur|blur|blur
1901,298.5467,0.020822,3.532257,clean|blur|jpeg
1902,299.0494,0.039281,5.053622,occlusion|msg_app|jpeg
1903,299.6654,0.048398,6.014057,blur|jpeg|blur
1904,302.1216,0.149601,9.972481,crop|jpeg|clean
1905,299.1315,0.034976,4.286785,jpeg|jpeg|downup50
1906,299.1326,0.071702,6.670592,msg_app|msg_app|jpeg
1907,298.6874,0.045204,5.051712,occlusion|jpeg|jpeg
1908,295.3614,0.101200,7.375886,blur|blur|crop
1909,294.9436,0.024820,3.269535,occlusion|occlusion|clean
1910,293.3545,0.043611,4.499698,downup50|blur|jpeg
1911,293.2967,0.180751,9.433534,clean|crop|crop
1912,287.5880,0.067083,6.079166,blur|msg_app|crop
1913,291.3770,0.010420,1.163430,blur|blur|jpeg
1914,310.4947,0.024610,3.426494,blur|downup50|jpeg
1915,294.4187,0.007311,0.838650,jpeg|jpeg|jpeg
1916,289.9088,0.013647,2.211773,clean|jpeg|jpeg
1917,298.5656,0.027398,4.474567,downup50|jpeg|clean
1918,291.2281,0.001209,0.139402,occlusion|occlusion|occlusion
1919,287.8137,0.013170,2.380696,msg_app|occlusion|blur
1920,288.4043,0.035145,4.345722,msg_app|jpeg|blur
1921,291.2897,0.037854,5.394203,clean|jpeg|crop
1922,290.2454,0.015740,2.727045,clean|jpeg|msg_app
1923,267.3120,0.117791,8.505816,msg_app|clean|clean
1924,227.7419,0.184793,11.803123,crop|crop|msg_app
1925,238.2828,0.011566,1.528607,blur|msg_app|downup50
1926,236.9744,0.000734,0.087502,clean|occlusion|clean
1927,238.9641,0.132045,9.261640,blur|crop|crop
1928,234.6992,0.037015,4.098742,occlusion|blur|msg_app
1929,232.2636,0.131492,7.620946,crop|clean|crop
1930,235.3748,0.018752,3.098296,msg_app|downup50|downup50
1931,239.5945,0.229187,14.576907,crop|crop|msg_app
1932,235.5077,0.007057,1.113330,downup50|jpeg|blur
1933,230.6504,0.019790,2.429391,downup50|crop|clean
1934,252.0768,0.031272,3.708837,downup50|jpeg|crop
1935,290.8665,0.010752,1.367967,jpeg|occlusion|clean
1936,285.1338,0.019363,2.636268,blur|jpeg|downup50
1937,277.9533,0.051368,6.116666,crop|downup50|downup50
1938,177.3493,0.028351,3.054732,blur|msg_app|msg_app
1939,135.4546,0.183463,10.936800,crop|msg_app|blur
1940,130.2027,0.022580,3.180756,downup50|jpeg|jpeg
1941,149.0207,0.086573,6.642556,blur|downup50|crop
1942,108.1824,0.087187,7.395974,crop|occlusion|clean
1943,109.9766,0.046588,4.417767,blur|blur|crop
1944,108.3320,0.104798,9.301708,jpeg|occlusion|crop
1945,107.1323,0.018914,2.071255,jpeg|clean|msg_app
1946,109.9808,0.055397,6.231062,clean|downup50|crop
1947,108.2929,0.015145,1.719004,jpeg|blur|clean
1948,126.3168,0.165408,9.649711,msg_app|msg_app|crop
1949,194.7269,0.188958,11.704482,jpeg|crop|occlusion
1950,208.6109,0.030936,4.085840,jpeg|clean|msg_app
1951,209.4636,0.010064,0.971740,crop|crop|occlusion
1952,205.3369,0.005322,0.704156,clean|jpeg|occlusion
1953,204.8748,0.018679,1.724836,jpeg|crop|blur
1954,205.8775,0.007838,0.904104,msg_app|downup50|occlusion
1955,204.3752,0.060053,6.290239,msg_app|clean|jpeg
1956,203.8439,0.188304,9.567416,jpeg|crop|occlusion
1957,206.8489,0.032272,4.442314,blur|occlusion|clean
1958,205.0535,0.085214,7.495179,jpeg|jpeg|msg_app
1959,211.1860,0.053871,4.187916,crop|occlusion|occlusion
1960,208.3552,0.065301,6.893041,clean|crop|downup50
1961,206.5912,0.081938,6.473085,crop|msg_app|downup50
1962,206.3463,0.010885,0.842178,clean|jpeg|msg_app
1963,206.1411,0.030602,3.873255,clean|msg_app|downup50
1964,209.6084,0.024164,2.715041,clean|jpeg|msg_app
1965,208.2172,0.107318,7.989567,clean|crop|clean
1966,203.2826,0.051489,5.805529,jpeg|msg_app|jpeg
1967,203.0245,0.003707,0.463144,downup50|downup50|blur
1968,203.5723,0.072766,7.664636,msg_app|jpeg|blur
1969,203.2240,0.048888,5.984845,jpeg|blur|occlusion
1970,204.5474,0.009038,0.872780,msg_app|clean|jpeg
1971,200.2543,0.033391,4.220429,jpeg|clean|msg_app
1972,200.1687,0.022399,3.010940,jpeg|blur|downup50
1973,200.7024,0.015677,1.814017,occlusion|crop|blur
1974,200.1180,0.218312,10.492140,crop|clean|clean
1975,201.0987,0.020048,2.840474,occlusion|blur|blur
1976,201.1041,0.289552,11.548855,clean|crop|msg_app
1977,200.5998,0.090775,8.239975,crop|jpeg|downup50
1978,200.6276,0.009756,0.952446,clean|jpeg|msg_app
1979,200.4916,0.001442,0.231497,clean|downup50|occlusion
1980,200.9955,0.069288,6.510385,msg_app|msg_app|occlusion
1981,201.1280,0.381682,13.120115,msg_app|crop|blur
1982,202.0161,0.101199,8.085728,occlusion|crop|blur
1983,204.7639,0.033603,3.838848,msg_app|blur|blur
1984,203.4112,0.094982,6.775070,crop|blur|downup50
1985,204.0612,0.020966,2.760848,downup50|clean|blur
1986,203.0153,0.065582,6.152326,crop|occlusion|clean
1987,205.2402,0.040643,3.547274,clean|downup50|crop
1988,200.4990,0.044441,6.305980,blur|downup50|occlusion
1989,200.3978,0.012653,1.499402,msg_app|occlusion|occlusion
1990,200.9318,0.044423,5.507649,msg_app|occlusion|crop
1991,200.6408,0.169337,10.245217,crop|msg_app|jpeg
1992,202.2772,0.230328,11.543503,crop|clean|crop
1993,200.6691,0.139556,8.121802,downup50|crop|blur
1994,201.1931,0.033612,3.950099,msg_app|jpeg|downup50
1995,200.9865,0.001381,0.117629,clean|downup50|clean
1996,201.1066,0.059851,4.918535,occlusion|crop|jpeg
1997,201.0575,0.001022,0.093896,clean|occlusion|clean
1998,200.3315,0.147329,10.670889,clean|crop|msg_app
1999,201.3294,0.179143,10.402659,crop|crop|clean
2000,200.5910,0.065720,6.363960,crop|blur|msg_app
