global_step,step_time_sec,meta_loss,grad_norm,tasks
1,220.7588,0.700404,5.664761,clean|downup50|crop
2,221.7688,0.714076,5.761426,jpeg|blur|msg_app
3,220.7783,0.687402,6.305565,occlusion|blur|crop
4,223.0184,0.665709,5.839259,clean|clean|msg_app
5,223.7621,0.732153,6.286575,occlusion|blur|msg_app
6,225.3396,0.658285,5.961738,jpeg|occlusion|msg_app
7,224.7619,0.660299,5.461279,clean|msg_app|clean
8,225.9803,0.712969,6.629975,msg_app|downup50|occlusion
9,226.4717,0.668031,5.806408,jpeg|crop|crop
10,227.0783,0.676949,6.166283,clean|downup50|msg_app
11,228.2465,0.643945,5.883442,blur|blur|crop
12,227.2574,0.614249,5.909244,occlusion|occlusion|blur
13,230.3249,0.660591,5.988081,blur|blur|crop
14,227.5837,0.645021,5.814235,downup50|msg_app|jpeg
15,230.0511,0.687262,6.927712,downup50|jpeg|msg_app
16,227.0443,0.638961,6.999500,occlusion|crop|blur
17,230.8577,0.664052,6.295363,downup50|blur|crop
18,227.5464,0.677138,6.201823,crop|msg_app|downup50
19,229.7226,0.637120,5.880844,blur|clean|msg_app
20,226.8969,0.676196,6.322446,msg_app|downup50|msg_app
21,225.8795,0.614057,5.982437,clean|crop|downup50
22,225.6379,0.632860,6.175399,jpeg|msg_app|downup50
23,225.2679,0.591576,6.340390,clean|jpeg|downup50
24,223.3382,0.662116,6.465961,downup50|blur|crop
25,221.9294,0.627424,6.844501,blur|downup50|occlusion
26,221.3244,0.606261,5.963712,jpeg|downup50|blur
27,222.5244,0.575653,5.703469,occlusion|jpeg|occlusion
28,221.1762,0.595691,6.245094,jpeg|jpeg|blur
29,220.9296,0.619337,5.885466,occlusion|occlusion|jpeg
30,221.5294,0.671549,7.241177,msg_app|jpeg|jpeg
31,222.0362,0.607609,6.569791,msg_app|crop|msg_app
32,220.0780,0.546928,5.692853,blur|occlusion|clean
33,218.9028,0.547179,5.628181,blur|occlusion|occlusion
34,214.8971,0.570923,6.350151,clean|msg_app|occlusion
35,213.7472,0.557774,6.423978,occlusion|downup50|occlusion
36,214.6308,0.617500,6.978108,msg_app|msg_app|jpeg
37,213.0257,0.589358,6.617729,downup50|msg_app|occlusion
38,212.9196,0.611456,6.860213,crop|jpeg|jpeg
39,212.9090,0.498271,6.008237,occlusion|clean|blur
40,212.8543,0.593316,5.867607,blur|clean|blur
41,212.6574,0.571046,6.639430,clean|msg_app|jpeg
42,213.0872,0.509980,5.884386,occlusion|clean|msg_app
43,213.5285,0.543220,6.753066,clean|crop|jpeg
44,212.1705,0.550224,6.911519,occlusion|blur|crop
45,213.5355,0.577086,7.261390,downup50|msg_app|downup50
46,213.6034,0.566274,6.874320,downup50|crop|blur
47,213.4571,0.591468,7.467243,jpeg|msg_app|jpeg
48,213.3661,0.571079,6.692429,crop|jpeg|msg_app
49,212.8479,0.542529,6.965810,blur|occlusion|crop
50,216.3538,0.612690,7.325763,jpeg|blur|msg_app
51,214.3065,0.520634,7.096069,downup50|jpeg|occlusion
52,213.8085,0.510331,6.874894,clean|msg_app|jpeg
53,212.3720,0.533218,7.242375,msg_app|clean|crop
54,214.1466,0.513734,7.136263,clean|blur|crop
55,213.4794,0.488667,7.409287,blur|occlusion|downup50
56,212.7355,0.515047,7.383764,msg_app|clean|crop
57,213.2889,0.533007,7.400657,jpeg|jpeg|occlusion
58,213.2476,0.598567,9.614952,msg_app|crop|crop
59,213.4585,0.570160,8.094961,msg_app|msg_app|jpeg
60,213.3268,0.494088,7.703742,crop|occlusion|crop
61,213.5213,0.580696,8.714027,downup50|msg_app|msg_app
62,213.9169,0.437741,7.294403,blur|occlusion|occlusion
63,214.3694,0.658914,10.534502,msg_app|msg_app|crop
64,214.8155,0.572907,8.521171,downup50|blur|msg_app
65,215.3521,0.452515,6.869700,downup50|jpeg|occlusion
66,215.0401,0.556349,9.489613,blur|blur|downup50
67,214.7195,0.440474,7.829690,jpeg|jpeg|clean
68,214.0809,0.405112,8.593528,occlusion|blur|clean
69,214.8634,0.517369,8.373528,msg_app|occlusion|blur
70,215.3389,0.480916,7.886163,crop|downup50|blur
71,217.2291,0.479829,8.151861,downup50|blur|blur
72,217.1785,0.383531,6.519500,occlusion|clean|jpeg
73,217.3122,0.493674,9.183254,msg_app|downup50|crop
74,219.4084,0.412398,7.041792,clean|msg_app|clean
75,219.5095,0.541661,8.416439,jpeg|msg_app|jpeg
76,221.3402,0.392018,7.177185,occlusion|msg_app|occlusion
77,220.6613,0.311004,6.075627,downup50|clean|clean
78,223.0073,0.580503,10.617031,msg_app|blur|jpeg
79,224.3416,0.503093,8.409552,downup50|blur|crop
80,223.6602,0.517403,10.744425,msg_app|jpeg|jpeg
81,224.4746,0.459127,9.746165,msg_app|clean|blur
82,223.5326,0.526899,12.210291,downup50|msg_app|jpeg
83,220.8998,0.334574,8.620131,occlusion|downup50|occlusion
84,221.3099,0.453809,9.343863,msg_app|jpeg|msg_app
85,222.1587,0.496202,12.091938,blur|blur|occlusion
86,220.6966,0.329346,7.569128,clean|msg_app|crop
87,221.3513,0.430510,9.763554,crop|occlusion|msg_app
88,221.2761,0.395464,8.833499,jpeg|jpeg|msg_app
89,221.8259,0.400093,9.065850,clean|blur|msg_app
90,222.0230,0.576545,13.065193,msg_app|crop|msg_app
91,222.1215,0.365874,8.055091,downup50|crop|jpeg
92,221.2842,0.373781,8.460719,blur|downup50|jpeg
93,220.1464,0.411189,9.963685,clean|msg_app|msg_app
94,218.3266,0.501440,13.632862,downup50|blur|msg_app
95,218.7538,0.386290,10.290518,occlusion|msg_app|jpeg
96,218.0205,0.317320,8.190586,occlusion|occlusion|jpeg
97,216.6912,0.479788,11.262897,msg_app|occlusion|jpeg
98,218.5147,0.535361,13.440291,msg_app|blur|crop
99,216.5507,0.384477,10.373615,msg_app|blur|clean
100,215.3533,0.258850,7.104407,crop|clean|jpeg
101,213.7725,0.462215,11.346912,jpeg|jpeg|blur
102,213.4588,0.296512,7.883466,downup50|occlusion|blur
103,212.6754,0.482774,12.210681,msg_app|msg_app|blur
104,212.6724,0.315472,8.999112,clean|blur|blur
105,212.7791,0.475428,12.301268,msg_app|jpeg|msg_app
106,211.2807,0.326175,10.107338,occlusion|crop|downup50
107,213.1710,0.420362,11.384357,jpeg|msg_app|jpeg
108,212.2809,0.450700,11.982485,blur|downup50|msg_app
109,212.3540,0.460870,12.343249,crop|downup50|msg_app
110,212.6463,0.355107,10.312451,blur|jpeg|occlusion
111,212.4439,0.300479,9.914372,clean|blur|crop
112,212.6634,0.336077,10.038093,downup50|blur|crop
113,212.0068,0.289607,9.677766,crop|occlusion|downup50
114,212.5982,0.286209,10.887819,jpeg|clean|downup50
115,212.5368,0.428322,12.847439,msg_app|msg_app|blur
116,213.4065,0.333443,11.616641,crop|blur|clean
117,212.4793,0.441056,13.262958,msg_app|blur|blur
118,211.9609,0.374439,11.773071,blur|clean|crop
119,211.9471,0.291336,9.254823,blur|jpeg|occlusion
120,212.5294,0.309794,12.214093,occlusion|downup50|blur
121,211.7442,0.315297,10.825413,blur|downup50|crop
122,211.7769,0.469087,13.882773,msg_app|occlusion|crop
123,212.6114,0.371707,11.487866,crop|msg_app|blur
124,212.1089,0.287874,9.492055,jpeg|crop|clean
125,213.5748,0.268596,9.591217,clean|blur|downup50
126,213.2869,0.208841,8.103273,occlusion|downup50|jpeg
127,212.6689,0.396032,13.753185,crop|crop|msg_app
128,212.6034,0.251427,9.951294,blur|msg_app|clean
129,213.0044,0.349627,11.875438,crop|jpeg|jpeg
130,212.7994,0.148742,6.073531,clean|downup50|occlusion
131,215.9566,0.396384,13.704098,downup50|msg_app|msg_app
132,215.0710,0.545758,16.070383,crop|jpeg|msg_app
133,218.8502,0.305019,10.884328,blur|msg_app|msg_app
134,220.9551,0.331447,13.757158,blur|occlusion|msg_app
135,219.9212,0.235878,10.093569,downup50|msg_app|clean
136,221.3454,0.253273,10.717346,jpeg|jpeg|downup50
137,219.2437,0.100821,5.666772,occlusion|clean|clean
138,221.9378,0.315236,12.562749,crop|occlusion|crop
139,221.8005,0.387517,15.782231,msg_app|downup50|blur
140,224.2989,0.243026,11.301186,occlusion|blur|occlusion
141,225.2926,0.273781,11.902313,blur|occlusion|msg_app
142,224.8664,0.405407,14.560738,msg_app|msg_app|blur
143,223.9688,0.439384,16.793889,crop|jpeg|crop
144,223.7172,0.388010,14.140307,msg_app|downup50|blur
145,224.1611,0.335502,13.496917,jpeg|blur|msg_app
146,224.5256,0.294495,11.836492,downup50|blur|jpeg
147,225.1571,0.268637,10.928434,blur|blur|blur
148,224.7513,0.383801,15.936552,msg_app|jpeg|jpeg
149,226.4995,0.489740,19.264652,crop|crop|blur
150,226.6140,0.250405,10.746309,msg_app|downup50|occlusion
151,225.6077,0.322208,13.390810,blur|jpeg|msg_app
152,225.2505,0.328592,13.508434,jpeg|jpeg|crop
153,224.3397,0.348025,13.550736,downup50|msg_app|msg_app
154,224.9047,0.450172,17.535562,blur|crop|blur
155,223.8092,0.366147,13.846464,jpeg|occlusion|crop
156,223.8068,0.301306,13.827916,downup50|msg_app|msg_app
157,223.3581,0.182094,9.481096,clean|crop|blur
158,222.9246,0.306587,13.271721,msg_app|blur|downup50
159,223.5767,0.337155,14.507841,downup50|jpeg|msg_app
160,192.1308,0.218231,10.902637,crop|clean|blur
161,236.8499,0.148937,7.975503,downup50|clean|msg_app
162,269.1496,0.381163,14.850439,msg_app|jpeg|crop
163,296.3257,0.386489,16.402764,crop|crop|blur
164,291.3338,0.473897,18.668641,jpeg|crop|blur
165,288.5498,0.308719,14.782136,blur|jpeg|crop
166,289.7786,0.306959,14.089187,blur|blur|crop
167,291.7931,0.337889,14.176852,crop|jpeg|blur
168,240.7018,0.248763,12.639903,blur|crop|blur
169,235.3096,0.413208,15.995637,occlusion|jpeg|msg_app
170,274.9608,0.246718,12.542240,clean|msg_app|occlusion
171,345.0782,0.306593,14.781442,crop|clean|jpeg
172,342.3929,0.189914,10.715516,downup50|occlusion|msg_app
173,342.1913,0.209693,11.263509,occlusion|blur|jpeg
174,341.4942,0.443311,17.250194,msg_app|blur|crop
175,335.9166,0.375009,16.538448,occlusion|jpeg|msg_app
176,335.8209,0.374431,16.757275,jpeg|downup50|crop
177,337.3202,0.170034,9.490813,blur|downup50|clean
178,335.9883,0.326650,13.940369,jpeg|msg_app|blur
179,333.2134,0.346407,14.789880,crop|msg_app|jpeg
180,332.0130,0.419570,15.467280,occlusion|msg_app|msg_app
181,333.9838,0.291280,12.695434,crop|downup50|downup50
182,332.2563,0.182325,10.542707,jpeg|jpeg|downup50
183,283.0749,0.445709,17.000702,msg_app|msg_app|crop
184,193.3115,0.322928,14.293836,jpeg|blur|msg_app
185,193.5564,0.283804,12.879647,downup50|crop|msg_app
186,191.6857,0.294236,13.440264,blur|occlusion|jpeg
187,195.4276,0.402119,16.485017,crop|crop|crop
188,193.4384,0.277495,12.642718,blur|crop|msg_app
189,194.4234,0.328826,13.908890,crop|blur|jpeg
190,192.1059,0.321323,13.443143,blur|occlusion|downup50
191,192.2658,0.081125,4.993586,downup50|downup50|clean
192,193.2745,0.222296,10.962961,jpeg|downup50|msg_app
193,190.2890,0.274943,12.609296,clean|crop|jpeg
194,191.4309,0.443524,15.425967,crop|crop|crop
195,193.1824,0.152191,7.861419,crop|occlusion|jpeg
196,191.2919,0.423994,16.344107,crop|blur|blur
197,195.5104,0.265525,12.196721,blur|clean|blur
198,189.7240,0.448655,15.659528,msg_app|msg_app|blur
199,195.3955,0.188747,10.124097,downup50|clean|crop
200,193.5404,0.199397,10.137931,occlusion|jpeg|msg_app
201,191.3652,0.410891,16.265316,jpeg|msg_app|jpeg
202,191.8299,0.166278,9.810294,blur|crop|occlusion
203,193.3226,0.357312,16.262628,crop|clean|msg_app
204,193.3700,0.315565,12.153428,blur|blur|blur
205,196.0059,0.337485,15.434723,blur|downup50|blur
206,193.9909,0.131982,7.659301,clean|downup50|jpeg
207,195.4482,0.261643,12.456580,crop|downup50|jpeg
208,192.1851,0.360478,14.544855,blur|crop|msg_app
209,191.9287,0.246917,12.374124,crop|downup50|msg_app
210,196.8104,0.227591,11.219966,blur|jpeg|downup50
211,193.6723,0.366524,16.145670,blur|msg_app|downup50
212,196.4351,0.282738,15.012149,blur|crop|occlusion
213,193.1057,0.337395,14.828570,msg_app|crop|occlusion
214,194.1757,0.248409,13.256405,clean|downup50|crop
215,194.9695,0.244134,12.804483,msg_app|jpeg|jpeg
216,192.1682,0.312320,12.494409,crop|msg_app|downup50
217,195.2827,0.311328,15.155560,crop|msg_app|jpeg
218,192.2466,0.283717,13.889829,msg_app|blur|msg_app
219,196.7106,0.426413,16.591720,downup50|crop|crop
220,192.7118,0.443400,18.735813,jpeg|jpeg|msg_app
221,195.6923,0.266896,12.573576,downup50|msg_app|occlusion
222,193.2913,0.134485,8.817853,clean|clean|crop
223,191.9007,0.178529,11.562513,jpeg|occlusion|clean
224,192.8234,0.280272,13.544637,msg_app|jpeg|downup50
225,192.4985,0.413653,16.434846,crop|crop|crop
226,191.2909,0.219913,11.383461,crop|jpeg|occlusion
227,195.4337,0.110277,7.498753,jpeg|occlusion|clean
228,191.6192,0.137724,8.793561,clean|clean|blur
229,194.3908,0.567005,20.473584,crop|blur|msg_app
230,191.4133,0.297347,12.586115,crop|crop|msg_app
231,191.5694,0.162999,9.661561,jpeg|downup50|clean
232,193.7738,0.286203,13.874537,msg_app|msg_app|msg_app
233,189.5928,0.232769,11.847155,jpeg|downup50|crop
234,193.8232,0.356609,15.181066,jpeg|msg_app|blur
235,192.5729,0.359229,16.086478,crop|msg_app|jpeg
236,192.6291,0.340120,17.603526,occlusion|jpeg|msg_app
237,194.2792,0.245970,11.967318,clean|blur|crop
238,192.0573,0.194048,10.931588,jpeg|downup50|occlusion
239,197.1671,0.318979,13.296742,downup50|blur|blur
240,191.4943,0.384549,16.128645,msg_app|jpeg|msg_app
241,190.5673,0.218774,11.097562,jpeg|occlusion|blur
242,194.1176,0.206441,12.363341,occlusion|occlusion|msg_app
243,191.5343,0.157683,7.854470,downup50|downup50|blur
244,316.3251,0.223729,11.694552,crop|jpeg|downup50
245,344.4911,0.413051,16.911222,msg_app|msg_app|downup50
246,346.4394,0.302436,13.474618,jpeg|crop|msg_app
247,349.3823,0.373272,19.628569,jpeg|msg_app|blur
248,350.4600,0.195878,9.973488,occlusion|jpeg|occlusion
249,343.3161,0.190205,11.474041,jpeg|downup50|msg_app
250,346.2652,0.204047,11.392245,crop|blur|blur
251,314.6201,0.056446,3.915853,downup50|clean|occlusion
252,309.4144,0.323454,15.092210,msg_app|downup50|msg_app
253,311.5395,0.379521,16.644603,crop|crop|msg_app
254,329.1187,0.266507,13.512368,msg_app|msg_app|downup50
255,304.9013,0.414329,17.282824,msg_app|jpeg|crop
256,302.7534,0.290539,14.243144,msg_app|msg_app|crop
257,299.5795,0.077967,6.096003,downup50|occlusion|occlusion
258,328.5151,0.265208,13.610421,crop|msg_app|clean
259,326.6901,0.303463,11.277319,occlusion|msg_app|downup50
260,318.5189,0.260677,13.266454,crop|blur|crop
261,282.0608,0.271297,13.399653,msg_app|blur|downup50
262,271.8625,0.314964,17.462746,blur|clean|downup50
263,270.9494,0.123223,8.968292,downup50|crop|clean
264,273.9970,0.173771,10.019980,occlusion|crop|crop
265,276.2890,0.260979,14.505177,jpeg|occlusion|crop
266,272.7392,0.215231,11.798489,jpeg|crop|occlusion
267,271.2635,0.240396,14.088539,crop|clean|blur
268,287.2147,0.258729,13.457464,msg_app|crop|downup50
269,313.1852,0.184417,10.749885,jpeg|jpeg|occlusion
270,326.2253,0.294397,14.973230,msg_app|blur|downup50
271,316.7521,0.200678,10.219070,blur|msg_app|clean
272,308.9535,0.315890,14.409211,crop|crop|blur
273,310.8574,0.088550,7.007710,blur|downup50|jpeg
274,316.3185,0.265308,14.247817,occlusion|clean|crop
275,318.9037,0.258274,14.762618,crop|jpeg|msg_app
276,307.6469,0.177788,11.721400,jpeg|occlusion|blur
277,309.6587,0.308729,14.676269,crop|crop|msg_app
278,292.9558,0.060709,4.097028,blur|downup50|downup50
279,284.2525,0.131441,9.443757,clean|occlusion|crop
280,281.3522,0.163813,10.089072,msg_app|occlusion|downup50
281,283.7688,0.243681,14.102738,clean|downup50|msg_app
282,285.6821,0.131125,9.582775,clean|blur|downup50
283,291.3102,0.276954,14.170794,msg_app|jpeg|jpeg
284,291.9975,0.249868,14.107309,crop|jpeg|clean
285,296.3810,0.163606,10.613092,msg_app|occlusion|msg_app
286,294.5966,0.282471,14.191000,jpeg|msg_app|clean
287,293.5558,0.216486,12.213815,blur|msg_app|crop
288,283.9482,0.208075,12.466118,msg_app|clean|blur
289,278.6926,0.224466,13.595713,crop|blur|crop
290,278.8375,0.178125,10.400027,downup50|blur|jpeg
291,279.2019,0.269096,14.817399,downup50|msg_app|msg_app
292,290.4656,0.206573,11.470984,jpeg|blur|jpeg
293,286.2827,0.372410,17.502054,msg_app|msg_app|msg_app
294,192.5828,0.277549,15.074836,crop|clean|blur
295,113.1479,0.243025,13.405485,jpeg|occlusion|msg_app
296,116.2463,0.318900,17.507076,jpeg|crop|msg_app
297,114.2836,0.260205,14.634243,blur|blur|msg_app
298,112.5523,0.215080,12.876922,blur|jpeg|jpeg
299,115.0292,0.402778,18.662134,msg_app|crop|msg_app
300,111.2015,0.155226,10.378275,jpeg|clean|jpeg
301,112.3764,0.254184,14.332333,crop|blur|msg_app
302,110.8340,0.204552,13.201658,downup50|jpeg|blur
303,149.2186,0.263985,13.988494,msg_app|occlusion|jpeg
304,232.3328,0.260025,12.097373,occlusion|crop|msg_app
305,226.4894,0.229342,13.957843,msg_app|jpeg|downup50
306,230.0468,0.416063,19.956360,crop|crop|occlusion
307,230.4746,0.184490,11.058918,blur|occlusion|crop
308,229.1603,0.201709,12.059780,jpeg|blur|crop
309,232.2198,0.366938,15.240828,jpeg|blur|clean
310,233.5712,0.158064,10.233667,crop|clean|jpeg
311,231.7609,0.219780,12.536882,blur|clean|crop
312,231.9062,0.369805,18.618064,msg_app|msg_app|crop
313,232.1061,0.327691,14.243102,msg_app|crop|blur
314,232.5683,0.264680,15.430777,jpeg|jpeg|blur
315,233.8488,0.125741,9.784369,clean|downup50|crop
316,233.3591,0.377913,16.926488,blur|msg_app|blur
317,235.1762,0.283464,13.893272,msg_app|clean|downup50
318,232.0800,0.385904,15.763121,msg_app|crop|blur
319,231.6422,0.212118,10.394948,jpeg|blur|clean
320,225.4048,0.199012,10.467145,msg_app|downup50|blur
321,226.4878,0.231958,11.898539,crop|jpeg|blur
322,226.5128,0.112660,7.358106,crop|clean|occlusion
323,229.2363,0.215835,11.212471,jpeg|msg_app|jpeg
324,224.4455,0.333049,15.265723,msg_app|blur|downup50
325,220.6161,0.198447,10.231981,blur|downup50|msg_app
326,219.3042,0.133962,9.253856,blur|occlusion|blur
327,218.3660,0.198705,11.531621,crop|jpeg|msg_app
328,222.2465,0.327558,15.591584,msg_app|crop|blur
329,219.6765,0.124874,8.525796,occlusion|blur|crop
330,220.0061,0.319038,13.690491,occlusion|msg_app|msg_app
331,219.9121,0.270553,13.955837,clean|crop|msg_app
332,221.7299,0.407274,14.846654,crop|clean|blur
333,221.5744,0.327344,15.077676,msg_app|blur|crop
334,221.7288,0.105279,7.591361,jpeg|clean|blur
335,222.4192,0.322005,14.520383,msg_app|clean|crop
336,222.1178,0.246973,12.520398,downup50|crop|clean
337,222.5817,0.215326,11.901996,msg_app|jpeg|jpeg
338,223.0573,0.429179,18.252798,blur|msg_app|crop
339,223.3400,0.347062,15.216018,crop|clean|crop
340,221.3077,0.117501,8.368247,clean|clean|blur
341,223.0381,0.050913,4.003725,downup50|clean|occlusion
342,221.2091,0.042347,4.438758,downup50|clean|occlusion
343,219.2244,0.213062,12.296688,blur|msg_app|jpeg
344,218.5017,0.178182,9.965418,clean|msg_app|crop
345,218.3984,0.103407,6.971706,crop|downup50|downup50
346,217.6316,0.160748,10.554325,jpeg|blur|jpeg
347,217.5053,0.285805,13.116614,blur|msg_app|jpeg
348,216.8081,0.258288,13.668184,crop|crop|crop
349,217.6724,0.228371,12.246058,blur|msg_app|jpeg
350,216.9396,0.064521,5.863673,clean|downup50|clean
351,216.9918,0.204919,11.092328,crop|blur|blur
352,217.5413,0.114718,8.441252,blur|jpeg|downup50
353,217.9176,0.287584,13.947314,crop|jpeg|jpeg
354,217.7343,0.322789,15.280245,crop|msg_app|jpeg
355,217.6267,0.281102,14.138832,msg_app|crop|occlusion
356,216.6793,0.094683,6.977078,clean|msg_app|clean
357,217.3541,0.303010,13.375344,crop|msg_app|crop
358,217.8741,0.173540,9.874937,occlusion|occlusion|msg_app
359,216.8366,0.248252,11.936994,crop|msg_app|jpeg
360,216.7778,0.194643,10.008690,downup50|msg_app|msg_app
361,218.2258,0.191480,10.871226,downup50|msg_app|jpeg
362,217.8317,0.269273,15.437435,msg_app|crop|downup50
363,219.2434,0.228048,12.549301,msg_app|blur|downup50
364,219.2199,0.438543,15.643892,crop|msg_app|jpeg
365,220.1253,0.359000,15.407142,crop|crop|msg_app
366,221.1157,0.170602,9.804876,jpeg|occlusion|crop
367,221.7259,0.441796,18.233844,msg_app|crop|msg_app
368,220.6412,0.116618,8.459131,clean|downup50|crop
369,223.6108,0.254851,12.912810,msg_app|crop|jpeg
370,222.3575,0.079533,5.959593,clean|blur|clean
371,224.8104,0.222663,12.539001,downup50|msg_app|crop
372,223.8470,0.047621,4.121444,clean|blur|downup50
373,223.1942,0.151503,10.774595,clean|msg_app|crop
374,223.7818,0.213018,11.667349,msg_app|msg_app|downup50
375,222.6165,0.111974,7.097628,clean|downup50|jpeg
376,225.0390,0.374086,17.636268,crop|msg_app|jpeg
377,223.5224,0.222186,12.230125,blur|crop|msg_app
378,224.4047,0.180681,10.386870,blur|blur|msg_app
379,222.6811,0.231701,11.248573,crop|downup50|msg_app
380,221.9471,0.377037,17.330608,crop|blur|occlusion
381,221.5021,0.314129,13.512541,msg_app|occlusion|clean
382,220.5519,0.136991,8.577680,blur|clean|msg_app
383,218.0059,0.064052,5.464915,occlusion|clean|downup50
384,218.2859,0.071624,5.037208,msg_app|blur|occlusion
385,217.3075,0.179155,11.486219,msg_app|blur|jpeg
386,219.6028,0.283872,13.347173,clean|msg_app|crop
387,218.6182,0.136950,9.359401,clean|blur|crop
388,218.0630,0.099788,8.375856,blur|clean|downup50
389,219.1385,0.225438,12.059637,blur|blur|clean
390,218.9505,0.289274,13.749957,blur|msg_app|crop
391,218.5362,0.261092,15.187256,jpeg|occlusion|blur
392,218.3375,0.266255,16.605803,downup50|occlusion|crop
393,218.9560,0.379020,18.915283,msg_app|jpeg|msg_app
394,217.8971,0.124023,9.828530,occlusion|occlusion|msg_app
395,220.0961,0.117165,8.877001,crop|occlusion|downup50
396,221.2941,0.444445,21.634119,crop|blur|msg_app
397,220.8593,0.159110,11.012394,clean|crop|crop
398,221.3438,0.162776,11.861064,msg_app|clean|occlusion
399,219.3080,0.091151,7.116490,crop|blur|occlusion
400,219.2574,0.139707,10.409409,clean|blur|crop
401,218.8394,0.343811,16.438313,msg_app|msg_app|crop
402,216.9959,0.153838,10.641276,msg_app|downup50|jpeg
403,216.9093,0.280717,15.800011,downup50|crop|crop
404,216.2629,0.189254,10.741618,msg_app|crop|jpeg
405,217.7169,0.233966,12.957840,blur|msg_app|crop
406,216.7322,0.225123,14.192167,clean|crop|jpeg
407,216.1226,0.195416,11.851943,msg_app|blur|blur
408,215.6433,0.138661,10.770181,clean|jpeg|crop
409,216.4318,0.208450,12.333578,crop|occlusion|downup50
410,216.3163,0.137475,10.147654,clean|crop|blur
411,217.6632,0.534745,24.283755,crop|msg_app|blur
412,217.6250,0.140023,8.281840,jpeg|msg_app|crop
413,216.8062,0.092400,6.400211,blur|jpeg|clean
414,217.2882,0.110971,8.758975,crop|blur|occlusion
415,216.7957,0.200236,10.746189,msg_app|jpeg|downup50
416,218.1700,0.229799,13.328816,crop|clean|blur
417,219.0520,0.091315,6.997454,jpeg|blur|jpeg
418,217.9214,0.342904,13.943121,crop|crop|clean
419,218.8683,0.050949,5.979042,occlusion|clean|clean
420,220.6444,0.262432,15.350256,crop|downup50|msg_app
421,218.6545,0.134915,9.283627,downup50|crop|clean
422,219.2451,0.163178,10.780705,occlusion|crop|msg_app
423,221.9385,0.232302,14.065616,occlusion|msg_app|crop
424,220.1692,0.185919,11.234372,jpeg|msg_app|blur
425,220.1891,0.179772,11.418701,msg_app|jpeg|blur
426,221.0988,0.154971,10.287005,crop|downup50|msg_app
427,220.1032,0.113567,9.270621,clean|msg_app|clean
428,223.4967,0.109099,9.045427,blur|blur|downup50
429,221.6989,0.115357,9.360861,blur|msg_app|jpeg
430,223.8380,0.212083,12.027597,blur|msg_app|downup50
431,223.2167,0.178175,12.301476,occlusion|crop|blur
432,222.5622,0.084935,6.751016,clean|occlusion|blur
433,223.5039,0.088307,8.415622,jpeg|blur|clean
434,222.9053,0.103082,8.643439,crop|occlusion|clean
435,222.3169,0.151380,10.737558,downup50|blur|msg_app
436,220.5383,0.309298,18.214947,msg_app|msg_app|msg_app
437,219.3743,0.405881,20.440722,crop|blur|msg_app
438,218.4515,0.080054,8.085474,downup50|clean|jpeg
439,219.4993,0.153670,11.317806,crop|clean|jpeg
440,217.8297,0.294955,15.632652,crop|msg_app|crop
441,218.5577,0.123994,8.789594,blur|blur|crop
442,216.6128,0.272287,15.117825,jpeg|crop|crop
443,217.2179,0.138568,11.447843,clean|clean|crop
444,217.6214,0.036968,3.010089,clean|downup50|downup50
445,216.2949,0.352666,16.834978,crop|crop|clean
446,218.1670,0.179796,11.385620,clean|occlusion|crop
447,218.5072,0.285763,14.528200,clean|blur|blur
448,216.5759,0.171170,11.340559,crop|msg_app|occlusion
449,217.7958,0.156371,9.872059,crop|crop|jpeg
450,217.7439,0.275692,13.552636,crop|downup50|crop
451,217.3110,0.112385,8.582703,blur|clean|downup50
452,218.8023,0.330445,17.495295,msg_app|crop|blur
453,217.6317,0.078818,6.199281,clean|blur|clean
454,219.6177,0.305340,14.034735,crop|jpeg|jpeg
455,218.6874,0.287182,13.788298,downup50|jpeg|msg_app
456,221.2483,0.304913,14.661037,blur|crop|jpeg
457,224.1569,0.353591,15.850792,msg_app|crop|downup50
458,221.7817,0.220477,12.647200,occlusion|msg_app|msg_app
459,224.1235,0.215671,13.181570,jpeg|clean|msg_app
460,221.3796,0.154069,10.289485,msg_app|occlusion|clean
461,223.6450,0.255802,12.081863,msg_app|crop|blur
462,221.0506,0.215550,12.031091,occlusion|crop|occlusion
463,222.3585,0.123550,9.145561,clean|downup50|jpeg
464,220.9940,0.226074,14.001258,msg_app|occlusion|msg_app
465,221.8010,0.147303,9.494041,occlusion|jpeg|crop
466,221.8889,0.034509,2.549331,blur|blur|occlusion
467,221.6195,0.153105,9.176468,blur|occlusion|crop
468,220.7117,0.111871,7.678400,msg_app|occlusion|clean
469,217.8762,0.126708,7.983079,blur|occlusion|msg_app
470,217.3646,0.316011,14.341769,msg_app|crop|crop
471,217.1321,0.180062,11.441655,jpeg|occlusion|crop
472,216.8743,0.134973,9.484008,blur|msg_app|downup50
473,217.2884,0.231920,11.191968,msg_app|jpeg|occlusion
474,216.4120,0.164491,9.567103,msg_app|occlusion|downup50
475,217.0394,0.223405,12.698282,msg_app|msg_app|occlusion
476,217.3516,0.307854,14.173919,blur|crop|blur
477,216.1664,0.103345,8.540418,downup50|occlusion|msg_app
478,217.8751,0.207100,11.167077,crop|occlusion|blur
479,217.2676,0.315440,15.196606,crop|occlusion|crop
480,217.8168,0.135207,9.394842,crop|clean|blur
481,222.6773,0.074184,5.409147,downup50|clean|blur
482,222.7770,0.144133,10.413494,occlusion|clean|msg_app
483,225.8545,0.081818,6.626866,crop|msg_app|clean
484,253.4671,0.037359,3.071111,downup50|occlusion|blur
485,351.9521,0.081915,7.215423,downup50|clean|jpeg
486,343.5634,0.152386,9.923688,jpeg|jpeg|blur
487,342.8840,0.219266,11.640633,downup50|crop|clean
488,337.2229,0.050890,4.206743,occlusion|jpeg|blur
489,326.1410,0.112555,8.191045,crop|downup50|downup50
490,333.6807,0.032008,3.203766,clean|blur|occlusion
491,351.8645,0.162695,11.177887,clean|downup50|msg_app
492,330.2631,0.114439,8.429071,blur|occlusion|crop
493,327.3257,0.530037,19.306557,jpeg|crop|msg_app
494,310.1768,0.170006,11.780756,downup50|crop|blur
495,287.5522,0.093669,7.461398,occlusion|msg_app|clean
496,296.8714,0.318745,15.751807,msg_app|msg_app|jpeg
497,286.3500,0.094171,8.774385,jpeg|jpeg|clean
498,289.3885,0.177308,11.051439,crop|occlusion|blur
499,295.6004,0.076056,6.169462,clean|jpeg|blur
500,291.1630,0.080971,6.663738,msg_app|blur|downup50
501,291.6095,0.270294,13.839166,occlusion|crop|msg_app
502,292.3831,0.158070,11.724905,blur|occlusion|msg_app
503,334.2159,0.231792,13.087975,crop|clean|blur
504,332.4144,0.152086,11.960321,clean|clean|clean
505,294.4298,0.107413,8.494218,blur|msg_app|clean
506,306.9795,0.231826,13.846954,crop|crop|occlusion
507,294.7860,0.219205,12.533287,blur|crop|occlusion
508,229.9364,0.245854,12.171093,blur|blur|msg_app
509,229.7743,0.156082,10.314313,jpeg|jpeg|occlusion
510,229.4944,0.230339,12.723779,jpeg|crop|clean
511,229.6735,0.014966,1.298241,downup50|occlusion|occlusion
512,226.2601,0.029140,2.516842,clean|clean|blur
513,225.7583,0.101429,7.909579,crop|blur|downup50
514,226.8793,0.295003,14.832978,crop|crop|crop
515,225.1253,0.158905,10.065330,msg_app|crop|occlusion
516,226.3153,0.214022,11.708800,downup50|msg_app|downup50
517,223.8425,0.144329,9.175032,crop|occlusion|clean
518,223.9166,0.145564,8.802148,msg_app|downup50|jpeg
519,222.3205,0.101076,7.605718,occlusion|downup50|crop
520,222.9795,0.353377,17.889574,jpeg|blur|crop
521,223.6726,0.155963,10.865382,crop|occlusion|clean
522,223.2940,0.148196,9.613402,occlusion|downup50|crop
523,231.1623,0.218473,12.665230,msg_app|msg_app|jpeg
524,232.5867,0.097072,6.782449,clean|crop|downup50
525,232.5595,0.372149,17.228639,occlusion|jpeg|msg_app
526,229.4280,0.086850,6.745036,occlusion|crop|occlusion
527,236.9114,0.204080,12.847162,blur|blur|jpeg
528,238.6986,0.180083,10.852184,jpeg|crop|crop
529,257.6923,0.148027,9.743229,jpeg|jpeg|crop
530,308.2546,0.097229,8.303798,clean|occlusion|blur
531,287.2904,0.298686,16.286747,crop|msg_app|jpeg
532,282.3269,0.133985,8.592247,msg_app|downup50|downup50
533,283.9350,0.405892,17.472308,crop|msg_app|msg_app
534,282.7734,0.103710,7.506686,crop|occlusion|msg_app
535,286.9566,0.089115,7.052725,crop|blur|occlusion
536,293.1937,0.113035,8.982441,msg_app|downup50|blur
537,290.3250,0.203394,11.888101,msg_app|jpeg|jpeg
538,286.9655,0.197452,11.797809,msg_app|jpeg|blur
539,286.9635,0.165304,11.170473,clean|msg_app|occlusion
540,288.6080,0.353338,16.663283,msg_app|msg_app|jpeg
541,300.0780,0.279832,13.978424,msg_app|jpeg|clean
542,293.4075,0.111590,8.154499,clean|crop|msg_app
543,295.6057,0.041280,4.284409,jpeg|downup50|clean
544,299.0451,0.088596,6.568043,blur|crop|blur
545,290.9814,0.312855,15.470751,crop|jpeg|downup50
546,288.8495,0.157116,12.586726,jpeg|blur|jpeg
547,292.7399,0.186796,11.001880,clean|msg_app|msg_app
548,307.6813,0.034648,4.126586,downup50|downup50|downup50
549,260.2258,0.497046,21.327460,jpeg|crop|crop
550,236.4297,0.024216,2.372987,blur|downup50|downup50
551,231.0463,0.102514,9.130171,occlusion|downup50|crop
552,224.3394,0.055717,5.274575,occlusion|msg_app|jpeg
553,225.3030,0.148715,11.307110,occlusion|crop|blur
554,223.2654,0.255871,12.994558,downup50|jpeg|crop
555,229.1347,0.198815,12.747262,msg_app|downup50|occlusion
556,223.5353,0.418123,19.875414,msg_app|msg_app|msg_app
557,224.5857,0.116432,8.921019,crop|clean|occlusion
558,223.7743,0.036641,2.672136,blur|clean|msg_app
559,224.1543,0.185054,13.920035,crop|occlusion|occlusion
560,224.0852,0.230617,13.023886,blur|occlusion|crop
561,224.2301,0.258885,13.817594,crop|msg_app|jpeg
562,223.1188,0.034143,3.547031,clean|crop|clean
563,224.7819,0.214771,12.051633,crop|jpeg|crop
564,223.5215,0.053915,4.935525,jpeg|clean|occlusion
565,223.4541,0.034365,3.161940,crop|clean|blur
566,220.9914,0.144859,10.055446,msg_app|crop|occlusion
567,222.2238,0.044565,4.633108,downup50|downup50|msg_app
568,221.3212,0.228267,13.229360,jpeg|jpeg|msg_app
569,221.0719,0.119726,9.057471,jpeg|occlusion|crop
570,220.1053,0.091270,7.004978,jpeg|downup50|crop
571,220.4476,0.174884,8.089957,blur|blur|crop
572,216.4187,0.145316,11.091922,clean|jpeg|crop
573,217.6534,0.165618,10.148075,occlusion|blur|msg_app
574,222.8095,0.110987,8.207915,blur|clean|jpeg
575,232.9664,0.091776,7.389625,occlusion|jpeg|downup50
576,227.4441,0.177369,11.113377,msg_app|msg_app|msg_app
577,223.0633,0.238812,11.196388,blur|msg_app|jpeg
578,224.2172,0.063086,5.951064,crop|occlusion|clean
579,237.4796,0.143408,9.525591,occlusion|downup50|crop
580,288.1298,0.210863,11.971470,msg_app|downup50|crop
581,288.0810,0.242550,12.362037,blur|crop|msg_app
582,285.7301,0.250920,12.240168,crop|blur|crop
583,286.3744,0.346998,16.013386,clean|crop|msg_app
584,283.7429,0.382070,16.730678,crop|crop|occlusion
585,281.0557,0.041026,3.910131,occlusion|blur|clean
586,281.2754,0.279017,13.015056,crop|msg_app|crop
587,286.0419,0.072730,6.584638,occlusion|crop|occlusion
588,299.1555,0.140692,10.005108,blur|crop|jpeg
589,288.6770,0.202580,11.167299,msg_app|crop|crop
590,299.5516,0.185406,11.524578,jpeg|crop|occlusion
591,287.9054,0.080673,7.170279,blur|blur|occlusion
592,283.3308,0.139925,8.821023,crop|blur|downup50
593,283.0621,0.186119,10.612226,msg_app|crop|jpeg
594,294.2687,0.131425,10.329349,clean|downup50|msg_app
595,302.1026,0.088831,6.568164,blur|clean|msg_app
596,292.5376,0.066250,4.969600,blur|occlusion|occlusion
597,288.2008,0.230718,11.089348,crop|clean|jpeg
598,265.4346,0.288621,12.776096,crop|jpeg|crop
599,222.2518,0.174849,9.788655,crop|clean|msg_app
600,221.3654,0.211020,11.468175,crop|blur|crop
601,224.6298,0.159018,9.362964,msg_app|crop|downup50
602,227.9505,0.089207,5.671344,msg_app|crop|downup50
603,224.6379,0.083978,6.782304,jpeg|clean|blur
604,223.5737,0.152905,9.392459,clean|jpeg|crop
605,222.7200,0.021103,2.138986,clean|clean|blur
606,222.7570,0.180926,8.904812,clean|msg_app|crop
607,225.4981,0.078515,6.611959,crop|occlusion|clean
608,222.8390,0.284011,11.176522,blur|clean|crop
609,230.4057,0.094214,6.510986,crop|clean|msg_app
610,236.5585,0.042033,3.331746,blur|clean|occlusion
611,234.8922,0.053000,4.502534,downup50|jpeg|clean
612,230.6475,0.170638,8.288335,jpeg|jpeg|msg_app
613,226.3848,0.106461,8.082990,blur|crop|downup50
614,224.4040,0.241783,14.337361,clean|crop|clean
615,231.6154,0.083331,5.909458,downup50|blur|downup50
616,224.4773,0.170259,10.339350,crop|clean|occlusion
617,231.1121,0.232345,12.997770,msg_app|clean|blur
618,233.6360,0.173306,8.945369,jpeg|msg_app|downup50
619,237.9728,0.036378,3.951811,downup50|occlusion|downup50
620,245.0853,0.107258,8.562606,jpeg|downup50|crop
621,234.5035,0.277692,13.428946,crop|blur|jpeg
622,232.5456,0.234020,10.864058,occlusion|msg_app|msg_app
623,229.3232,0.263697,12.380618,crop|crop|jpeg
624,228.3369,0.077761,6.790494,crop|downup50|downup50
625,226.2775,0.300845,12.280720,crop|crop|occlusion
626,229.4776,0.060137,4.786933,blur|msg_app|clean
627,229.2343,0.092654,6.796210,clean|msg_app|jpeg
628,225.8485,0.246845,11.776975,jpeg|crop|jpeg
629,223.1468,0.054405,5.016969,downup50|occlusion|jpeg
630,222.9959,0.108997,7.699793,clean|msg_app|jpeg
631,221.1854,0.133981,8.088912,blur|downup50|crop
632,222.0185,0.234622,11.464128,jpeg|jpeg|msg_app
633,223.0280,0.239314,11.490636,jpeg|crop|crop
634,224.8630,0.159368,8.667280,crop|jpeg|crop
635,224.2015,0.050859,4.367937,clean|downup50|blur
636,222.7233,0.460790,14.012813,crop|crop|crop
637,223.8943,0.097688,7.387030,clean|downup50|crop
638,222.4115,0.224308,9.629739,msg_app|crop|msg_app
639,225.3882,0.327690,13.577811,msg_app|occlusion|msg_app
640,222.5114,0.158511,11.349288,clean|occlusion|msg_app
641,222.5317,0.090621,6.576369,jpeg|crop|clean
642,220.6912,0.103179,6.852293,downup50|msg_app|clean
643,221.3259,0.042692,4.909467,occlusion|clean|occlusion
644,221.1975,0.251068,10.909724,crop|jpeg|jpeg
645,222.0966,0.119085,8.062368,crop|downup50|clean
646,220.4340,0.099517,7.504408,msg_app|occlusion|downup50
647,222.2064,0.258396,12.603863,msg_app|msg_app|msg_app
648,222.1143,0.193150,10.132515,crop|clean|blur
649,221.4503,0.155251,8.877772,occlusion|blur|crop
650,220.7762,0.106945,8.058436,jpeg|downup50|msg_app
651,219.5792,0.059365,4.541341,blur|crop|clean
652,222.4955,0.139355,8.036442,clean|blur|msg_app
653,221.7539,0.027601,2.092800,jpeg|downup50|blur
654,220.9371,0.121648,9.528933,clean|blur|blur
655,223.2142,0.260352,11.419820,crop|downup50|msg_app
656,226.1280,0.024052,2.381629,downup50|downup50|blur
657,224.1215,0.109169,7.322111,blur|clean|crop
658,227.7584,0.019340,2.320530,clean|occlusion|clean
659,241.0063,0.099069,7.733112,crop|downup50|jpeg
660,235.3901,0.117725,9.047330,occlusion|msg_app|crop
661,238.2659,0.206387,11.352303,downup50|msg_app|jpeg
662,261.1559,0.103046,8.319821,msg_app|clean|downup50
663,261.7567,0.151571,9.404323,crop|jpeg|blur
664,266.6124,0.060009,5.308156,blur|jpeg|blur
665,258.2531,0.271284,13.076266,crop|crop|jpeg
666,264.9222,0.045152,5.175455,downup50|msg_app|occlusion
667,279.1091,0.121844,9.086766,clean|msg_app|crop
668,305.7712,0.137800,10.320655,crop|clean|occlusion
669,298.7662,0.102129,7.891562,blur|clean|crop
670,293.4012,0.012147,1.443787,occlusion|clean|occlusion
671,294.8344,0.139911,11.422396,crop|clean|blur
672,283.7264,0.122995,9.557609,occlusion|crop|crop
673,284.1893,0.238847,13.601219,crop|crop|clean
674,286.7584,0.103889,8.476439,jpeg|crop|downup50
675,283.8382,0.119851,9.412553,msg_app|occlusion|msg_app
676,289.1400,0.041929,4.834471,downup50|occlusion|crop
677,294.5143,0.011735,1.451674,occlusion|clean|occlusion
678,298.8290,0.277669,13.979448,clean|msg_app|msg_app
679,284.7440,0.447350,19.215133,msg_app|crop|msg_app
680,248.4962,0.085854,6.983113,jpeg|clean|clean
681,243.7389,0.183805,10.983929,crop|msg_app|jpeg
682,247.5886,0.202303,13.031545,crop|jpeg|crop
683,243.5794,0.416268,15.475685,crop|downup50|crop
684,238.8034,0.122356,8.384571,downup50|blur|crop
685,237.3456,0.047651,4.597270,clean|crop|jpeg
686,240.0571,0.242913,10.579489,crop|occlusion|clean
687,239.6691,0.089728,6.392978,blur|msg_app|occlusion
688,239.4143,0.283568,15.554802,jpeg|crop|clean
689,236.3356,0.184536,11.077165,jpeg|blur|crop
690,273.1891,0.025684,3.209016,downup50|jpeg|downup50
691,293.8806,0.086467,7.590416,blur|jpeg|occlusion
692,289.6529,0.177078,12.962340,downup50|blur|downup50
693,231.1239,0.207224,13.485935,crop|msg_app|jpeg
694,229.8644,0.175340,10.597217,crop|occlusion|msg_app
695,230.5236,0.173191,9.855246,crop|clean|crop
696,229.1407,0.192787,10.528818,downup50|msg_app|blur
697,249.8024,0.143117,11.241160,jpeg|clean|occlusion
698,285.7828,0.119186,8.387494,clean|jpeg|jpeg
699,285.7062,0.276893,12.481786,crop|msg_app|crop
700,218.3825,0.025549,2.656447,jpeg|downup50|clean
701,216.5863,0.108990,8.075757,msg_app|downup50|downup50
702,217.8286,0.156421,9.573819,blur|crop|msg_app
703,217.3641,0.161134,10.008610,clean|clean|crop
704,217.1884,0.067550,5.654259,msg_app|downup50|clean
705,218.3095,0.236169,11.900724,jpeg|jpeg|jpeg
706,216.2851,0.176863,9.487025,crop|msg_app|msg_app
707,216.5142,0.118322,9.248651,jpeg|occlusion|blur
708,216.1435,0.054722,5.273177,clean|occlusion|crop
709,215.2547,0.262306,12.982558,blur|downup50|jpeg
710,215.6176,0.133662,8.385166,crop|blur|crop
711,215.7828,0.067164,6.037327,occlusion|downup50|blur
712,214.5741,0.139073,8.825237,downup50|crop|msg_app
713,215.2716,0.082607,5.280955,jpeg|clean|msg_app
714,214.5488,0.068751,6.348495,jpeg|clean|jpeg
715,214.5667,0.069264,5.189373,jpeg|blur|jpeg
716,214.9179,0.133687,9.176862,blur|msg_app|occlusion
717,215.6298,0.133677,8.610768,jpeg|jpeg|blur
718,214.5005,0.016344,2.225814,occlusion|clean|clean
719,215.4310,0.062574,5.513842,occlusion|jpeg|clean
720,215.1819,0.029660,2.540882,blur|clean|downup50
721,216.2566,0.145028,9.355688,jpeg|blur|msg_app
722,215.3860,0.255787,12.845355,msg_app|crop|occlusion
723,215.5263,0.127446,8.221828,downup50|blur|crop
724,215.6140,0.136602,9.706266,msg_app|jpeg|clean
725,214.8420,0.146071,11.087318,clean|crop|clean
726,216.3139,0.071165,6.675996,blur|jpeg|blur
727,214.8893,0.132516,10.080249,blur|clean|crop
728,216.4241,0.026796,2.763476,msg_app|occlusion|occlusion
729,215.2000,0.303070,11.593471,crop|blur|occlusion
730,216.1176,0.080042,7.770931,clean|occlusion|jpeg
731,216.5414,0.039409,3.984490,msg_app|downup50|occlusion
732,216.0332,0.070215,6.702644,msg_app|blur|downup50
733,216.4645,0.097656,7.840789,jpeg|blur|crop
734,216.0728,0.029305,3.836863,occlusion|jpeg|clean
735,216.1991,0.123300,9.546779,msg_app|crop|downup50
736,215.6451,0.182570,11.886146,blur|msg_app|crop
737,217.3143,0.138388,11.449509,jpeg|occlusion|jpeg
738,217.1815,0.105646,8.081201,crop|jpeg|msg_app
739,218.2720,0.076293,7.275349,blur|clean|occlusion
740,222.2807,0.104969,10.120998,jpeg|blur|blur
741,219.3065,0.041872,4.940332,downup50|occlusion|msg_app
742,221.8304,0.099763,9.419375,blur|crop|downup50
743,221.4089,0.142182,10.340399,clean|jpeg|crop
744,223.0272,0.147608,11.954799,jpeg|msg_app|blur
745,223.6464,0.207447,12.525046,crop|clean|crop
746,222.4601,0.031040,4.009644,downup50|jpeg|jpeg
747,225.6249,0.226567,15.324102,crop|crop|crop
748,223.1639,0.290287,13.988207,jpeg|crop|msg_app
749,226.2629,0.046193,5.596692,jpeg|clean|crop
750,223.2911,0.312575,15.468743,crop|blur|msg_app
751,222.7282,0.126519,9.222934,msg_app|downup50|jpeg
752,223.9573,0.345172,15.350753,jpeg|crop|crop
753,222.1531,0.115423,8.419625,blur|downup50|clean
754,221.8488,0.149623,9.263620,blur|downup50|crop
755,222.2957,0.117688,8.836997,occlusion|downup50|msg_app
756,221.8827,0.132058,8.130977,crop|downup50|occlusion
757,221.2993,0.092013,7.334268,blur|downup50|msg_app
758,219.0343,0.209527,12.725239,crop|jpeg|crop
759,220.3546,0.139390,9.628647,downup50|msg_app|blur
760,217.0396,0.160583,10.722447,crop|jpeg|clean
761,218.2338,0.107031,7.271422,msg_app|crop|crop
762,217.9489,0.033047,3.153409,occlusion|downup50|blur
763,218.6736,0.078984,6.970386,clean|jpeg|msg_app
764,218.0858,0.036937,3.437612,jpeg|occlusion|jpeg
765,217.0768,0.241530,14.093164,crop|crop|blur
766,223.0231,0.197685,11.580586,msg_app|crop|occlusion
767,222.9387,0.094891,7.062586,blur|blur|crop
768,223.7220,0.173366,10.097140,occlusion|crop|jpeg
769,223.3897,0.204194,11.988491,jpeg|jpeg|crop
770,224.1216,0.159796,9.920828,msg_app|msg_app|downup50
771,224.9197,0.145758,10.970467,clean|jpeg|occlusion
772,224.7113,0.071583,5.718135,blur|blur|jpeg
773,226.1688,0.033847,2.615557,msg_app|clean|blur
774,224.1634,0.120475,8.298786,msg_app|crop|jpeg
775,227.0707,0.174553,9.880561,crop|jpeg|blur
776,224.1571,0.071167,7.104732,clean|clean|jpeg
777,224.9212,0.078182,7.087954,downup50|crop|jpeg
778,224.6708,0.130494,10.187194,jpeg|msg_app|downup50
779,223.6405,0.063870,4.980182,msg_app|msg_app|jpeg
780,224.1183,0.181646,10.637696,downup50|crop|clean
781,224.4469,0.100662,8.280024,occlusion|downup50|msg_app
782,224.4801,0.189003,11.664425,jpeg|crop|clean
783,224.0172,0.134873,9.992702,jpeg|crop|downup50
784,223.8159,0.032526,4.028455,clean|jpeg|downup50
785,223.1020,0.178363,10.589341,crop|occlusion|blur
786,222.1265,0.129214,9.716110,msg_app|occlusion|downup50
787,222.6295,0.125458,9.867425,occlusion|clean|blur
788,222.2513,0.197140,12.290587,crop|msg_app|occlusion
789,221.6369,0.174428,10.947631,jpeg|crop|crop
790,222.2433,0.170019,11.065749,occlusion|msg_app|msg_app
791,221.8898,0.048626,5.048243,blur|clean|jpeg
792,222.5777,0.055131,5.912217,occlusion|clean|crop
793,220.0792,0.301809,15.265955,occlusion|crop|msg_app
794,221.6365,0.139833,10.189524,crop|jpeg|downup50
795,218.1198,0.074977,6.968978,msg_app|occlusion|blur
796,217.4051,0.254600,12.862474,msg_app|crop|occlusion
797,217.5526,0.308598,17.025048,msg_app|msg_app|clean
798,216.5638,0.159550,9.820625,occlusion|msg_app|crop
799,215.9480,0.173934,10.783924,jpeg|clean|crop
800,216.2266,0.420818,19.811495,crop|crop|msg_app
801,216.1284,0.133639,10.783006,occlusion|crop|downup50
802,217.2156,0.069539,7.252626,occlusion|downup50|blur
803,216.2942,0.088436,7.516278,jpeg|crop|downup50
804,217.2207,0.035883,3.365744,blur|occlusion|crop
805,220.4669,0.174796,10.337853,occlusion|jpeg|msg_app
806,218.7456,0.051908,5.971752,jpeg|downup50|clean
807,224.0638,0.059553,6.962992,clean|clean|jpeg
808,225.2017,0.162409,11.136077,crop|msg_app|crop
809,226.6941,0.136923,8.836624,jpeg|downup50|msg_app
810,226.1114,0.235753,12.876199,crop|msg_app|blur
811,227.0701,0.158711,11.371541,blur|clean|msg_app
812,227.0045,0.336103,16.686252,blur|blur|msg_app
813,224.5249,0.083076,8.489547,downup50|blur|occlusion
814,224.1146,0.201617,13.880300,msg_app|occlusion|jpeg
815,224.8508,0.170515,11.938652,clean|blur|msg_app
816,224.1976,0.398082,18.989727,crop|jpeg|crop
817,224.9447,0.071621,7.379136,downup50|msg_app|blur
818,221.8938,0.160794,11.930212,jpeg|msg_app|crop
819,222.6436,0.090525,8.986275,blur|occlusion|msg_app
820,221.7350,0.305301,13.151418,blur|msg_app|crop
821,220.6873,0.061362,5.819128,crop|clean|msg_app
822,221.1158,0.204658,12.565437,msg_app|jpeg|msg_app
823,226.9542,0.349531,18.300156,msg_app|msg_app|crop
824,219.6125,0.154283,7.416141,msg_app|blur|occlusion
825,219.5600,0.061335,5.978677,downup50|msg_app|jpeg
826,219.6574,0.092350,9.066861,crop|clean|occlusion
827,221.7233,0.143562,12.382543,clean|msg_app|crop
828,219.4773,0.130355,9.141862,occlusion|crop|blur
829,220.3497,0.196138,12.568014,crop|crop|blur
830,220.5145,0.212232,12.106352,msg_app|downup50|clean
831,219.8927,0.246048,14.726139,crop|downup50|crop
832,219.9271,0.029755,4.171668,occlusion|occlusion|blur
833,220.3749,0.171665,11.158898,occlusion|crop|clean
834,222.7705,0.157014,11.617371,crop|msg_app|clean
835,227.3747,0.198601,12.996799,msg_app|jpeg|msg_app
836,234.9829,0.120789,9.064858,jpeg|clean|msg_app
837,235.9915,0.081783,7.695441,downup50|occlusion|jpeg
838,228.1684,0.088420,6.751196,blur|clean|downup50
839,227.9573,0.055025,4.386666,msg_app|clean|clean
840,226.5977,0.145689,10.274545,clean|downup50|msg_app
841,228.3919,0.165217,11.246575,blur|msg_app|msg_app
842,227.1853,0.205764,10.956925,clean|crop|occlusion
843,228.3579,0.078801,7.661090,jpeg|blur|occlusion
844,227.9634,0.106252,9.805456,occlusion|occlusion|crop
845,228.0222,0.030500,4.751303,jpeg|clean|clean
846,233.8368,0.311887,16.651513,jpeg|crop|crop
847,226.0941,0.128107,9.910921,crop|jpeg|occlusion
848,221.5521,0.103691,9.124858,crop|clean|occlusion
849,222.9903,0.267004,11.748937,blur|crop|jpeg
850,223.9637,0.106050,8.561944,clean|crop|clean
851,224.1493,0.019158,1.415074,downup50|jpeg|clean
852,228.6131,0.225312,12.186929,crop|blur|msg_app
853,222.4642,0.320096,14.102951,crop|crop|crop
854,223.5258,0.079599,6.480547,crop|occlusion|jpeg
855,221.2984,0.064600,5.349575,msg_app|downup50|jpeg
856,224.3982,0.080133,5.887335,jpeg|blur|blur
857,226.7397,0.169418,12.536526,crop|downup50|occlusion
858,224.6266,0.074400,6.150152,crop|downup50|jpeg
859,225.3976,0.171355,10.794806,downup50|msg_app|blur
860,225.4508,0.030063,2.934608,blur|clean|jpeg
861,226.3382,0.195386,10.871363,blur|msg_app|crop
862,226.2630,0.061026,5.150275,occlusion|jpeg|clean
863,225.4994,0.058786,5.836120,jpeg|msg_app|downup50
864,224.8381,0.157720,8.252334,crop|occlusion|clean
865,226.4205,0.182008,10.539526,crop|jpeg|jpeg
866,226.1298,0.161199,9.742374,blur|msg_app|crop
867,223.7989,0.113069,7.851891,clean|crop|clean
868,221.6455,0.105712,8.479453,jpeg|msg_app|clean
869,222.6674,0.375203,14.036737,crop|occlusion|msg_app
870,221.3080,0.048887,3.749195,msg_app|msg_app|clean
871,222.7292,0.168526,10.782782,jpeg|occlusion|msg_app
872,220.2334,0.061336,4.646440,crop|blur|blur
873,220.6271,0.264871,14.888775,msg_app|jpeg|msg_app
874,217.7571,0.107443,8.966125,msg_app|occlusion|crop
875,219.2181,0.043474,4.397281,jpeg|blur|clean
876,219.9148,0.113867,7.272126,jpeg|jpeg|crop
877,219.8498,0.193198,12.198474,blur|msg_app|blur
878,219.4547,0.025561,1.907604,occlusion|jpeg|msg_app
879,223.0113,0.032593,3.083195,downup50|blur|downup50
880,220.2238,0.221178,13.009121,msg_app|msg_app|downup50
881,218.5510,0.044072,4.705270,occlusion|jpeg|occlusion
882,220.6438,0.262408,14.245878,msg_app|crop|msg_app
883,218.8027,0.202514,11.677952,msg_app|occlusion|crop
884,218.8221,0.352785,18.790847,msg_app|crop|clean
885,218.5504,0.173579,10.830300,crop|downup50|msg_app
886,218.2557,0.046911,4.799327,jpeg|downup50|blur
887,218.2594,0.072950,7.088647,downup50|blur|crop
888,218.6085,0.134097,9.714676,msg_app|jpeg|msg_app
889,217.3291,0.358072,16.707578,crop|crop|crop
890,217.9982,0.220165,13.653187,msg_app|occlusion|clean
891,218.2231,0.072035,6.876557,blur|jpeg|msg_app
892,217.8985,0.294407,15.335796,jpeg|blur|crop
893,218.0475,0.098387,9.522172,blur|msg_app|downup50
894,217.5571,0.078409,7.134412,blur|downup50|msg_app
895,217.0967,0.257430,14.120504,jpeg|blur|crop
896,217.3858,0.169621,13.211670,jpeg|downup50|msg_app
897,216.8365,0.076193,6.813361,crop|blur|blur
898,217.8813,0.138636,10.939961,crop|downup50|downup50
899,218.6796,0.155659,10.934959,downup50|jpeg|crop
900,217.2216,0.170209,10.421558,downup50|occlusion|crop
901,218.1756,0.296773,15.505236,clean|crop|crop
902,216.7184,0.557942,18.420756,crop|crop|crop
903,218.1506,0.022684,3.426096,jpeg|clean|clean
904,218.4666,0.230117,13.359350,crop|jpeg|jpeg
905,219.2421,0.080671,7.051775,crop|clean|occlusion
906,221.6286,0.169293,11.489364,crop|jpeg|clean
907,221.8382,0.105262,8.428515,downup50|blur|crop
908,222.9001,0.111756,7.791915,blur|jpeg|jpeg
909,221.8939,0.039422,3.924019,occlusion|jpeg|occlusion
910,223.5688,0.237886,13.030901,blur|msg_app|jpeg
911,223.9956,0.070063,5.712774,blur|occlusion|jpeg
912,222.8105,0.056996,5.209781,msg_app|downup50|clean
913,223.0861,0.102238,8.455077,occlusion|downup50|crop
914,223.8224,0.231761,11.332383,jpeg|msg_app|crop
915,224.7890,0.109262,7.434129,downup50|jpeg|msg_app
916,223.3099,0.192092,11.366980,clean|jpeg|msg_app
917,225.2320,0.138381,9.120479,jpeg|msg_app|crop
918,221.7325,0.055562,6.126266,msg_app|downup50|downup50
919,223.9940,0.123497,8.890693,blur|jpeg|jpeg
920,221.3847,0.111802,9.018204,blur|crop|jpeg
921,224.1830,0.118860,7.778508,msg_app|clean|jpeg
922,223.1439,0.237068,15.252061,msg_app|clean|msg_app
923,224.4525,0.108341,9.078015,downup50|crop|clean
924,225.2706,0.123442,8.191586,crop|msg_app|clean
925,223.9548,0.069474,7.268320,occlusion|jpeg|jpeg
926,223.2694,0.363497,18.891316,crop|occlusion|downup50
927,223.1929,0.224203,10.425433,msg_app|jpeg|crop
928,221.4595,0.298554,13.601325,blur|msg_app|occlusion
929,221.2484,0.137690,10.020847,clean|clean|crop
930,220.7736,0.218191,15.145600,crop|crop|downup50
931,218.5858,0.377011,16.084133,crop|msg_app|crop
932,222.6957,0.098888,8.304982,blur|jpeg|msg_app
933,220.0711,0.137243,9.019308,blur|msg_app|jpeg
934,220.5475,0.068881,6.057823,clean|crop|crop
935,219.2928,0.171092,12.662581,downup50|blur|msg_app
936,223.3301,0.163854,10.761152,msg_app|crop|jpeg
937,223.7431,0.176147,10.132542,crop|crop|jpeg
938,223.5150,0.065337,6.568868,occlusion|clean|jpeg
939,223.7621,0.063141,5.893773,occlusion|blur|crop
940,222.8590,0.089527,7.063999,msg_app|occlusion|msg_app
941,221.7348,0.074924,6.380282,occlusion|jpeg|crop
942,222.0541,0.017777,2.136201,downup50|occlusion|downup50
943,221.3091,0.236737,14.152180,msg_app|blur|crop
944,218.8969,0.259866,13.832083,crop|clean|occlusion
945,221.0382,0.194630,10.638770,blur|msg_app|blur
946,218.7388,0.042364,4.122198,occlusion|clean|blur
947,218.2223,0.057070,4.494515,msg_app|jpeg|downup50
948,231.8662,0.149887,11.107385,jpeg|clean|msg_app
949,263.8226,0.124052,9.523515,occlusion|msg_app|jpeg
950,283.2729,0.182175,8.404949,msg_app|crop|crop
951,309.3457,0.273917,12.967459,crop|msg_app|crop
952,316.7947,0.142245,9.587772,blur|msg_app|occlusion
953,318.5350,0.227574,13.731215,blur|jpeg|msg_app
954,231.8652,0.170938,10.779408,crop|jpeg|msg_app
955,233.0931,0.133337,8.271834,clean|msg_app|msg_app
956,236.6777,0.258018,13.006028,occlusion|crop|blur
957,229.6750,0.087158,6.934953,occlusion|clean|msg_app
958,229.0104,0.113840,8.765688,msg_app|blur|jpeg
959,225.5211,0.128028,8.858350,occlusion|crop|crop
960,226.4748,0.211394,12.434933,crop|jpeg|msg_app
961,230.9176,0.085846,7.767196,jpeg|jpeg|downup50
962,226.9824,0.094687,7.975738,jpeg|crop|blur
963,230.6033,0.045820,5.213037,occlusion|jpeg|downup50
964,227.1400,0.136899,8.918520,occlusion|crop|jpeg
965,229.0235,0.166834,12.428286,msg_app|msg_app|jpeg
966,228.3871,0.129463,11.039798,msg_app|crop|downup50
967,231.0083,0.123250,10.027390,blur|crop|jpeg
968,228.6302,0.058415,6.271567,msg_app|jpeg|occlusion
969,229.8754,0.108366,7.980210,downup50|msg_app|msg_app
970,227.7961,0.228271,12.761587,downup50|jpeg|msg_app
971,228.7168,0.224530,13.513723,crop|jpeg|msg_app
972,226.8170,0.198692,13.172356,msg_app|crop|msg_app
973,227.7683,0.030661,3.323023,msg_app|clean|blur
974,227.3268,0.247587,12.751854,msg_app|msg_app|crop
975,227.3475,0.030950,4.564546,downup50|downup50|msg_app
976,226.8136,0.210778,14.848122,crop|msg_app|blur
977,226.5585,0.198785,9.336447,downup50|crop|msg_app
978,225.5250,0.384256,18.476175,msg_app|crop|msg_app
979,224.3110,0.029848,4.017679,clean|jpeg|downup50
980,221.3586,0.079629,6.922488,occlusion|blur|crop
981,222.1344,0.037486,4.644279,occlusion|clean|jpeg
982,220.3372,0.180689,12.702155,crop|occlusion|clean
983,219.9482,0.065241,6.681334,jpeg|downup50|msg_app
984,221.2166,0.180325,12.947877,jpeg|msg_app|msg_app
985,219.8769,0.132713,9.793814,msg_app|crop|downup50
986,221.1678,0.256595,14.317864,crop|clean|crop
987,220.1854,0.023557,2.218709,blur|downup50|clean
988,221.1106,0.030373,3.696603,blur|msg_app|downup50
989,226.0688,0.106869,8.687491,occlusion|crop|jpeg
990,215.5269,0.062585,6.001665,blur|jpeg|blur
991,234.7701,0.093085,7.887091,clean|jpeg|msg_app
992,235.9417,0.005181,0.612966,downup50|occlusion|clean
993,236.2663,0.205926,12.313184,msg_app|crop|crop
994,237.1827,0.139122,9.378453,msg_app|msg_app|blur
995,231.8106,0.295667,14.824860,crop|msg_app|downup50
996,234.1024,0.256598,13.572063,crop|crop|downup50
997,239.1395,0.135731,9.397211,crop|crop|downup50
998,237.9177,0.006571,0.997486,downup50|occlusion|clean
999,231.3886,0.010457,1.418720,downup50|occlusion|occlusion
1000,221.9354,0.091976,7.781172,crop|clean|blur
1001,222.6881,0.009797,1.012386,jpeg|occlusion|downup50
1002,225.8385,0.023236,2.810285,msg_app|clean|downup50
1003,272.5072,0.058627,4.482563,crop|downup50|msg_app
1004,290.9027,0.027940,2.826214,downup50|jpeg|downup50
1005,287.9927,0.057251,5.314034,msg_app|blur|clean
1006,283.6996,0.158009,10.026163,downup50|blur|crop
1007,282.9004,0.175460,9.565755,crop|blur|occlusion
1008,286.7449,0.040166,4.592186,jpeg|downup50|jpeg
1009,282.4685,0.117960,9.192789,blur|downup50|msg_app
1010,296.6119,0.102441,8.683753,jpeg|blur|crop
1011,301.3570,0.112024,8.975426,crop|downup50|occlusion
1012,294.8698,0.316807,16.440874,downup50|crop|crop
1013,294.9332,0.010395,0.968034,occlusion|jpeg|downup50
1014,296.4153,0.208534,11.677038,msg_app|crop|clean
1015,293.3212,0.057507,5.919496,msg_app|occlusion|occlusion
1016,308.6816,0.016487,2.418278,clean|jpeg|downup50
1017,300.0578,0.126282,10.189336,crop|downup50|msg_app
1018,291.4392,0.132449,9.541817,crop|occlusion|jpeg
1019,289.4115,0.133964,9.615080,jpeg|msg_app|blur
1020,297.6659,0.041841,3.493676,msg_app|downup50|jpeg
1021,299.5906,0.042519,3.203573,jpeg|clean|msg_app
1022,301.6995,0.137013,8.169387,jpeg|blur|msg_app
1023,298.6031,0.297767,16.933101,blur|msg_app|crop
1024,257.9742,0.235624,12.615567,jpeg|occlusion|crop
1025,232.5592,0.116767,10.636917,jpeg|downup50|blur
1026,234.6398,0.048839,4.530676,downup50|downup50|msg_app
1027,230.6944,0.252130,13.575841,downup50|jpeg|crop
1028,233.3207,0.044493,3.980444,jpeg|occlusion|msg_app
1029,231.5606,0.081095,7.594186,msg_app|clean|downup50
1030,233.6411,0.209727,11.966954,msg_app|jpeg|msg_app
1031,234.8521,0.208747,11.266859,crop|blur|crop
1032,233.4074,0.093977,7.672139,crop|jpeg|downup50
1033,227.3284,0.152617,10.235493,crop|crop|crop
1034,226.5936,0.078687,7.226251,msg_app|blur|jpeg
1035,225.3308,0.100749,8.198555,blur|jpeg|crop
1036,226.4144,0.024917,2.861654,downup50|msg_app|clean
1037,226.4921,0.072712,6.634371,downup50|blur|crop
1038,229.8109,0.111194,7.553188,crop|msg_app|occlusion
1039,232.4686,0.124184,8.963472,jpeg|clean|blur
1040,230.5168,0.241394,11.911377,msg_app|downup50|crop
1041,235.0093,0.061865,5.376004,downup50|msg_app|occlusion
1042,230.3269,0.166235,9.874480,msg_app|crop|msg_app
1043,229.7807,0.164566,10.595650,jpeg|crop|jpeg
1044,229.5906,0.112040,7.026262,downup50|occlusion|msg_app
1045,224.2717,0.063039,6.497156,downup50|blur|clean
1046,226.0487,0.026558,2.430274,clean|downup50|blur
1047,226.1501,0.092164,7.077365,crop|msg_app|blur
1048,223.4567,0.058614,5.939166,msg_app|occlusion|clean
1049,229.4328,0.277565,14.024011,crop|crop|crop
1050,226.0747,0.215944,12.078184,crop|msg_app|downup50
1051,225.4583,0.183555,10.985305,blur|crop|jpeg
1052,230.2987,0.027810,2.546924,blur|blur|downup50
1053,227.3132,0.136498,9.723658,jpeg|crop|occlusion
1054,227.3599,0.078281,6.710191,blur|crop|crop
1055,225.5396,0.114993,10.115587,clean|clean|msg_app
1056,226.2539,0.104985,8.394288,crop|blur|occlusion
1057,228.6861,0.005179,0.638974,downup50|occlusion|downup50
1058,231.5403,0.150850,9.695147,msg_app|msg_app|msg_app
1059,237.2295,0.139971,9.097358,crop|crop|blur
1060,276.4685,0.059587,5.166165,blur|msg_app|downup50
1061,294.0273,0.146966,10.072672,crop|crop|crop
1062,289.1011,0.265915,13.936580,crop|downup50|crop
1063,288.2066,0.047493,5.419010,occlusion|blur|blur
1064,286.7242,0.096557,7.910039,msg_app|blur|jpeg
1065,285.5540,0.085739,8.004978,jpeg|clean|msg_app
1066,306.2699,0.360973,14.127026,crop|msg_app|crop
1067,293.3552,0.232807,11.905911,blur|crop|downup50
1068,287.1955,0.078126,6.308200,jpeg|occlusion|crop
1069,284.6904,0.101905,7.516830,downup50|msg_app|crop
1070,288.3832,0.048803,5.141436,jpeg|blur|blur
1071,281.0624,0.284677,12.707135,msg_app|crop|jpeg
1072,284.6204,0.109235,8.795460,clean|occlusion|blur
1073,281.5410,0.202939,14.288788,crop|downup50|jpeg
1074,291.0532,0.097085,6.621702,downup50|crop|jpeg
1075,280.6249,0.089856,7.731455,jpeg|jpeg|occlusion
1076,233.3019,0.015970,1.576059,downup50|jpeg|clean
1077,235.7603,0.100804,8.161733,msg_app|blur|occlusion
1078,234.1116,0.048701,4.887082,blur|jpeg|jpeg
1079,237.3164,0.159183,9.183130,crop|crop|blur
1080,234.2118,0.098202,7.286167,crop|msg_app|msg_app
1081,237.8995,0.103453,8.785007,crop|blur|crop
1082,234.6164,0.321340,13.723629,crop|occlusion|downup50
1083,238.5844,0.310901,18.324589,blur|msg_app|blur
1084,234.9049,0.148895,10.311599,clean|crop|blur
1085,238.1774,0.295548,16.651645,crop|occlusion|jpeg
1086,227.2726,0.160646,9.638647,blur|jpeg|crop
1087,230.1918,0.070931,7.382818,jpeg|occlusion|clean
1088,231.2186,0.015332,1.550874,occlusion|downup50|jpeg
1089,228.6997,0.127630,8.352845,blur|msg_app|blur
1090,225.4708,0.085747,7.150110,jpeg|occlusion|crop
1091,222.7354,0.152810,9.520160,crop|msg_app|blur
1092,222.2460,0.120078,8.932544,downup50|crop|clean
1093,222.2163,0.098359,8.220126,blur|downup50|msg_app
1094,220.3872,0.051386,4.262389,blur|occlusion|clean
1095,219.9295,0.057285,5.133008,msg_app|downup50|clean
1096,220.8103,0.174810,12.881107,blur|jpeg|crop
1097,219.0092,0.031629,3.509149,jpeg|clean|jpeg
1098,218.6529,0.171475,12.284458,blur|occlusion|msg_app
1099,220.4536,0.270968,11.529322,msg_app|occlusion|crop
1100,219.3700,0.037969,4.131664,jpeg|clean|jpeg
1101,220.6643,0.056372,5.737360,jpeg|blur|occlusion
1102,220.1147,0.059732,6.263661,clean|crop|jpeg
1103,221.6719,0.209039,13.661064,msg_app|blur|msg_app
1104,221.2416,0.162604,7.327471,clean|crop|clean
1105,221.3162,0.079030,7.442975,occlusion|msg_app|crop
1106,223.7278,0.080339,7.518835,jpeg|clean|msg_app
1107,222.0318,0.119224,8.559317,occlusion|crop|msg_app
1108,226.4573,0.093621,7.062681,jpeg|blur|blur
1109,224.4547,0.120807,7.404317,jpeg|blur|clean
1110,225.5470,0.121382,8.829812,clean|crop|clean
1111,223.0746,0.220059,12.638990,crop|clean|downup50
1112,225.6158,0.054232,6.378955,msg_app|clean|blur
1113,223.7979,0.167871,12.004428,crop|msg_app|msg_app
1114,222.5913,0.189101,11.556794,downup50|crop|crop
1115,223.6923,0.357909,15.920720,blur|crop|blur
1116,223.1233,0.181891,10.689609,msg_app|crop|blur
1117,224.1407,0.092841,8.245038,msg_app|occlusion|msg_app
1118,221.4618,0.013258,1.526931,occlusion|occlusion|clean
1119,221.6169,0.051342,5.403797,blur|clean|clean
1120,220.5252,0.055676,5.976450,downup50|occlusion|blur
1121,222.6667,0.182645,9.897556,blur|clean|crop
1122,219.3080,0.104949,8.308928,msg_app|jpeg|clean
1123,221.7848,0.160419,10.394028,crop|clean|crop
1124,220.8362,0.193979,11.367687,msg_app|blur|crop
1125,221.9463,0.117165,8.374943,jpeg|crop|blur
1126,220.0659,0.098042,7.259407,crop|occlusion|occlusion
1127,221.0812,0.106058,8.629800,msg_app|downup50|crop
1128,219.6536,0.017453,2.600592,occlusion|occlusion|occlusion
1129,220.8589,0.111320,7.705388,clean|crop|jpeg
1130,219.4222,0.246051,11.189205,crop|clean|crop
1131,220.4871,0.003592,0.323522,occlusion|occlusion|downup50
1132,219.0422,0.075517,7.154768,clean|blur|downup50
1133,220.2855,0.084328,6.752619,crop|occlusion|msg_app
1134,223.0164,0.060803,4.981060,downup50|crop|crop
1135,220.5929,0.033516,3.980254,clean|jpeg|downup50
1136,225.2343,0.080577,6.532181,msg_app|occlusion|blur
1137,224.5269,0.146565,8.994533,crop|jpeg|crop
1138,225.1739,0.083353,8.055505,occlusion|occlusion|jpeg
1139,225.5268,0.210020,13.082314,crop|crop|downup50
1140,223.5496,0.098069,7.327048,jpeg|msg_app|clean
1141,226.5041,0.107910,6.827688,msg_app|crop|crop
1142,224.2378,0.053342,5.675791,occlusion|downup50|msg_app
1143,226.1345,0.114378,6.822383,crop|msg_app|msg_app
1144,225.8409,0.007612,0.836756,downup50|clean|occlusion
1145,226.8694,0.256450,12.167244,occlusion|crop|crop
1146,227.5727,0.204514,12.036040,msg_app|msg_app|jpeg
1147,227.4543,0.104287,6.893073,msg_app|occlusion|msg_app
1148,225.9974,0.344885,17.360613,jpeg|msg_app|crop
1149,226.7803,0.056001,4.719326,clean|clean|msg_app
1150,221.5799,0.089214,6.055582,crop|jpeg|msg_app
1151,221.8509,0.069460,6.027331,clean|jpeg|downup50
1152,220.4464,0.141977,11.874187,downup50|blur|msg_app
1153,221.1307,0.242968,11.808346,crop|downup50|jpeg
1154,218.4958,0.074991,5.832790,crop|jpeg|occlusion
1155,218.3891,0.099597,6.981023,blur|clean|downup50
1156,218.1002,0.047430,4.638921,clean|blur|msg_app
1157,219.9866,0.169040,10.795040,jpeg|crop|occlusion
1158,217.9835,0.043372,5.864106,clean|occlusion|blur
1159,219.4244,0.306563,20.849317,msg_app|msg_app|msg_app
1160,219.8571,0.045445,4.676604,clean|crop|blur
1161,221.0474,0.058821,5.369156,crop|blur|occlusion
1162,225.8252,0.007954,0.858652,blur|clean|downup50
1163,223.1948,0.064649,6.500632,occlusion|clean|msg_app
1164,224.0418,0.046672,5.511781,occlusion|downup50|blur
1165,224.1120,0.097089,7.919255,msg_app|occlusion|msg_app
1166,225.3793,0.043917,5.665123,msg_app|msg_app|msg_app
1167,226.5077,0.184693,10.198337,clean|crop|msg_app
1168,224.9345,0.141131,11.789214,msg_app|occlusion|msg_app
1169,225.1455,0.016167,3.005864,blur|jpeg|clean
1170,223.7114,0.076257,8.517636,crop|occlusion|clean
1171,223.5002,0.023724,3.554887,occlusion|clean|msg_app
1172,223.3436,0.080525,7.250604,downup50|crop|crop
1173,223.6377,0.235409,13.710100,crop|msg_app|downup50
1174,219.5290,0.186352,12.913340,msg_app|crop|clean
1175,219.8423,0.124011,6.951116,occlusion|msg_app|jpeg
1176,218.9824,0.223783,13.544321,blur|blur|crop
1177,221.9021,0.307853,16.823178,jpeg|crop|jpeg
1178,218.5870,0.207727,12.282809,blur|crop|crop
1179,219.7558,0.263658,13.574604,msg_app|crop|crop
1180,219.1322,0.044551,4.814378,crop|downup50|msg_app
1181,219.7985,0.184875,11.760464,crop|crop|clean
1182,220.2823,0.329222,16.725530,crop|blur|clean
1183,221.7798,0.008348,1.249012,occlusion|occlusion|downup50
1184,220.6348,0.275184,12.253139,clean|crop|crop
1185,220.3224,0.049871,5.702072,downup50|clean|jpeg
1186,221.8465,0.196825,8.727684,occlusion|occlusion|crop
1187,220.5975,0.194113,10.368235,crop|blur|crop
1188,219.9266,0.060097,4.949707,occlusion|msg_app|jpeg
1189,220.0108,0.075921,6.972952,blur|blur|blur
1190,221.9227,0.261328,11.553431,crop|jpeg|crop
1191,218.9227,0.292717,12.530497,crop|blur|crop
1192,219.5287,0.296695,13.108622,msg_app|downup50|crop
1193,217.6676,0.108824,7.311584,msg_app|crop|occlusion
1194,219.4025,0.155376,8.466158,downup50|msg_app|jpeg
1195,220.1345,0.071068,6.227488,jpeg|jpeg|downup50
1196,219.0128,0.164842,9.337579,msg_app|crop|blur
1197,220.8254,0.124772,9.191211,blur|msg_app|occlusion
1198,219.4957,0.100767,7.616587,jpeg|downup50|jpeg
1199,218.3043,0.140164,8.023858,occlusion|crop|crop
1200,218.3744,0.113894,6.199705,msg_app|msg_app|downup50
1201,218.9801,0.039432,3.015625,blur|occlusion|jpeg
1202,218.2170,0.147248,9.086176,msg_app|blur|blur
1203,217.8829,0.276851,11.829046,downup50|crop|crop
1204,217.0942,0.137034,10.150744,crop|downup50|downup50
1205,217.6669,0.124667,8.243473,msg_app|crop|clean
1206,219.2977,0.033566,3.535635,downup50|crop|downup50
1207,218.4501,0.195841,10.254433,crop|crop|msg_app
1208,217.7185,0.131292,8.315943,crop|msg_app|msg_app
1209,219.4520,0.124167,7.598755,crop|crop|occlusion
1210,219.2712,0.066342,5.968116,blur|clean|msg_app
1211,218.6244,0.051115,3.515448,clean|blur|msg_app
1212,219.9095,0.011661,1.208951,clean|jpeg|clean
1213,218.8220,0.097110,6.965603,msg_app|msg_app|downup50
1214,220.8762,0.257683,12.988767,crop|crop|jpeg
1215,219.1575,0.149064,9.922929,jpeg|crop|msg_app
1216,220.3937,0.031355,2.929537,downup50|clean|msg_app
1217,220.5062,0.031239,4.143299,downup50|occlusion|blur
1218,219.9952,0.124393,8.019173,crop|crop|jpeg
1219,220.0164,0.215845,10.593190,downup50|crop|downup50
1220,222.1102,0.039529,3.829339,clean|jpeg|msg_app
1221,220.7542,0.310997,17.789541,msg_app|crop|msg_app
1222,221.0846,0.183642,8.971343,msg_app|blur|jpeg
1223,221.4836,0.062526,5.406786,jpeg|downup50|msg_app
1224,221.9023,0.124518,8.223444,blur|crop|crop
1225,224.4884,0.091617,7.728494,jpeg|crop|downup50
1226,223.1990,0.077524,5.595559,crop|downup50|msg_app
1227,222.0236,0.019352,2.402379,clean|jpeg|clean
1228,222.1177,0.107110,7.540560,downup50|crop|crop
1229,220.8822,0.054383,5.600263,downup50|jpeg|crop
1230,221.5328,0.091863,7.494972,downup50|crop|downup50
1231,224.1128,0.081241,7.410211,blur|jpeg|blur
1232,225.3267,0.265095,13.619095,blur|msg_app|crop
1233,227.8686,0.123175,10.312558,blur|crop|crop
1234,230.7395,0.245711,12.269115,crop|crop|blur
1235,228.4340,0.008249,1.302576,jpeg|clean|clean
1236,222.7660,0.110218,8.156772,jpeg|crop|blur
1237,229.3419,0.219613,15.089262,crop|msg_app|blur
1238,231.6095,0.115937,8.189750,msg_app|downup50|crop
1239,230.9147,0.145034,8.851615,crop|blur|downup50
1240,228.9882,0.195068,12.214735,msg_app|crop|msg_app
1241,230.1093,0.025851,1.930498,blur|clean|blur
1242,230.3232,0.047035,3.942095,msg_app|occlusion|crop
1243,236.6020,0.114232,9.028562,clean|crop|blur
1244,227.0928,0.065953,6.611376,jpeg|clean|clean
1245,230.9986,0.056843,4.557260,jpeg|msg_app|clean
1246,223.2523,0.064936,6.655574,msg_app|jpeg|occlusion
1247,223.3052,0.100793,6.667532,crop|msg_app|jpeg
1248,224.3980,0.010489,1.761662,downup50|downup50|occlusion
1249,224.6917,0.114123,7.705326,crop|clean|jpeg
1250,223.2615,0.082358,7.680237,blur|msg_app|clean
1251,222.9211,0.133849,9.231057,downup50|clean|crop
1252,223.3397,0.124581,7.874299,blur|crop|downup50
1253,222.1537,0.120013,8.033117,msg_app|jpeg|blur
1254,222.6426,0.160956,10.859849,msg_app|crop|clean
1255,222.1533,0.076296,6.039316,blur|msg_app|jpeg
1256,220.6734,0.178586,11.755975,msg_app|crop|msg_app
1257,222.0780,0.135878,8.555383,jpeg|crop|blur
1258,222.5521,0.115820,8.401104,downup50|jpeg|msg_app
1259,224.7287,0.067855,5.108884,msg_app|downup50|msg_app
1260,223.1005,0.070350,7.055956,clean|msg_app|blur
1261,223.6962,0.020188,2.657055,crop|blur|occlusion
1262,224.5029,0.069631,6.602146,clean|msg_app|blur
1263,223.4277,0.101242,8.592129,blur|blur|crop
1264,224.5434,0.140339,9.825087,clean|crop|msg_app
1265,224.6756,0.195439,11.131427,jpeg|crop|crop
1266,224.9495,0.152004,10.236950,jpeg|msg_app|clean
1267,223.8203,0.063350,6.419161,clean|jpeg|msg_app
1268,226.2746,0.131582,9.365264,blur|blur|msg_app
1269,224.5182,0.123857,10.270423,downup50|jpeg|jpeg
1270,227.8799,0.065101,6.824160,msg_app|occlusion|msg_app
1271,225.6654,0.004083,0.664759,jpeg|occlusion|clean
1272,228.5686,0.022836,2.083389,blur|msg_app|blur
1273,228.1087,0.011210,1.526782,jpeg|jpeg|clean
1274,229.1606,0.045627,4.862302,downup50|msg_app|crop
1275,228.1888,0.066027,7.776820,msg_app|clean|msg_app
1276,226.7782,0.054069,5.088879,jpeg|msg_app|clean
1277,224.8885,0.221630,14.038434,msg_app|crop|occlusion
1278,226.1748,0.065667,6.413794,crop|crop|blur
1279,224.9989,0.242971,16.350684,msg_app|blur|msg_app
1280,223.8904,0.050953,6.346730,occlusion|msg_app|jpeg
1281,222.5095,0.180397,7.013228,msg_app|occlusion|clean
1282,219.9777,0.199166,12.965263,msg_app|crop|blur
1283,221.4119,0.129018,10.636200,downup50|crop|msg_app
1284,220.3986,0.027275,4.020521,msg_app|blur|clean
1285,221.5661,0.121498,10.641398,jpeg|crop|clean
1286,222.4728,0.196816,11.848081,downup50|blur|crop
1287,224.5711,0.474472,19.379815,msg_app|msg_app|crop
1288,222.7887,0.070407,6.218074,msg_app|clean|crop
1289,223.0078,0.040139,5.098775,blur|blur|clean
1290,220.6633,0.088036,8.590503,msg_app|occlusion|msg_app
1291,223.9106,0.181365,13.578121,blur|crop|crop
1292,224.8813,0.120838,10.113768,clean|crop|blur
1293,225.3055,0.076242,8.504680,jpeg|downup50|crop
1294,224.5518,0.027472,3.566127,blur|jpeg|downup50
1295,223.9805,0.109025,10.880040,msg_app|msg_app|msg_app
1296,220.7879,0.085536,7.949042,blur|msg_app|msg_app
1297,221.8572,0.024343,3.379136,jpeg|downup50|crop
1298,220.3897,0.108527,9.964221,blur|msg_app|clean
1299,220.8440,0.049254,6.888082,downup50|crop|occlusion
1300,220.2777,0.005836,0.993757,downup50|clean|downup50
1301,219.4447,0.098771,10.148175,msg_app|occlusion|clean
1302,221.6294,0.110393,10.257570,clean|msg_app|jpeg
1303,221.5353,0.025033,4.355378,downup50|msg_app|downup50
1304,222.1878,0.200309,11.121074,jpeg|crop|msg_app
1305,223.1261,0.114315,9.935788,jpeg|occlusion|blur
1306,222.5667,0.062430,8.127586,downup50|jpeg|msg_app
1307,223.5171,0.033083,4.619100,downup50|msg_app|occlusion
1308,223.5422,0.200125,15.581278,crop|downup50|blur
1309,222.0006,0.008602,1.103868,clean|msg_app|downup50
1310,221.5733,0.042286,6.553598,jpeg|clean|downup50
1311,220.5645,0.004590,0.564250,blur|blur|downup50
1312,221.0777,0.042197,6.527185,downup50|msg_app|occlusion
1313,220.3765,0.021596,2.784521,crop|msg_app|clean
1314,220.7836,0.011235,1.504521,jpeg|occlusion|blur
1315,223.2756,0.159993,11.444089,crop|msg_app|jpeg
1316,223.8916,0.080552,7.702133,jpeg|msg_app|msg_app
1317,223.2550,0.154726,11.422145,crop|blur|jpeg
1318,221.7792,0.076974,8.276556,crop|downup50|jpeg
1319,220.8537,0.182962,9.717250,crop|msg_app|msg_app
1320,218.9885,0.131384,12.801283,blur|crop|jpeg
1321,218.5763,0.132663,10.085064,occlusion|crop|crop
1322,218.1762,0.088153,9.830773,msg_app|occlusion|jpeg
1323,220.0143,0.026135,3.028320,blur|jpeg|blur
1324,220.2897,0.127526,9.643322,msg_app|crop|jpeg
1325,220.2599,0.025338,4.375014,clean|jpeg|msg_app
1326,221.9232,0.002981,0.621441,clean|occlusion|downup50
1327,221.9193,0.063443,6.778859,jpeg|jpeg|occlusion
1328,223.9372,0.033874,3.475641,blur|jpeg|blur
1329,222.3786,0.083254,8.893427,crop|occlusion|occlusion
1330,222.8587,0.135742,11.283845,crop|clean|downup50
1331,222.8450,0.050556,6.161592,clean|msg_app|crop
1332,222.2179,0.025348,4.432674,occlusion|jpeg|clean
1333,221.5401,0.040438,4.692132,msg_app|downup50|blur
1334,222.1851,0.152549,10.680971,clean|clean|crop
1335,223.0934,0.201486,12.617671,jpeg|msg_app|occlusion
1336,222.7582,0.044406,5.617710,clean|downup50|blur
1337,222.0037,0.155460,11.670754,jpeg|jpeg|msg_app
1338,220.3511,0.296136,16.478326,msg_app|crop|downup50
1339,223.2779,0.053330,5.991433,clean|crop|msg_app
1340,221.7194,0.042030,5.891105,clean|msg_app|downup50
1341,224.4393,0.096996,10.022091,occlusion|downup50|crop
1342,222.7157,0.098764,9.572681,crop|occlusion|crop
1343,224.5582,0.288002,13.958028,msg_app|crop|jpeg
1344,222.2082,0.074745,7.541064,blur|jpeg|downup50
1345,223.0701,0.050589,6.789841,downup50|occlusion|blur
1346,221.7109,0.076819,7.513605,jpeg|crop|occlusion
1347,220.3889,0.273860,13.705501,crop|downup50|msg_app
1348,221.5870,0.176564,8.924105,crop|blur|crop
1349,220.1283,0.061082,7.443342,occlusion|msg_app|msg_app
1350,220.2020,0.007058,0.976199,clean|clean|clean
1351,220.4118,0.228235,12.658980,crop|crop|msg_app
1352,219.2650,0.065185,7.041559,msg_app|msg_app|jpeg
1353,219.8360,0.112481,7.989460,jpeg|crop|crop
1354,219.3410,0.070216,8.025225,clean|msg_app|jpeg
1355,217.8473,0.020309,3.176972,jpeg|jpeg|downup50
1356,218.6024,0.070388,6.658405,msg_app|blur|crop
1357,218.6787,0.153436,9.600082,crop|clean|msg_app
1358,218.3675,0.124021,7.646766,blur|msg_app|msg_app
1359,218.2762,0.292885,12.688548,crop|crop|occlusion
1360,220.1234,0.027265,3.396649,clean|jpeg|blur
1361,219.0732,0.108306,8.347004,downup50|crop|crop
1362,220.5679,0.003279,0.322284,occlusion|clean|downup50
1363,218.9186,0.034325,3.677588,occlusion|crop|downup50
1364,220.9876,0.113616,9.006552,msg_app|msg_app|crop
1365,220.4657,0.204843,13.733735,jpeg|crop|msg_app
1366,219.8020,0.055014,5.982306,downup50|jpeg|crop
1367,221.9601,0.281327,10.221968,clean|occlusion|crop
1368,237.3394,0.087382,6.028778,jpeg|crop|downup50
1369,286.4716,0.195342,9.971783,jpeg|jpeg|msg_app
1370,295.1454,0.026177,2.456531,msg_app|blur|clean
1371,302.1801,0.285404,14.425897,crop|downup50|clean
1372,287.6360,0.234212,12.521896,msg_app|crop|jpeg
1373,308.5045,0.098163,7.545127,jpeg|crop|occlusion
1374,293.8267,0.025023,3.524120,jpeg|downup50|clean
1375,285.5998,0.099167,8.340152,jpeg|downup50|blur
1376,303.1089,0.184545,11.971760,jpeg|msg_app|blur
1377,302.5227,0.115823,8.249129,occlusion|blur|msg_app
1378,302.0533,0.141286,9.646687,jpeg|jpeg|msg_app
1379,274.8255,0.087915,6.824302,msg_app|jpeg|occlusion
1380,240.2763,0.092611,7.058742,jpeg|blur|crop
1381,230.9156,0.033759,4.041087,msg_app|clean|blur
1382,228.8633,0.026997,2.473962,msg_app|downup50|downup50
1383,235.4322,0.302365,16.790740,clean|crop|crop
1384,231.8163,0.024374,3.166786,occlusion|occlusion|blur
1385,240.2956,0.032955,3.024598,blur|msg_app|blur
1386,242.8867,0.032687,4.144593,downup50|downup50|crop
1387,307.5676,0.006567,0.828398,msg_app|occlusion|blur
1388,295.0775,0.304088,12.820063,msg_app|clean|blur
1389,303.8203,0.061216,6.121558,blur|crop|occlusion
1390,303.1887,0.173455,13.267236,clean|crop|msg_app
1391,291.0097,0.139556,9.828654,crop|clean|blur
1392,295.4776,0.224437,13.598589,crop|crop|downup50
1393,290.8800,0.020821,2.698563,occlusion|msg_app|occlusion
1394,250.3890,0.042078,6.169325,occlusion|crop|clean
1395,238.9013,0.117753,9.216285,occlusion|blur|crop
1396,228.2632,0.193779,10.364492,crop|jpeg|blur
1397,230.1395,0.022886,2.310569,clean|crop|downup50
1398,228.0563,0.135087,9.164629,msg_app|jpeg|msg_app
1399,235.9138,0.032454,2.776923,msg_app|downup50|blur
1400,242.4070,0.171713,11.570532,downup50|crop|msg_app
1401,278.3394,0.241753,15.852749,crop|msg_app|downup50
1402,292.5176,0.092531,8.788307,msg_app|blur|msg_app
1403,294.1133,0.030630,4.348120,msg_app|jpeg|crop
1404,293.2894,0.023861,2.753734,jpeg|clean|jpeg
1405,300.6500,0.058497,5.951477,crop|clean|clean
1406,291.6358,0.230571,10.727842,blur|clean|crop
1407,290.5807,0.136726,9.398826,crop|clean|clean
1408,279.4765,0.099812,8.946016,msg_app|msg_app|crop
1409,309.1738,0.161780,12.742489,blur|downup50|msg_app
1410,311.4558,0.014227,1.229925,downup50|blur|occlusion
1411,301.8410,0.038381,4.309571,occlusion|clean|blur
1412,290.3721,0.120907,9.881142,jpeg|clean|blur
1413,288.5029,0.059668,6.377962,jpeg|blur|downup50
1414,289.3494,0.061149,7.181669,downup50|msg_app|occlusion
1415,297.9780,0.167194,10.512939,crop|occlusion|downup50
1416,292.4377,0.100377,7.386033,downup50|msg_app|crop
1417,296.3441,0.021812,2.749639,occlusion|clean|jpeg
1418,282.7287,0.053806,7.473736,msg_app|msg_app|occlusion
1419,286.9801,0.051390,5.616233,downup50|blur|downup50
1420,277.7822,0.075583,8.213224,downup50|msg_app|blur
1421,281.5126,0.033866,5.524006,msg_app|msg_app|downup50
1422,285.6911,0.090905,8.508181,blur|msg_app|crop
1423,290.5315,0.024588,3.455824,jpeg|crop|clean
1424,293.7368,0.030748,3.709082,msg_app|msg_app|clean
1425,281.4525,0.154792,10.618040,crop|msg_app|occlusion
1426,282.9774,0.189104,12.091679,crop|occlusion|jpeg
1427,280.8924,0.004787,0.644409,clean|clean|clean
1428,291.3716,0.078878,9.111857,jpeg|occlusion|msg_app
1429,277.6964,0.003686,0.622836,occlusion|occlusion|occlusion
1430,277.6799,0.038524,4.880656,msg_app|blur|blur
1431,297.6563,0.013376,2.811431,occlusion|blur|clean
1432,283.7304,0.013504,2.045761,jpeg|msg_app|clean
1433,295.4173,0.017606,2.862906,clean|msg_app|clean
1434,292.3518,0.009464,1.323246,downup50|jpeg|jpeg
1435,294.9280,0.142990,12.884708,msg_app|blur|clean
1436,292.2613,0.049643,6.060258,jpeg|blur|occlusion
1437,284.1268,0.076394,7.527748,msg_app|occlusion|crop
1438,260.1355,0.081216,7.696343,jpeg|clean|msg_app
1439,239.6509,0.090252,10.476696,blur|blur|occlusion
1440,233.0712,0.015657,1.945607,msg_app|downup50|clean
1441,231.3570,0.198705,13.120749,crop|blur|clean
1442,240.5473,0.040637,4.945696,msg_app|blur|msg_app
1443,273.3173,0.219144,14.058215,crop|crop|clean
1444,293.5851,0.188534,12.543821,downup50|crop|crop
1445,260.6142,0.169180,12.671995,crop|jpeg|occlusion
1446,266.2986,0.004265,0.677629,occlusion|clean|downup50
1447,291.7261,0.234185,14.675358,jpeg|crop|crop
1448,290.0978,0.013798,3.515457,occlusion|occlusion|clean
1449,267.4652,0.018868,3.088960,blur|occlusion|downup50
1450,233.8290,0.219694,11.325252,jpeg|crop|downup50
1451,236.3921,0.083659,6.811158,msg_app|msg_app|msg_app
1452,231.8651,0.325817,15.551254,jpeg|crop|crop
1453,237.3597,0.173883,11.839226,crop|jpeg|blur
1454,237.6140,0.056851,4.924571,jpeg|msg_app|jpeg
1455,233.3851,0.021310,2.494693,occlusion|msg_app|downup50
1456,229.8154,0.233073,14.212084,downup50|jpeg|blur
1457,229.7282,0.138515,10.531156,crop|occlusion|crop
1458,228.1666,0.068513,7.252328,crop|msg_app|downup50
1459,230.0032,0.081504,8.679017,occlusion|occlusion|msg_app
1460,228.7566,0.133233,10.808758,jpeg|msg_app|crop
1461,229.4736,0.027691,3.810563,downup50|msg_app|jpeg
1462,263.2992,0.077613,6.385762,downup50|crop|blur
1463,293.3347,0.251039,11.018564,crop|downup50|crop
1464,279.1303,0.243473,13.807313,clean|blur|msg_app
1465,227.0171,0.153874,7.445073,crop|msg_app|occlusion
1466,225.3722,0.030922,3.207746,occlusion|blur|jpeg
1467,227.5883,0.068616,6.272471,clean|occlusion|msg_app
1468,226.4399,0.142490,9.041802,crop|msg_app|clean
1469,228.6289,0.026960,3.252729,occlusion|downup50|clean
1470,231.3109,0.061857,5.635560,msg_app|clean|crop
1471,226.7645,0.490324,16.838932,crop|crop|crop
1472,225.7210,0.031225,3.996492,blur|jpeg|occlusion
1473,225.1888,0.067993,4.985637,occlusion|crop|blur
1474,225.3958,0.050846,5.174838,msg_app|clean|blur
1475,234.3806,0.101682,9.511126,msg_app|blur|clean
1476,224.7472,0.003496,0.483637,occlusion|clean|clean
1477,223.1399,0.049783,5.740028,downup50|blur|jpeg
1478,220.4837,0.082306,6.889982,clean|crop|downup50
1479,223.0511,0.143029,10.591108,blur|msg_app|msg_app
1480,220.4000,0.165202,7.952132,downup50|crop|downup50
1481,219.4640,0.063676,5.902797,msg_app|occlusion|msg_app
1482,222.5320,0.064909,5.793167,blur|jpeg|occlusion
1483,227.0902,0.047696,4.634007,clean|msg_app|crop
1484,221.9978,0.254843,12.381784,blur|blur|crop
1485,220.0917,0.023593,2.274481,downup50|blur|jpeg
1486,219.4548,0.082586,6.858386,jpeg|msg_app|occlusion
1487,219.0255,0.020857,3.665960,downup50|jpeg|downup50
1488,218.4815,0.046754,4.162511,blur|jpeg|blur
1489,218.6045,0.027874,2.794912,occlusion|crop|occlusion
1490,219.2065,0.153784,8.477669,crop|msg_app|blur
1491,218.7329,0.029030,2.805334,crop|clean|jpeg
1492,219.2562,0.012950,1.687525,occlusion|jpeg|downup50
1493,219.3758,0.120455,8.815870,crop|occlusion|blur
1494,219.8815,0.006904,0.871654,occlusion|clean|clean
1495,220.2133,0.178132,10.310114,blur|crop|msg_app
1496,220.9408,0.336258,19.863464,blur|crop|blur
1497,221.6397,0.041278,4.486467,msg_app|jpeg|clean
1498,221.7477,0.115595,7.585714,crop|jpeg|crop
1499,222.1968,0.027925,3.729474,blur|msg_app|blur
1500,221.8407,0.179807,13.259577,crop|msg_app|jpeg
1501,224.4151,0.030972,4.688429,jpeg|downup50|occlusion
1502,224.0738,0.117472,7.979348,downup50|crop|blur
1503,226.0297,0.119700,8.519777,msg_app|downup50|occlusion
1504,224.3415,0.027674,2.630570,occlusion|msg_app|blur
1505,226.5049,0.015810,2.033355,jpeg|occlusion|blur
1506,222.3399,0.030684,3.649475,msg_app|blur|clean
1507,225.9002,0.118206,10.595183,crop|blur|msg_app
1508,222.2849,0.057183,6.746602,msg_app|jpeg|clean
1509,225.9432,0.079420,7.746222,jpeg|crop|blur
1510,224.5515,0.192785,14.050990,jpeg|msg_app|msg_app
1511,224.9245,0.052599,5.788086,clean|jpeg|blur
1512,226.8025,0.087141,6.953684,crop|msg_app|clean
1513,225.1411,0.016817,1.826342,downup50|jpeg|clean
1514,229.0098,0.019494,2.055968,blur|occlusion|msg_app
1515,226.8319,0.083358,8.267217,blur|occlusion|msg_app
1516,228.5336,0.004168,0.514807,blur|clean|downup50
1517,226.0769,0.036171,4.278613,blur|msg_app|occlusion
1518,228.1657,0.167213,11.743262,msg_app|crop|crop
1519,225.5277,0.049757,6.355569,msg_app|jpeg|downup50
1520,227.7607,0.034604,3.062638,crop|crop|jpeg
1521,226.1681,0.181791,11.452913,occlusion|crop|crop
1522,227.5502,0.070673,7.144056,crop|msg_app|clean
1523,226.5866,0.153384,10.698802,msg_app|occlusion|crop
1524,226.7825,0.041780,6.560611,occlusion|occlusion|occlusion
1525,226.3258,0.218395,10.048761,occlusion|crop|occlusion
1526,226.4841,0.006259,0.849227,downup50|blur|blur
1527,225.1305,0.112295,10.572441,crop|msg_app|clean
1528,225.5311,0.001384,0.250806,occlusion|clean|occlusion
1529,226.5517,0.052119,6.881599,clean|msg_app|downup50
1530,224.2372,0.121455,9.737622,downup50|crop|clean
1531,224.1221,0.000344,0.042523,clean|clean|clean
1532,223.3507,0.001003,0.112408,occlusion|occlusion|downup50
1533,223.0448,0.115761,9.407682,blur|clean|jpeg
1534,220.9617,0.096727,9.778327,blur|msg_app|occlusion
1535,222.2506,0.029036,3.690576,clean|jpeg|msg_app
1536,219.6292,0.044664,6.565331,crop|downup50|occlusion
1537,224.7834,0.017313,1.907039,blur|downup50|downup50
1538,222.9077,0.137620,8.406365,blur|msg_app|occlusion
1539,226.6584,0.145390,8.994499,jpeg|crop|crop
1540,223.3253,0.013096,1.484003,occlusion|occlusion|jpeg
1541,224.4752,0.018256,2.215052,jpeg|downup50|jpeg
1542,224.5268,0.056426,5.310897,msg_app|downup50|crop
1543,225.2382,0.093003,8.617934,crop|clean|blur
1544,230.3017,0.046843,6.600591,crop|occlusion|occlusion
1545,229.8655,0.127496,10.478544,clean|msg_app|crop
1546,231.5466,0.112543,9.373306,jpeg|msg_app|blur
1547,230.2954,0.050365,6.367469,blur|crop|clean
1548,231.5936,0.100465,9.325562,msg_app|crop|msg_app
1549,229.9156,0.231861,14.278490,blur|crop|crop
1550,229.8171,0.139962,10.437504,crop|blur|jpeg
1551,230.6794,0.110136,8.343659,msg_app|msg_app|crop
1552,231.0106,0.136044,9.413859,crop|jpeg|downup50
1553,229.8135,0.044451,4.445002,jpeg|jpeg|downup50
1554,230.0802,0.012373,1.498918,blur|blur|clean
1555,230.1152,0.222878,12.084321,msg_app|jpeg|crop
1556,228.6162,0.043371,4.688319,jpeg|clean|jpeg
1557,223.9208,0.007741,0.946399,clean|clean|occlusion
1558,224.7048,0.012888,1.329566,jpeg|msg_app|downup50
1559,223.3965,0.080406,8.246059,clean|jpeg|crop
1560,223.1567,0.015500,2.150335,clean|downup50|blur
1561,224.4284,0.004695,0.676785,clean|occlusion|clean
1562,222.8952,0.119154,7.787497,crop|crop|downup50
1563,222.8823,0.132943,8.304359,msg_app|occlusion|crop
1564,222.6828,0.053540,5.102102,clean|crop|downup50
1565,223.9275,0.175324,9.812027,msg_app|crop|blur
1566,224.8427,0.159409,9.284365,crop|clean|jpeg
1567,226.1110,0.227739,9.876596,msg_app|msg_app|crop
1568,223.3400,0.134640,8.732173,clean|crop|jpeg
1569,224.5834,0.024082,2.837060,occlusion|msg_app|downup50
1570,222.5446,0.059240,5.253048,jpeg|jpeg|crop
1571,225.2047,0.019509,1.851043,blur|occlusion|clean
1572,221.1819,0.021807,1.967591,occlusion|jpeg|msg_app
1573,223.8062,0.060356,4.759418,crop|clean|downup50
1574,222.1210,0.071819,5.154751,downup50|jpeg|jpeg
1575,223.6688,0.047791,4.958979,blur|jpeg|occlusion
1576,223.4048,0.168346,8.647926,msg_app|msg_app|blur
1577,223.4382,0.012152,1.417615,occlusion|occlusion|clean
1578,223.2290,0.014027,1.511562,jpeg|downup50|occlusion
1579,223.4141,0.317425,12.764218,crop|msg_app|crop
1580,222.0776,0.021746,1.920871,clean|jpeg|blur
1581,218.6005,0.038760,3.575115,blur|jpeg|downup50
1582,218.1763,0.049055,5.903564,occlusion|blur|blur
1583,217.9652,0.224363,11.281060,downup50|msg_app|crop
1584,217.4332,0.050613,4.466412,jpeg|clean|blur
1585,217.5473,0.052481,5.962888,msg_app|occlusion|blur
1586,217.8406,0.056864,5.219632,msg_app|crop|occlusion
1587,217.9447,0.022834,2.442918,downup50|clean|msg_app
1588,218.6842,0.025258,2.690273,msg_app|msg_app|downup50
1589,217.3105,0.012716,1.223209,occlusion|blur|clean
1590,218.8948,0.077627,6.532797,occlusion|crop|downup50
1591,218.0933,0.126683,6.880285,crop|msg_app|jpeg
1592,219.8732,0.023488,2.433053,msg_app|jpeg|occlusion
1593,223.3237,0.072120,6.083770,downup50|crop|jpeg
1594,220.9312,0.037736,4.697200,clean|msg_app|blur
1595,224.4412,0.051618,5.419966,crop|jpeg|occlusion
1596,222.2495,0.147605,9.897434,blur|blur|crop
1597,225.1623,0.023208,2.700225,jpeg|occlusion|blur
1598,224.9347,0.036564,5.650688,msg_app|blur|clean
1599,225.3155,0.004668,0.515018,downup50|clean|downup50
1600,228.1741,0.083811,8.924617,clean|msg_app|occlusion
1601,228.4931,0.054185,6.246076,crop|clean|crop
1602,232.5003,0.168057,10.977898,jpeg|msg_app|crop
1603,228.8134,0.184165,11.274092,msg_app|occlusion|crop
1604,231.6571,0.146576,12.015148,occlusion|crop|msg_app
1605,229.3288,0.056925,6.934632,msg_app|crop|clean
1606,233.1536,0.062140,5.950678,crop|downup50|blur
1607,230.5615,0.016843,1.956275,clean|msg_app|jpeg
1608,230.9420,0.134915,10.227396,jpeg|occlusion|msg_app
1609,229.8592,0.019093,2.094035,clean|clean|blur
1610,229.5692,0.039883,5.526550,msg_app|blur|downup50
1611,234.4915,0.132446,11.001728,msg_app|msg_app|blur
1612,234.5284,0.158325,8.910153,msg_app|crop|downup50
1613,233.8161,0.010012,1.474996,msg_app|clean|downup50
1614,231.5968,0.031729,5.646803,msg_app|clean|downup50
1615,227.3262,0.142590,10.720329,blur|jpeg|msg_app
1616,226.6227,0.196133,10.054314,crop|msg_app|msg_app
1617,221.3993,0.154960,8.965912,jpeg|downup50|crop
1618,228.4305,0.048189,6.379691,downup50|blur|msg_app
1619,241.9722,0.038955,5.570702,crop|occlusion|blur
1620,242.8427,0.144225,9.832749,msg_app|blur|crop
1621,237.5998,0.139271,10.663411,occlusion|occlusion|crop
1622,238.9117,0.188519,14.378642,msg_app|msg_app|blur
1623,236.0733,0.048634,5.307207,jpeg|crop|jpeg
1624,239.4778,0.333743,13.642977,crop|downup50|blur
1625,238.6596,0.015242,2.123126,clean|jpeg|msg_app
1626,242.7142,0.019591,2.991116,clean|msg_app|occlusion
1627,240.7901,0.002289,0.261118,clean|clean|clean
1628,243.0999,0.046405,5.244598,jpeg|crop|blur
1629,240.3059,0.177403,10.792500,downup50|msg_app|crop
1630,243.3606,0.031939,4.005465,occlusion|blur|jpeg
1631,238.8155,0.128365,9.594354,jpeg|crop|clean
1632,241.8474,0.039642,4.476509,msg_app|blur|downup50
1633,237.3468,0.016892,2.299959,clean|clean|clean
1634,227.9717,0.359961,15.426917,occlusion|jpeg|crop
1635,226.2078,0.155783,12.748641,crop|msg_app|crop
1636,227.3653,0.002199,0.177945,occlusion|blur|downup50
1637,223.1038,0.030544,3.481777,occlusion|msg_app|downup50
1638,225.1669,0.036702,4.272687,blur|jpeg|downup50
1639,223.6003,0.038093,4.983787,jpeg|occlusion|msg_app
1640,223.4455,0.029306,3.928353,msg_app|occlusion|occlusion
1641,224.2002,0.134217,11.580468,msg_app|occlusion|downup50
1642,223.1151,0.076567,7.456080,crop|clean|jpeg
1643,223.0904,0.007188,1.289146,clean|clean|jpeg
1644,221.5038,0.251953,12.581988,crop|msg_app|downup50
1645,222.5881,0.008900,1.265025,downup50|downup50|blur
1646,221.7259,0.052700,5.473028,downup50|crop|blur
1647,222.7790,0.134137,10.237653,jpeg|crop|jpeg
1648,221.8362,0.150122,12.873386,downup50|crop|msg_app
1649,222.3287,0.026195,2.885891,occlusion|occlusion|crop
1650,222.3789,0.054310,6.316262,crop|clean|blur
1651,222.4000,0.220751,12.466032,crop|clean|jpeg
1652,222.6600,0.001077,0.079943,downup50|downup50|clean
1653,223.2308,0.014360,1.798399,occlusion|jpeg|downup50
1654,223.6214,0.003793,0.445252,downup50|occlusion|clean
1655,223.5877,0.146910,10.984180,blur|clean|crop
1656,226.0054,0.090847,7.437841,occlusion|crop|jpeg
1657,226.5847,0.075762,8.019595,clean|clean|blur
1658,226.5490,0.028459,3.515078,occlusion|msg_app|blur
1659,225.2748,0.045088,4.651485,occlusion|crop|occlusion
1660,226.7587,0.025763,2.448657,jpeg|clean|jpeg
1661,225.9072,0.114090,10.403943,occlusion|crop|occlusion
1662,227.2181,0.139739,9.670249,crop|downup50|crop
1663,225.5360,0.031272,3.717319,crop|blur|downup50
1664,228.1065,0.076731,6.346972,crop|occlusion|clean
1665,225.8628,0.185763,10.761565,blur|crop|crop
1666,227.8606,0.096651,6.638124,clean|msg_app|msg_app
1667,226.9383,0.191442,11.529237,msg_app|crop|jpeg
1668,227.3001,0.139339,8.759980,crop|occlusion|crop
1669,226.4828,0.029674,2.830330,msg_app|clean|occlusion
1670,227.2369,0.043567,3.918760,msg_app|blur|jpeg
1671,227.0200,0.022269,2.909886,blur|msg_app|downup50
1672,226.5000,0.097642,7.806575,blur|jpeg|blur
1673,227.3482,0.036986,2.938348,crop|occlusion|jpeg
1674,227.3979,0.030721,3.699477,blur|blur|downup50
1675,228.8346,0.005325,0.572689,downup50|blur|downup50
1676,225.7803,0.036023,4.311304,downup50|jpeg|occlusion
1677,228.4617,0.018561,1.993363,msg_app|jpeg|blur
1678,225.6459,0.121499,8.294370,downup50|crop|jpeg
1679,229.0360,0.029866,2.636063,occlusion|occlusion|msg_app
1680,225.9745,0.005559,0.699911,downup50|occlusion|downup50
1681,229.0404,0.157607,9.746989,blur|msg_app|crop
1682,226.8761,0.024658,3.103353,blur|jpeg|blur
1683,228.4504,0.130892,10.950170,msg_app|crop|blur
1684,226.7444,0.054952,5.627778,blur|downup50|crop
1685,227.0928,0.060924,7.302281,clean|msg_app|jpeg
1686,226.7919,0.056993,5.060348,crop|clean|jpeg
1687,227.4962,0.024893,3.401633,jpeg|jpeg|msg_app
1688,227.5556,0.015516,2.652749,clean|occlusion|occlusion
1689,228.2258,0.060541,6.933950,downup50|msg_app|blur
1690,228.5444,0.042940,5.074641,occlusion|msg_app|blur
1691,226.1647,0.148475,11.626519,msg_app|crop|jpeg
1692,226.8061,0.003715,0.540011,jpeg|downup50|downup50
1693,226.0728,0.000392,0.040352,clean|occlusion|clean
1694,225.6838,0.246162,15.508453,clean|blur|msg_app
1695,225.1943,0.105274,9.159466,blur|msg_app|crop
1696,224.9760,0.102769,8.427759,msg_app|msg_app|crop
1697,222.6624,0.013407,2.491371,occlusion|jpeg|blur
1698,225.3608,0.072406,7.605970,crop|blur|clean
1699,222.6269,0.370828,16.069664,crop|msg_app|msg_app
1700,223.3228,0.080761,6.663614,crop|clean|downup50
1701,221.3501,0.270098,14.453038,crop|jpeg|crop
1702,221.2014,0.075316,7.085132,crop|clean|crop
1703,221.7703,0.023914,2.791058,msg_app|jpeg|downup50
1704,221.1073,0.019928,3.285819,occlusion|downup50|msg_app
1705,222.3887,0.008433,0.956950,downup50|downup50|jpeg
1706,222.0168,0.088337,6.712743,blur|crop|jpeg
1707,223.1235,0.013349,1.350292,blur|jpeg|occlusion
1708,222.4031,0.061544,5.621253,downup50|crop|downup50
1709,223.2116,0.022491,2.751466,downup50|blur|msg_app
1710,223.2939,0.057910,5.081983,crop|msg_app|crop
1711,224.9394,0.050606,5.599446,msg_app|clean|jpeg
1712,222.9583,0.039829,3.940905,clean|downup50|crop
1713,224.6948,0.108800,9.012484,clean|msg_app|msg_app
1714,222.6559,0.014084,1.157101,occlusion|downup50|jpeg
1715,224.6688,0.106525,8.696014,msg_app|crop|blur
1716,224.2869,0.118973,8.796301,crop|crop|blur
1717,224.1867,0.050813,6.060760,occlusion|msg_app|crop
1718,223.4850,0.110374,8.364969,clean|occlusion|crop
1719,224.0405,0.004907,0.660883,msg_app|clean|clean
1720,223.7352,0.050484,5.504738,blur|msg_app|crop
1721,224.3993,0.034109,4.596467,blur|msg_app|msg_app
1722,223.5446,0.059717,6.312001,clean|jpeg|crop
1723,223.1368,0.222862,12.483032,crop|crop|crop
1724,226.7142,0.106864,7.850972,downup50|msg_app|crop
1725,225.2975,0.083913,8.842302,crop|blur|blur
1726,227.9315,0.251811,17.142517,jpeg|crop|crop
1727,224.5573,0.005771,0.852569,jpeg|downup50|clean
1728,227.1687,0.127315,8.713049,occlusion|downup50|crop
1729,224.6788,0.085611,6.256840,jpeg|crop|crop
1730,228.1745,0.209250,11.415714,crop|jpeg|msg_app
1731,224.8334,0.079339,8.629003,jpeg|msg_app|blur
1732,227.6397,0.154698,11.299368,jpeg|crop|clean
1733,226.5419,0.220543,10.664083,crop|blur|jpeg
1734,227.4397,0.086704,6.836918,downup50|blur|crop
1735,228.5386,0.080698,5.920307,crop|crop|blur
1736,227.3314,0.004597,0.525543,blur|clean|downup50
1737,227.3118,0.034175,3.222854,blur|clean|msg_app
1738,226.1750,0.037688,4.055925,msg_app|downup50|occlusion
1739,228.5151,0.037713,4.267128,msg_app|clean|occlusion
1740,227.4687,0.088584,6.529499,crop|jpeg|downup50
1741,229.4960,0.058854,6.005228,jpeg|msg_app|jpeg
1742,226.7310,0.103092,7.837976,clean|crop|jpeg
1743,227.2918,0.041789,4.220025,jpeg|jpeg|occlusion
1744,225.0623,0.006684,0.730795,jpeg|occlusion|clean
1745,225.3864,0.137161,9.901160,occlusion|crop|msg_app
1746,223.7192,0.042256,4.923766,occlusion|jpeg|clean
1747,226.4328,0.191640,9.040464,crop|clean|msg_app
1748,224.3052,0.126896,8.413730,occlusion|blur|crop
1749,228.2255,0.017546,2.265302,msg_app|occlusion|jpeg
1750,223.9864,0.027254,3.383378,clean|jpeg|msg_app
1751,227.6250,0.094334,7.357917,blur|msg_app|crop
1752,229.0547,0.020141,2.227067,msg_app|blur|downup50
1753,228.2516,0.250516,16.560756,msg_app|crop|blur
1754,229.1573,0.232622,10.682711,crop|occlusion|crop
1755,226.8927,0.140749,7.778332,downup50|crop|downup50
1756,228.5996,0.186497,12.107639,msg_app|crop|jpeg
1757,226.6538,0.073376,6.966067,msg_app|occlusion|blur
1758,228.3815,0.080989,7.631036,jpeg|blur|msg_app
1759,227.0696,0.087934,7.607762,crop|msg_app|occlusion
1760,234.8208,0.048716,5.710556,crop|msg_app|msg_app
1761,248.1034,0.059551,5.672746,jpeg|msg_app|clean
1762,244.2021,0.024788,2.817618,clean|clean|msg_app
1763,244.4564,0.177771,9.183224,crop|blur|crop
1764,253.2305,0.225536,9.420820,msg_app|crop|blur
1765,249.1088,0.145774,10.625089,occlusion|crop|msg_app
1766,252.4936,0.093338,7.616049,blur|clean|crop
1767,245.2483,0.072459,7.249538,msg_app|occlusion|downup50
1768,275.6570,0.031195,2.821862,crop|clean|blur
1769,277.8780,0.028688,3.045412,jpeg|msg_app|clean
1770,355.0633,0.034692,4.205677,blur|blur|occlusion
1771,353.1439,0.053622,6.694653,clean|blur|occlusion
1772,354.8563,0.088030,6.980059,blur|downup50|crop
1773,363.5207,0.040113,3.347155,msg_app|msg_app|jpeg
1774,358.7628,0.063198,5.393513,blur|occlusion|blur
1775,339.1237,0.029956,3.390385,crop|clean|msg_app
1776,336.8028,0.071595,5.660489,occlusion|crop|crop
1777,332.7461,0.021078,2.752141,downup50|jpeg|occlusion
1778,288.9128,0.077927,7.991222,blur|crop|clean
1779,300.4024,0.104726,7.323012,jpeg|crop|downup50
1780,302.3848,0.064895,6.338045,crop|msg_app|blur
1781,291.1634,0.118592,8.662744,crop|msg_app|jpeg
1782,284.4517,0.088883,8.021543,blur|crop|msg_app
1783,283.9572,0.095230,6.677356,jpeg|crop|crop
1784,284.1861,0.014200,2.740857,blur|occlusion|occlusion
1785,286.4679,0.135181,10.357342,crop|blur|downup50
1786,291.3138,0.011869,2.123219,occlusion|occlusion|blur
1787,283.6320,0.043507,5.280275,msg_app|clean|blur
1788,300.0237,0.039132,3.264504,msg_app|occlusion|msg_app
1789,292.3420,0.046823,4.666791,blur|downup50|msg_app
1790,292.3335,0.020012,2.505205,downup50|blur|clean
1791,289.5559,0.081331,6.142633,crop|jpeg|msg_app
1792,288.9025,0.017080,1.969122,clean|downup50|msg_app
1793,286.4398,0.010579,1.526130,clean|downup50|msg_app
1794,289.0602,0.163883,9.501453,downup50|jpeg|crop
1795,286.8568,0.101246,8.086316,clean|occlusion|crop
1796,286.3778,0.243914,10.972910,crop|msg_app|msg_app
1797,269.2575,0.025779,3.688438,downup50|crop|msg_app
1798,264.9472,0.002730,0.401006,blur|downup50|occlusion
1799,264.7784,0.087876,6.865968,jpeg|blur|jpeg
1800,263.7879,0.042174,5.290742,downup50|clean|crop
1801,266.6688,0.157690,9.338743,crop|occlusion|msg_app
1802,262.2716,0.075960,9.033995,occlusion|downup50|crop
1803,266.9730,0.036365,4.738203,blur|crop|blur
1804,262.7292,0.131013,11.492832,occlusion|occlusion|crop
1805,266.0207,0.060600,5.201582,clean|blur|blur
1806,263.3891,0.089783,8.515105,downup50|crop|jpeg
1807,264.7578,0.008150,1.112077,blur|occlusion|msg_app
1808,278.1226,0.016957,2.986054,clean|blur|jpeg
1809,287.2396,0.018692,2.258149,msg_app|clean|crop
1810,290.8262,0.298785,14.483734,crop|crop|blur
1811,283.7259,0.053157,5.148260,blur|crop|downup50
1812,288.7650,0.092853,8.329973,occlusion|crop|msg_app
1813,280.8551,0.009984,0.993062,downup50|jpeg|downup50
1814,281.4746,0.041705,6.359642,msg_app|blur|clean
1815,283.4952,0.019082,2.832516,occlusion|jpeg|occlusion
1816,292.0353,0.121871,10.039882,occlusion|msg_app|msg_app
1817,277.5041,0.176123,11.841602,msg_app|downup50|crop
1818,282.6924,0.025116,3.618584,msg_app|blur|clean
1819,276.9453,0.004964,0.573162,occlusion|occlusion|downup50
1820,270.2917,0.202372,10.033925,jpeg|downup50|crop
1821,228.3275,0.010620,0.881246,msg_app|downup50|occlusion
1822,228.7561,0.027158,3.159409,downup50|msg_app|msg_app
1823,227.8496,0.026839,2.231193,jpeg|msg_app|occlusion
1824,228.7121,0.098026,7.281413,crop|blur|jpeg
1825,227.8545,0.003272,0.281067,downup50|downup50|occlusion
1826,226.7236,0.097539,7.209079,clean|crop|msg_app
1827,226.3264,0.126871,8.704831,msg_app|jpeg|occlusion
1828,225.6026,0.089562,6.945538,jpeg|crop|occlusion
1829,226.2012,0.069831,5.639166,jpeg|crop|blur
1830,224.9664,0.016407,1.780569,clean|crop|downup50
1831,227.0786,0.267361,10.680313,jpeg|crop|crop
1832,224.2902,0.024053,2.510465,clean|downup50|crop
1833,226.8722,0.045645,4.851649,jpeg|msg_app|occlusion
1834,225.0859,0.157946,10.388310,jpeg|crop|crop
1835,226.1186,0.027510,3.612523,clean|blur|jpeg
1836,224.3077,0.022275,2.752779,clean|jpeg|occlusion
1837,225.9521,0.026429,3.074346,downup50|jpeg|blur
1838,223.9802,0.041800,5.100665,downup50|clean|crop
1839,227.7966,0.080110,5.439949,crop|clean|crop
1840,225.9686,0.024675,2.730411,crop|clean|downup50
1841,227.8468,0.066412,4.661391,jpeg|occlusion|crop
1842,225.9770,0.109813,9.127771,occlusion|msg_app|msg_app
1843,226.2168,0.088547,7.903301,msg_app|msg_app|clean
1844,227.6645,0.150828,12.026719,crop|msg_app|occlusion
1845,226.4516,0.041227,4.267382,msg_app|jpeg|downup50
1846,230.6116,0.013834,1.975910,downup50|clean|jpeg
1847,229.0502,0.016461,1.808573,downup50|msg_app|occlusion
1848,233.0498,0.004300,0.369780,occlusion|blur|downup50
1849,230.2268,0.054646,4.429313,msg_app|msg_app|crop
1850,232.1184,0.049289,4.543824,crop|msg_app|msg_app
1851,230.4461,0.006130,0.583672,downup50|clean|blur
1852,232.1965,0.082177,6.338696,crop|msg_app|clean
1853,229.6279,0.132379,9.453681,crop|msg_app|clean
1854,230.9712,0.064136,5.319629,downup50|jpeg|downup50
1855,227.6737,0.029443,3.468228,jpeg|jpeg|clean
1856,229.3074,0.059485,6.081268,downup50|crop|downup50
1857,227.3416,0.006463,0.664312,clean|blur|blur
1858,228.9286,0.018854,3.411757,clean|msg_app|clean
1859,227.9879,0.008436,1.484758,clean|blur|occlusion
1860,229.3762,0.046510,6.177709,blur|downup50|jpeg
1861,225.3258,0.132802,9.897894,crop|crop|blur
1862,225.7434,0.014886,1.562012,jpeg|blur|jpeg
1863,223.7115,0.054249,6.224822,downup50|blur|msg_app
1864,223.9593,0.048878,6.158229,clean|msg_app|msg_app
1865,222.7491,0.070510,7.978830,blur|blur|jpeg
1866,221.6029,0.126173,11.160893,blur|crop|occlusion
1867,223.4275,0.026499,3.271555,msg_app|jpeg|msg_app
1868,222.6558,0.003707,0.532468,clean|occlusion|downup50
1869,222.1084,0.029652,3.192550,blur|downup50|crop
1870,223.2648,0.028409,4.117180,jpeg|downup50|jpeg
1871,224.5667,0.110951,8.600196,crop|occlusion|clean
1872,226.6628,0.072245,6.318409,msg_app|crop|clean
1873,224.2699,0.015176,2.710887,msg_app|clean|clean
1874,225.4372,0.016831,2.108400,jpeg|msg_app|msg_app
1875,227.5219,0.125339,8.677101,crop|crop|blur
1876,226.3936,0.273365,11.685178,crop|occlusion|jpeg
1877,228.6529,0.142192,11.641904,crop|blur|blur
1878,227.8200,0.033929,4.829674,occlusion|crop|msg_app
1879,227.1946,0.018046,1.886434,jpeg|jpeg|jpeg
1880,226.2089,0.025335,4.063453,occlusion|msg_app|occlusion
1881,226.9393,0.009256,1.193751,blur|occlusion|clean
1882,226.5213,0.003989,0.444822,clean|jpeg|downup50
1883,225.7713,0.166442,10.193429,crop|crop|downup50
1884,227.8479,0.217296,9.012500,msg_app|jpeg|crop
1885,225.7951,0.014944,2.108291,jpeg|clean|downup50
1886,226.5948,0.017505,3.015566,occlusion|downup50|clean
1887,224.5297,0.080874,7.975215,blur|msg_app|crop
1888,223.4968,0.117242,9.835108,blur|msg_app|crop
1889,221.2033,0.045117,6.082314,blur|clean|msg_app
1890,222.8192,0.060169,6.652236,blur|downup50|crop
1891,221.3418,0.235437,11.526607,clean|clean|crop
1892,222.5063,0.176015,12.131131,occlusion|crop|jpeg
1893,221.7176,0.037255,6.005212,blur|jpeg|clean
1894,222.2123,0.223389,16.940170,jpeg|crop|clean
1895,222.5333,0.107398,7.145417,clean|crop|msg_app
1896,222.1362,0.152169,8.759326,clean|occlusion|crop
1897,224.8886,0.013114,1.638972,downup50|jpeg|clean
1898,223.5464,0.007034,0.903784,downup50|blur|jpeg
1899,226.4643,0.198728,10.299066,crop|jpeg|crop
1900,224.6280,0.057468,5.854826,blur|jpeg|blur
1901,228.0395,0.030284,3.546309,clean|blur|jpeg
1902,226.2007,0.044767,4.749906,occlusion|msg_app|jpeg
1903,229.3836,0.079036,5.978801,blur|crop|jpeg
1904,227.4838,0.094857,7.677160,crop|jpeg|clean
1905,230.2484,0.055754,5.576993,jpeg|jpeg|downup50
1906,229.3437,0.051946,4.480030,msg_app|msg_app|jpeg
1907,231.7423,0.092885,7.737491,occlusion|crop|jpeg
1908,230.0476,0.083215,6.208480,blur|blur|crop
1909,230.2314,0.019494,2.899694,occlusion|occlusion|clean
1910,228.9151,0.060269,6.297681,downup50|blur|jpeg
1911,231.4082,0.128314,7.044899,downup50|crop|crop
1912,226.8989,0.077640,6.164577,jpeg|msg_app|crop
1913,228.2696,0.021110,3.373528,blur|blur|jpeg
1914,223.8659,0.063471,6.973067,jpeg|downup50|jpeg
1915,224.3550,0.102181,7.067194,crop|jpeg|jpeg
1916,224.7833,0.010475,1.338326,clean|jpeg|jpeg
1917,224.8695,0.292521,15.082193,crop|crop|clean
1918,225.7148,0.006121,0.666914,occlusion|msg_app|occlusion
1919,225.3887,0.054955,6.566523,msg_app|msg_app|blur
1920,226.1956,0.053870,5.452831,blur|crop|blur
1921,225.3741,0.049408,5.167918,clean|jpeg|crop
1922,225.9368,0.069625,6.274326,clean|crop|msg_app
1923,225.9078,0.018378,2.333847,msg_app|downup50|clean
1924,225.2094,0.262430,8.677916,crop|crop|msg_app
1925,223.2579,0.104451,10.599197,jpeg|msg_app|downup50
1926,225.2940,0.003377,0.546159,clean|occlusion|clean
1927,223.6183,0.139995,11.545193,blur|crop|crop
1928,224.0260,0.038687,4.718102,occlusion|blur|msg_app
1929,223.0114,0.127765,9.076077,crop|clean|crop
1930,224.8494,0.309874,10.418580,msg_app|crop|downup50
1931,226.0938,0.147692,8.608148,crop|crop|msg_app
1932,224.6713,0.023480,3.380972,downup50|jpeg|blur
1933,227.2212,0.069749,6.598945,crop|crop|downup50
1934,225.4849,0.050247,4.935025,crop|jpeg|crop
1935,226.8889,0.006696,1.018979,jpeg|occlusion|clean
1936,225.6904,0.017974,2.797024,blur|jpeg|downup50
1937,226.6137,0.052840,5.034329,crop|downup50|crop
1938,224.9614,0.025222,3.445266,blur|msg_app|msg_app
1939,224.9951,0.099800,8.353255,crop|msg_app|blur
1940,224.7409,0.037348,5.520775,downup50|jpeg|jpeg
1941,224.3836,0.112215,7.744548,jpeg|downup50|crop
1942,222.4601,0.164370,8.600166,crop|occlusion|clean
1943,223.7437,0.065594,6.274969,blur|jpeg|crop
1944,222.1766,0.207325,13.888737,jpeg|occlusion|crop
1945,223.4551,0.020747,2.116266,jpeg|downup50|msg_app
1946,223.6903,0.022450,3.133333,clean|downup50|crop
1947,224.6129,0.076855,7.097688,jpeg|blur|clean
1948,223.7366,0.122228,7.875960,msg_app|blur|crop
1949,222.6552,0.158891,12.305667,jpeg|crop|occlusion
1950,224.1636,0.107470,6.707414,crop|clean|msg_app
1951,223.0739,0.055611,5.891998,crop|crop|occlusion
1952,224.0725,0.085824,7.876024,clean|jpeg|msg_app
1953,225.4743,0.141622,7.882449,jpeg|crop|blur
1954,225.1520,0.028193,3.586278,msg_app|downup50|occlusion
1955,223.5385,0.051097,5.222548,msg_app|clean|crop
1956,222.6957,0.128628,8.384685,jpeg|crop|occlusion
1957,219.8564,0.085896,7.591353,blur|msg_app|clean
1958,220.1207,0.180728,13.852987,jpeg|jpeg|msg_app
1959,220.5248,0.130505,10.284658,crop|occlusion|msg_app
1960,220.2453,0.242929,11.778622,downup50|crop|crop
1961,221.0909,0.196811,10.916665,crop|msg_app|downup50
1962,221.1547,0.112517,7.951106,clean|jpeg|msg_app
1963,222.3608,0.054980,6.400273,clean|msg_app|downup50
1964,222.4810,0.044008,5.696832,clean|jpeg|msg_app
1965,223.8715,0.047339,5.066822,clean|crop|downup50
1966,223.9295,0.040513,4.391330,jpeg|msg_app|jpeg
1967,227.6709,0.120124,9.244868,crop|downup50|blur
1968,224.5847,0.304572,18.097781,msg_app|jpeg|blur
1969,227.4325,0.099728,8.441044,crop|blur|occlusion
1970,224.9731,0.033327,3.763553,msg_app|clean|jpeg
1971,228.4152,0.015625,1.565413,jpeg|clean|msg_app
1972,227.1106,0.089918,6.319234,crop|msg_app|crop
1973,228.7880,0.100565,7.484335,occlusion|crop|blur
1974,229.4304,0.247383,10.059691,crop|clean|clean
1975,229.3020,0.029151,3.622702,occlusion|blur|blur
1976,230.1950,0.042441,3.536872,downup50|crop|msg_app
1977,229.4650,0.214169,9.248060,crop|jpeg|downup50
1978,229.4382,0.033833,3.761859,clean|jpeg|msg_app
1979,227.8296,0.002047,0.183434,clean|downup50|occlusion
1980,228.8597,0.058499,4.827778,msg_app|msg_app|occlusion
1981,227.0442,0.126321,7.787189,msg_app|crop|blur
1982,224.5719,0.047062,4.112180,occlusion|crop|jpeg
1983,224.5711,0.086037,5.834343,msg_app|blur|jpeg
1984,225.0545,0.029220,2.168170,crop|blur|downup50
1985,223.3075,0.096457,5.054627,crop|clean|blur
1986,222.6063,0.224944,8.360027,crop|occlusion|clean
1987,222.0069,0.100884,6.843260,clean|crop|crop
1988,222.1799,0.142456,6.769199,blur|crop|occlusion
1989,220.9139,0.115651,8.069946,msg_app|occlusion|occlusion
1990,222.0652,0.137669,8.075762,msg_app|msg_app|crop
1991,227.8052,0.105828,5.689499,crop|msg_app|jpeg
1992,222.0849,0.114152,6.510303,crop|clean|crop
1993,222.2423,0.224556,8.940116,crop|crop|msg_app
1994,222.3597,0.014038,1.168444,msg_app|jpeg|downup50
1995,224.3445,0.011562,1.268775,downup50|downup50|clean
1996,221.9540,0.115651,7.293284,msg_app|crop|jpeg
1997,226.2880,0.070666,6.046875,clean|msg_app|clean
1998,225.0962,0.099467,7.162621,downup50|crop|msg_app
1999,226.3492,0.076000,5.449173,crop|crop|clean
2000,225.0741,0.103389,6.474236,crop|msg_app|msg_app
